solid uav
   facet normal 0.000000e+00 1.000000e+00 0.000000e+00
      outer loop
         vertex 3.834505e+00 1.500000e+00 3.906250e-03
         vertex 3.912630e+00 1.500000e+00 0.000000e+00
         vertex 3.812630e+00 1.500000e+00 0.000000e+00
      endloop
   endfacet
   facet normal 0.000000e+00 1.000000e+00 0.000000e+00
      outer loop
         vertex 3.834505e+00 1.500000e+00 3.906250e-03
         vertex 3.812630e+00 1.500000e+00 0.000000e+00
         vertex 3.814193e+00 1.500000e+00 4.921875e-03
      endloop
   endfacet
   facet normal 0.000000e+00 1.000000e+00 0.000000e+00
      outer loop
         vertex 3.712630e+00 1.500000e+00 0.000000e+00
         vertex 3.811068e+00 1.500000e+00 4.921875e-03
         vertex 3.812630e+00 1.500000e+00 0.000000e+00
      endloop
   endfacet
   facet normal 0.000000e+00 1.000000e+00 -0.000000e+00
      outer loop
         vertex 3.812630e+00 1.500000e+00 0.000000e+00
         vertex 3.811068e+00 1.500000e+00 4.921875e-03
         vertex 3.812630e+00 1.500000e+00 5.000000e-03
      endloop
   endfacet
   facet normal 0.000000e+00 1.000000e+00 0.000000e+00
      outer loop
         vertex 3.812630e+00 1.500000e+00 0.000000e+00
         vertex 3.812630e+00 1.500000e+00 5.000000e-03
         vertex 3.814193e+00 1.500000e+00 4.921875e-03
      endloop
   endfacet
   facet normal 0.000000e+00 1.000000e+00 -0.000000e+00
      outer loop
         vertex 3.800130e+00 1.500000e+00 -4.375000e-03
         vertex 3.712630e+00 1.500000e+00 0.000000e+00
         vertex 3.812630e+00 1.500000e+00 0.000000e+00
      endloop
   endfacet
   facet normal 0.000000e+00 1.000000e+00 0.000000e+00
      outer loop
         vertex 3.912630e+00 1.500000e+00 0.000000e+00
         vertex 3.814193e+00 1.500000e+00 -4.921875e-03
         vertex 3.812630e+00 1.500000e+00 0.000000e+00
      endloop
   endfacet
   facet normal 0.000000e+00 1.000000e+00 0.000000e+00
      outer loop
         vertex 3.812630e+00 1.500000e+00 0.000000e+00
         vertex 3.814193e+00 1.500000e+00 -4.921875e-03
         vertex 3.812630e+00 1.500000e+00 -5.000000e-03
      endloop
   endfacet
   facet normal 0.000000e+00 1.000000e+00 0.000000e+00
      outer loop
         vertex 3.812630e+00 1.500000e+00 0.000000e+00
         vertex 3.812630e+00 1.500000e+00 -5.000000e-03
         vertex 3.800130e+00 1.500000e+00 -4.375000e-03
      endloop
   endfacet
   facet normal -3.888455e-02 9.624263e-02 9.945981e-01
      outer loop
         vertex 3.178190e+00 7.500000e-01 5.167969e-02
         vertex 1.856315e+00 7.500000e-01 0.000000e+00
         vertex 0.000000e+00 0.000000e+00 0.000000e+00
      endloop
   endfacet
   facet normal -3.888455e-02 9.624263e-02 9.945981e-01
      outer loop
         vertex 1.856315e+00 7.500000e-01 0.000000e+00
         vertex 3.178190e+00 7.500000e-01 5.167969e-02
         vertex 2.784473e+00 1.125000e+00 0.000000e+00
      endloop
   endfacet
   facet normal -3.847213e-02 9.447103e-02 9.947840e-01
      outer loop
         vertex 2.545312e+00 0.000000e+00 9.843750e-02
         vertex 2.585714e+00 0.000000e+00 1.000000e-01
         vertex 3.199172e+00 7.500000e-01 5.250000e-02
      endloop
   endfacet
   facet normal 7.053033e-02 5.484808e-03 9.974946e-01
      outer loop
         vertex 3.199172e+00 7.500000e-01 5.250000e-02
         vertex 2.585714e+00 0.000000e+00 1.000000e-01
         vertex 2.607812e+00 0.000000e+00 9.843750e-02
      endloop
   endfacet
   facet normal 7.052988e-02 5.485162e-03 9.974946e-01
      outer loop
         vertex 2.607812e+00 0.000000e+00 9.843750e-02
         vertex 2.895089e+00 0.000000e+00 7.812500e-02
         vertex 3.199172e+00 7.500000e-01 5.250000e-02
      endloop
   endfacet
   facet normal 6.917244e-02 6.038667e-03 9.975864e-01
      outer loop
         vertex 3.199172e+00 7.500000e-01 5.250000e-02
         vertex 2.895089e+00 0.000000e+00 7.812500e-02
         vertex 3.211003e+00 7.500000e-01 5.167969e-02
      endloop
   endfacet
   facet normal 6.917221e-02 6.561051e-03 9.975832e-01
      outer loop
         vertex 3.199172e+00 7.500000e-01 5.250000e-02
         vertex 3.211003e+00 7.500000e-01 5.167969e-02
         vertex 3.512598e+00 1.125000e+00 2.830078e-02
      endloop
   endfacet
   facet normal 4.993741e-02 2.908685e-03 9.987481e-01
      outer loop
         vertex 3.912630e+00 1.500000e+00 0.000000e+00
         vertex 3.834505e+00 1.500000e+00 3.906250e-03
         vertex 3.934473e+00 1.125000e+00 0.000000e+00
      endloop
   endfacet
   facet normal 6.693104e-02 7.449454e-03 9.977298e-01
      outer loop
         vertex 3.934473e+00 1.125000e+00 0.000000e+00
         vertex 3.834505e+00 1.500000e+00 3.906250e-03
         vertex 3.512598e+00 1.125000e+00 2.830078e-02
      endloop
   endfacet
   facet normal 6.693239e-02 3.898542e-03 9.977499e-01
      outer loop
         vertex 3.934473e+00 1.125000e+00 0.000000e+00
         vertex 3.512598e+00 1.125000e+00 2.830078e-02
         vertex 3.956315e+00 7.500000e-01 0.000000e+00
      endloop
   endfacet
   facet normal 6.917204e-02 6.561187e-03 9.975832e-01
      outer loop
         vertex 3.956315e+00 7.500000e-01 0.000000e+00
         vertex 3.512598e+00 1.125000e+00 2.830078e-02
         vertex 3.211003e+00 7.500000e-01 5.167969e-02
      endloop
   endfacet
   facet normal 6.917297e-02 4.029091e-03 9.975965e-01
      outer loop
         vertex 3.956315e+00 7.500000e-01 0.000000e+00
         vertex 3.211003e+00 7.500000e-01 5.167969e-02
         vertex 4.000000e+00 0.000000e+00 0.000000e+00
      endloop
   endfacet
   facet normal 7.052993e-02 5.463631e-03 9.974947e-01
      outer loop
         vertex 4.000000e+00 0.000000e+00 0.000000e+00
         vertex 3.211003e+00 7.500000e-01 5.167969e-02
         vertex 2.895089e+00 0.000000e+00 7.812500e-02
      endloop
   endfacet
   facet normal -4.967212e-02 1.038445e-01 9.933524e-01
      outer loop
         vertex 3.812630e+00 1.500000e+00 5.000000e-03
         vertex 3.811068e+00 1.500000e+00 4.921875e-03
         vertex 3.178190e+00 7.500000e-01 5.167969e-02
      endloop
   endfacet
   facet normal -4.966763e-02 1.038407e-01 9.933530e-01
      outer loop
         vertex 3.178190e+00 7.500000e-01 5.167969e-02
         vertex 3.811068e+00 1.500000e+00 4.921875e-03
         vertex 3.712630e+00 1.500000e+00 0.000000e+00
      endloop
   endfacet
   facet normal -3.888455e-02 9.624263e-02 9.945981e-01
      outer loop
         vertex 3.178190e+00 7.500000e-01 5.167969e-02
         vertex 3.712630e+00 1.500000e+00 0.000000e+00
         vertex 2.784473e+00 1.125000e+00 0.000000e+00
      endloop
   endfacet
   facet normal -3.847227e-02 9.448282e-02 9.947828e-01
      outer loop
         vertex 0.000000e+00 0.000000e+00 0.000000e+00
         vertex 2.545312e+00 0.000000e+00 9.843750e-02
         vertex 3.178190e+00 7.500000e-01 5.167969e-02
      endloop
   endfacet
   facet normal -3.889006e-02 9.483229e-02 9.947333e-01
      outer loop
         vertex 3.178190e+00 7.500000e-01 5.167969e-02
         vertex 2.545312e+00 0.000000e+00 9.843750e-02
         vertex 3.199172e+00 7.500000e-01 5.250000e-02
      endloop
   endfacet
   facet normal -3.889015e-02 9.480987e-02 9.947355e-01
      outer loop
         vertex 3.178190e+00 7.500000e-01 5.167969e-02
         vertex 3.199172e+00 7.500000e-01 5.250000e-02
         vertex 3.812630e+00 1.500000e+00 5.000000e-03
      endloop
   endfacet
   facet normal 6.692892e-02 8.444955e-03 9.977220e-01
      outer loop
         vertex 3.812630e+00 1.500000e+00 5.000000e-03
         vertex 3.199172e+00 7.500000e-01 5.250000e-02
         vertex 3.512598e+00 1.125000e+00 2.830078e-02
      endloop
   endfacet
   facet normal 4.992233e-02 2.210057e-02 9.985086e-01
      outer loop
         vertex 3.812630e+00 1.500000e+00 5.000000e-03
         vertex 3.512598e+00 1.125000e+00 2.830078e-02
         vertex 3.814193e+00 1.500000e+00 4.921875e-03
      endloop
   endfacet
   facet normal 4.992530e-02 2.209817e-02 9.985085e-01
      outer loop
         vertex 3.814193e+00 1.500000e+00 4.921875e-03
         vertex 3.512598e+00 1.125000e+00 2.830078e-02
         vertex 3.834505e+00 1.500000e+00 3.906250e-03
      endloop
   endfacet
   facet normal 6.917297e-02 4.029047e-03 -9.975965e-01
      outer loop
         vertex 3.934473e+00 1.125000e+00 0.000000e+00
         vertex 3.956315e+00 7.500000e-01 0.000000e+00
         vertex 3.211003e+00 7.500000e-01 -5.167969e-02
      endloop
   endfacet
   facet normal -3.888984e-02 9.483207e-02 -9.947334e-01
      outer loop
         vertex 3.178190e+00 7.500000e-01 -5.167969e-02
         vertex 1.856315e+00 7.500000e-01 0.000000e+00
         vertex 3.494629e+00 1.125000e+00 -2.830078e-02
      endloop
   endfacet
   facet normal -3.962788e-02 9.808244e-02 -9.943890e-01
      outer loop
         vertex 3.494629e+00 1.125000e+00 -2.830078e-02
         vertex 1.856315e+00 7.500000e-01 0.000000e+00
         vertex 2.784473e+00 1.125000e+00 0.000000e+00
      endloop
   endfacet
   facet normal 6.917295e-02 4.029090e-03 -9.975965e-01
      outer loop
         vertex 3.934473e+00 1.125000e+00 0.000000e+00
         vertex 3.211003e+00 7.500000e-01 -5.167969e-02
         vertex 3.912630e+00 1.500000e+00 0.000000e+00
      endloop
   endfacet
   facet normal -3.962788e-02 9.808244e-02 -9.943890e-01
      outer loop
         vertex 2.784473e+00 1.125000e+00 0.000000e+00
         vertex 3.712630e+00 1.500000e+00 0.000000e+00
         vertex 3.494629e+00 1.125000e+00 -2.830078e-02
      endloop
   endfacet
   facet normal -4.966760e-02 1.038407e-01 -9.933530e-01
      outer loop
         vertex 3.494629e+00 1.125000e+00 -2.830078e-02
         vertex 3.712630e+00 1.500000e+00 0.000000e+00
         vertex 3.800130e+00 1.500000e+00 -4.375000e-03
      endloop
   endfacet
   facet normal -4.966839e-02 1.038414e-01 -9.933529e-01
      outer loop
         vertex 3.494629e+00 1.125000e+00 -2.830078e-02
         vertex 3.800130e+00 1.500000e+00 -4.375000e-03
         vertex 3.812630e+00 1.500000e+00 -5.000000e-03
      endloop
   endfacet
   facet normal -3.889006e-02 9.483226e-02 -9.947333e-01
      outer loop
         vertex 3.178190e+00 7.500000e-01 -5.167969e-02
         vertex 3.494629e+00 1.125000e+00 -2.830078e-02
         vertex 3.199172e+00 7.500000e-01 -5.250000e-02
      endloop
   endfacet
   facet normal -3.963820e-02 9.541619e-02 -9.946480e-01
      outer loop
         vertex 3.199172e+00 7.500000e-01 -5.250000e-02
         vertex 3.494629e+00 1.125000e+00 -2.830078e-02
         vertex 3.812630e+00 1.500000e+00 -5.000000e-03
      endloop
   endfacet
   facet normal 6.917219e-02 6.601275e-03 -9.975829e-01
      outer loop
         vertex 3.199172e+00 7.500000e-01 -5.250000e-02
         vertex 3.812630e+00 1.500000e+00 -5.000000e-03
         vertex 3.211003e+00 7.500000e-01 -5.167969e-02
      endloop
   endfacet
   facet normal 4.992233e-02 2.210055e-02 -9.985086e-01
      outer loop
         vertex 3.211003e+00 7.500000e-01 -5.167969e-02
         vertex 3.812630e+00 1.500000e+00 -5.000000e-03
         vertex 3.814193e+00 1.500000e+00 -4.921875e-03
      endloop
   endfacet
   facet normal 4.992540e-02 2.209808e-02 -9.985085e-01
      outer loop
         vertex 3.211003e+00 7.500000e-01 -5.167969e-02
         vertex 3.814193e+00 1.500000e+00 -4.921875e-03
         vertex 3.912630e+00 1.500000e+00 0.000000e+00
      endloop
   endfacet
   facet normal 6.917297e-02 4.029091e-03 -9.975965e-01
      outer loop
         vertex 3.956315e+00 7.500000e-01 0.000000e+00
         vertex 4.000000e+00 0.000000e+00 0.000000e+00
         vertex 3.211003e+00 7.500000e-01 -5.167969e-02
      endloop
   endfacet
   facet normal 7.052993e-02 5.463622e-03 -9.974947e-01
      outer loop
         vertex 3.211003e+00 7.500000e-01 -5.167969e-02
         vertex 4.000000e+00 0.000000e+00 0.000000e+00
         vertex 2.607812e+00 0.000000e+00 -9.843750e-02
      endloop
   endfacet
   facet normal 6.917221e-02 6.561083e-03 -9.975832e-01
      outer loop
         vertex 3.211003e+00 7.500000e-01 -5.167969e-02
         vertex 2.607812e+00 0.000000e+00 -9.843750e-02
         vertex 3.199172e+00 7.500000e-01 -5.250000e-02
      endloop
   endfacet
   facet normal 7.053033e-02 5.484808e-03 -9.974946e-01
      outer loop
         vertex 3.199172e+00 7.500000e-01 -5.250000e-02
         vertex 2.607812e+00 0.000000e+00 -9.843750e-02
         vertex 2.585714e+00 0.000000e+00 -1.000000e-01
      endloop
   endfacet
   facet normal -3.889015e-02 9.480987e-02 -9.947355e-01
      outer loop
         vertex 3.199172e+00 7.500000e-01 -5.250000e-02
         vertex 2.585714e+00 0.000000e+00 -1.000000e-01
         vertex 3.178190e+00 7.500000e-01 -5.167969e-02
      endloop
   endfacet
   facet normal -3.847209e-02 9.448267e-02 -9.947829e-01
      outer loop
         vertex 3.178190e+00 7.500000e-01 -5.167969e-02
         vertex 2.585714e+00 0.000000e+00 -1.000000e-01
         vertex 2.545312e+00 0.000000e+00 -9.843750e-02
      endloop
   endfacet
   facet normal -3.888984e-02 9.483210e-02 -9.947334e-01
      outer loop
         vertex 3.178190e+00 7.500000e-01 -5.167969e-02
         vertex 2.545312e+00 0.000000e+00 -9.843750e-02
         vertex 1.856315e+00 7.500000e-01 0.000000e+00
      endloop
   endfacet
   facet normal -3.846959e-02 9.521551e-02 -9.947131e-01
      outer loop
         vertex 1.856315e+00 7.500000e-01 0.000000e+00
         vertex 2.545312e+00 0.000000e+00 -9.843750e-02
         vertex 2.020089e+00 0.000000e+00 -7.812500e-02
      endloop
   endfacet
   facet normal -3.846956e-02 9.521551e-02 -9.947131e-01
      outer loop
         vertex 1.856315e+00 7.500000e-01 0.000000e+00
         vertex 2.020089e+00 0.000000e+00 -7.812500e-02
         vertex 0.000000e+00 0.000000e+00 0.000000e+00
      endloop
   endfacet
   facet normal 0.000000e+00 -1.000000e+00 0.000000e+00
      outer loop
         vertex 2.895089e+00 0.000000e+00 -1.279359e-17
         vertex 4.000000e+00 0.000000e+00 0.000000e+00
         vertex 2.895089e+00 0.000000e+00 7.812500e-02
      endloop
   endfacet
   facet normal -0.000000e+00 -1.000000e+00 0.000000e+00
      outer loop
         vertex 2.895089e+00 0.000000e+00 -1.279359e-17
         vertex 2.895089e+00 0.000000e+00 7.812500e-02
         vertex 2.607812e+00 0.000000e+00 -1.387779e-17
      endloop
   endfacet
   facet normal 0.000000e+00 -1.000000e+00 0.000000e+00
      outer loop
         vertex 2.607812e+00 0.000000e+00 -1.387779e-17
         vertex 2.895089e+00 0.000000e+00 7.812500e-02
         vertex 2.607812e+00 0.000000e+00 9.843750e-02
      endloop
   endfacet
   facet normal 0.000000e+00 -1.000000e+00 0.000000e+00
      outer loop
         vertex 2.607812e+00 0.000000e+00 -1.387779e-17
         vertex 2.607812e+00 0.000000e+00 9.843750e-02
         vertex 2.585714e+00 0.000000e+00 0.000000e+00
      endloop
   endfacet
   facet normal 0.000000e+00 -1.000000e+00 0.000000e+00
      outer loop
         vertex 2.585714e+00 0.000000e+00 0.000000e+00
         vertex 2.607812e+00 0.000000e+00 9.843750e-02
         vertex 2.585714e+00 0.000000e+00 1.000000e-01
      endloop
   endfacet
   facet normal 0.000000e+00 -1.000000e+00 0.000000e+00
      outer loop
         vertex 2.585714e+00 0.000000e+00 0.000000e+00
         vertex 2.585714e+00 0.000000e+00 1.000000e-01
         vertex 2.545312e+00 0.000000e+00 6.938894e-18
      endloop
   endfacet
   facet normal 0.000000e+00 -1.000000e+00 0.000000e+00
      outer loop
         vertex 2.545312e+00 0.000000e+00 6.938894e-18
         vertex 2.585714e+00 0.000000e+00 1.000000e-01
         vertex 2.545312e+00 0.000000e+00 9.843750e-02
      endloop
   endfacet
   facet normal -0.000000e+00 -1.000000e+00 0.000000e+00
      outer loop
         vertex 2.545312e+00 0.000000e+00 6.938894e-18
         vertex 2.545312e+00 0.000000e+00 9.843750e-02
         vertex 0.000000e+00 0.000000e+00 0.000000e+00
      endloop
   endfacet
   facet normal 0.000000e+00 -1.000000e+00 0.000000e+00
      outer loop
         vertex 0.000000e+00 0.000000e+00 0.000000e+00
         vertex 2.020089e+00 0.000000e+00 -7.812500e-02
         vertex 2.545312e+00 0.000000e+00 6.938894e-18
      endloop
   endfacet
   facet normal 0.000000e+00 -1.000000e+00 -0.000000e+00
      outer loop
         vertex 2.545312e+00 0.000000e+00 6.938894e-18
         vertex 2.020089e+00 0.000000e+00 -7.812500e-02
         vertex 2.545312e+00 0.000000e+00 -9.843750e-02
      endloop
   endfacet
   facet normal 0.000000e+00 -1.000000e+00 0.000000e+00
      outer loop
         vertex 2.545312e+00 0.000000e+00 6.938894e-18
         vertex 2.545312e+00 0.000000e+00 -9.843750e-02
         vertex 2.585714e+00 0.000000e+00 0.000000e+00
      endloop
   endfacet
   facet normal 0.000000e+00 -1.000000e+00 -0.000000e+00
      outer loop
         vertex 2.585714e+00 0.000000e+00 0.000000e+00
         vertex 2.545312e+00 0.000000e+00 -9.843750e-02
         vertex 2.585714e+00 0.000000e+00 -1.000000e-01
      endloop
   endfacet
   facet normal 0.000000e+00 -1.000000e+00 0.000000e+00
      outer loop
         vertex 2.585714e+00 0.000000e+00 0.000000e+00
         vertex 2.585714e+00 0.000000e+00 -1.000000e-01
         vertex 2.607812e+00 0.000000e+00 -1.387779e-17
      endloop
   endfacet
   facet normal 0.000000e+00 -1.000000e+00 -0.000000e+00
      outer loop
         vertex 2.607812e+00 0.000000e+00 -1.387779e-17
         vertex 2.585714e+00 0.000000e+00 -1.000000e-01
         vertex 2.607812e+00 0.000000e+00 -9.843750e-02
      endloop
   endfacet
   facet normal 0.000000e+00 -1.000000e+00 0.000000e+00
      outer loop
         vertex 2.607812e+00 0.000000e+00 -1.387779e-17
         vertex 2.607812e+00 0.000000e+00 -9.843750e-02
         vertex 2.895089e+00 0.000000e+00 -1.279359e-17
      endloop
   endfacet
   facet normal 0.000000e+00 -1.000000e+00 -0.000000e+00
      outer loop
         vertex 2.895089e+00 0.000000e+00 -1.279359e-17
         vertex 2.607812e+00 0.000000e+00 -9.843750e-02
         vertex 4.000000e+00 0.000000e+00 0.000000e+00
      endloop
   endfacet
   facet normal 0.000000e+00 -1.000000e+00 0.000000e+00
      outer loop
         vertex 3.812630e+00 -1.500000e+00 5.000000e-03
         vertex 3.812630e+00 -1.500000e+00 0.000000e+00
         vertex 3.912630e+00 -1.500000e+00 0.000000e+00
      endloop
   endfacet
   facet normal 0.000000e+00 -1.000000e+00 -0.000000e+00
      outer loop
         vertex 3.812630e+00 -1.500000e+00 5.000000e-03
         vertex 3.811068e+00 -1.500000e+00 4.921875e-03
         vertex 3.812630e+00 -1.500000e+00 0.000000e+00
      endloop
   endfacet
   facet normal 0.000000e+00 -1.000000e+00 0.000000e+00
      outer loop
         vertex 3.812630e+00 -1.500000e+00 0.000000e+00
         vertex 3.811068e+00 -1.500000e+00 4.921875e-03
         vertex 3.790755e+00 -1.500000e+00 3.906250e-03
      endloop
   endfacet
   facet normal 0.000000e+00 -1.000000e+00 0.000000e+00
      outer loop
         vertex 3.812630e+00 -1.500000e+00 0.000000e+00
         vertex 3.790755e+00 -1.500000e+00 3.906250e-03
         vertex 3.712630e+00 -1.500000e+00 0.000000e+00
      endloop
   endfacet
   facet normal 0.000000e+00 -1.000000e+00 0.000000e+00
      outer loop
         vertex 3.812630e+00 -1.500000e+00 -5.000000e-03
         vertex 3.812630e+00 -1.500000e+00 0.000000e+00
         vertex 3.712630e+00 -1.500000e+00 0.000000e+00
      endloop
   endfacet
   facet normal 0.000000e+00 -1.000000e+00 0.000000e+00
      outer loop
         vertex 3.812630e+00 -1.500000e+00 -5.000000e-03
         vertex 3.814193e+00 -1.500000e+00 -4.921875e-03
         vertex 3.812630e+00 -1.500000e+00 0.000000e+00
      endloop
   endfacet
   facet normal 0.000000e+00 -1.000000e+00 0.000000e+00
      outer loop
         vertex 3.812630e+00 -1.500000e+00 0.000000e+00
         vertex 3.814193e+00 -1.500000e+00 -4.921875e-03
         vertex 3.825130e+00 -1.500000e+00 -4.375000e-03
      endloop
   endfacet
   facet normal 0.000000e+00 -1.000000e+00 0.000000e+00
      outer loop
         vertex 3.812630e+00 -1.500000e+00 0.000000e+00
         vertex 3.825130e+00 -1.500000e+00 -4.375000e-03
         vertex 3.912630e+00 -1.500000e+00 0.000000e+00
      endloop
   endfacet
   facet normal -3.888984e-02 -9.483207e-02 9.947334e-01
      outer loop
         vertex 3.494629e+00 -1.125000e+00 2.830078e-02
         vertex 3.178190e+00 -7.500000e-01 5.167969e-02
         vertex 1.856315e+00 -7.500000e-01 0.000000e+00
      endloop
   endfacet
   facet normal -3.889006e-02 -9.483226e-02 9.947333e-01
      outer loop
         vertex 3.178190e+00 -7.500000e-01 5.167969e-02
         vertex 3.494629e+00 -1.125000e+00 2.830078e-02
         vertex 3.199172e+00 -7.500000e-01 5.250000e-02
      endloop
   endfacet
   facet normal -3.962788e-02 -9.808244e-02 9.943890e-01
      outer loop
         vertex 1.856315e+00 -7.500000e-01 0.000000e+00
         vertex 2.784473e+00 -1.125000e+00 0.000000e+00
         vertex 3.494629e+00 -1.125000e+00 2.830078e-02
      endloop
   endfacet
   facet normal -3.962788e-02 -9.808244e-02 9.943890e-01
      outer loop
         vertex 3.494629e+00 -1.125000e+00 2.830078e-02
         vertex 2.784473e+00 -1.125000e+00 0.000000e+00
         vertex 3.712630e+00 -1.500000e+00 0.000000e+00
      endloop
   endfacet
   facet normal -4.966765e-02 -1.038408e-01 9.933530e-01
      outer loop
         vertex 3.494629e+00 -1.125000e+00 2.830078e-02
         vertex 3.712630e+00 -1.500000e+00 0.000000e+00
         vertex 3.790755e+00 -1.500000e+00 3.906250e-03
      endloop
   endfacet
   facet normal -4.966753e-02 -1.038407e-01 9.933530e-01
      outer loop
         vertex 3.790755e+00 -1.500000e+00 3.906250e-03
         vertex 3.811068e+00 -1.500000e+00 4.921875e-03
         vertex 3.494629e+00 -1.125000e+00 2.830078e-02
      endloop
   endfacet
   facet normal -4.967212e-02 -1.038445e-01 9.933524e-01
      outer loop
         vertex 3.494629e+00 -1.125000e+00 2.830078e-02
         vertex 3.811068e+00 -1.500000e+00 4.921875e-03
         vertex 3.812630e+00 -1.500000e+00 5.000000e-03
      endloop
   endfacet
   facet normal -3.963820e-02 -9.541619e-02 9.946480e-01
      outer loop
         vertex 3.494629e+00 -1.125000e+00 2.830078e-02
         vertex 3.812630e+00 -1.500000e+00 5.000000e-03
         vertex 3.199172e+00 -7.500000e-01 5.250000e-02
      endloop
   endfacet
   facet normal 4.992501e-02 -2.240258e-02 9.985017e-01
      outer loop
         vertex 3.199172e+00 -7.500000e-01 5.250000e-02
         vertex 3.812630e+00 -1.500000e+00 5.000000e-03
         vertex 3.912630e+00 -1.500000e+00 0.000000e+00
      endloop
   endfacet
   facet normal 6.917295e-02 -4.029090e-03 9.975965e-01
      outer loop
         vertex 3.912630e+00 -1.500000e+00 0.000000e+00
         vertex 3.934473e+00 -1.125000e+00 0.000000e+00
         vertex 3.199172e+00 -7.500000e-01 5.250000e-02
      endloop
   endfacet
   facet normal 6.917297e-02 -4.029047e-03 9.975965e-01
      outer loop
         vertex 3.199172e+00 -7.500000e-01 5.250000e-02
         vertex 3.934473e+00 -1.125000e+00 0.000000e+00
         vertex 3.956315e+00 -7.500000e-01 0.000000e+00
      endloop
   endfacet
   facet normal 6.917297e-02 -4.029091e-03 9.975965e-01
      outer loop
         vertex 3.199172e+00 -7.500000e-01 5.250000e-02
         vertex 3.956315e+00 -7.500000e-01 0.000000e+00
         vertex 4.000000e+00 0.000000e+00 0.000000e+00
      endloop
   endfacet
   facet normal 7.052992e-02 -5.485134e-03 9.974946e-01
      outer loop
         vertex 4.000000e+00 0.000000e+00 0.000000e+00
         vertex 2.607812e+00 0.000000e+00 9.843750e-02
         vertex 3.199172e+00 -7.500000e-01 5.250000e-02
      endloop
   endfacet
   facet normal 7.053033e-02 -5.484808e-03 9.974946e-01
      outer loop
         vertex 3.199172e+00 -7.500000e-01 5.250000e-02
         vertex 2.607812e+00 0.000000e+00 9.843750e-02
         vertex 2.585714e+00 0.000000e+00 1.000000e-01
      endloop
   endfacet
   facet normal -3.889015e-02 -9.480987e-02 9.947355e-01
      outer loop
         vertex 3.199172e+00 -7.500000e-01 5.250000e-02
         vertex 2.585714e+00 0.000000e+00 1.000000e-01
         vertex 3.178190e+00 -7.500000e-01 5.167969e-02
      endloop
   endfacet
   facet normal -3.847209e-02 -9.448267e-02 9.947829e-01
      outer loop
         vertex 3.178190e+00 -7.500000e-01 5.167969e-02
         vertex 2.585714e+00 0.000000e+00 1.000000e-01
         vertex 2.545312e+00 0.000000e+00 9.843750e-02
      endloop
   endfacet
   facet normal -3.888984e-02 -9.483210e-02 9.947334e-01
      outer loop
         vertex 3.178190e+00 -7.500000e-01 5.167969e-02
         vertex 2.545312e+00 0.000000e+00 9.843750e-02
         vertex 1.856315e+00 -7.500000e-01 0.000000e+00
      endloop
   endfacet
   facet normal -3.846960e-02 -9.521549e-02 9.947131e-01
      outer loop
         vertex 1.856315e+00 -7.500000e-01 0.000000e+00
         vertex 2.545312e+00 0.000000e+00 9.843750e-02
         vertex 2.262500e+00 0.000000e+00 8.750000e-02
      endloop
   endfacet
   facet normal -3.846956e-02 -9.521551e-02 9.947131e-01
      outer loop
         vertex 1.856315e+00 -7.500000e-01 0.000000e+00
         vertex 2.262500e+00 0.000000e+00 8.750000e-02
         vertex 0.000000e+00 0.000000e+00 0.000000e+00
      endloop
   endfacet
   facet normal 7.053039e-02 -4.108156e-03 -9.975012e-01
      outer loop
         vertex 2.895089e+00 0.000000e+00 -7.812500e-02
         vertex 4.000000e+00 0.000000e+00 0.000000e+00
         vertex 3.956315e+00 -7.500000e-01 0.000000e+00
      endloop
   endfacet
   facet normal 4.992233e-02 -2.210057e-02 -9.985086e-01
      outer loop
         vertex 3.512598e+00 -1.125000e+00 -2.830078e-02
         vertex 3.814193e+00 -1.500000e+00 -4.921875e-03
         vertex 3.812630e+00 -1.500000e+00 -5.000000e-03
      endloop
   endfacet
   facet normal 6.693239e-02 -3.898542e-03 -9.977499e-01
      outer loop
         vertex 3.956315e+00 -7.500000e-01 0.000000e+00
         vertex 3.934473e+00 -1.125000e+00 0.000000e+00
         vertex 3.512598e+00 -1.125000e+00 -2.830078e-02
      endloop
   endfacet
   facet normal 4.992563e-02 -2.209791e-02 -9.985084e-01
      outer loop
         vertex 3.814193e+00 -1.500000e+00 -4.921875e-03
         vertex 3.512598e+00 -1.125000e+00 -2.830078e-02
         vertex 3.825130e+00 -1.500000e+00 -4.375000e-03
      endloop
   endfacet
   facet normal 6.693082e-02 -7.875559e-03 -9.977265e-01
      outer loop
         vertex 3.825130e+00 -1.500000e+00 -4.375000e-03
         vertex 3.512598e+00 -1.125000e+00 -2.830078e-02
         vertex 3.934473e+00 -1.125000e+00 0.000000e+00
      endloop
   endfacet
   facet normal 4.993735e-02 -2.908682e-03 -9.987481e-01
      outer loop
         vertex 3.825130e+00 -1.500000e+00 -4.375000e-03
         vertex 3.934473e+00 -1.125000e+00 0.000000e+00
         vertex 3.912630e+00 -1.500000e+00 0.000000e+00
      endloop
   endfacet
   facet normal 6.917227e-02 -6.038739e-03 -9.975865e-01
      outer loop
         vertex 2.895089e+00 0.000000e+00 -7.812500e-02
         vertex 3.956315e+00 -7.500000e-01 0.000000e+00
         vertex 3.211003e+00 -7.500000e-01 -5.167969e-02
      endloop
   endfacet
   facet normal 6.917204e-02 -6.561187e-03 -9.975832e-01
      outer loop
         vertex 3.211003e+00 -7.500000e-01 -5.167969e-02
         vertex 3.956315e+00 -7.500000e-01 0.000000e+00
         vertex 3.512598e+00 -1.125000e+00 -2.830078e-02
      endloop
   endfacet
   facet normal 6.917221e-02 -6.561051e-03 -9.975832e-01
      outer loop
         vertex 3.211003e+00 -7.500000e-01 -5.167969e-02
         vertex 3.512598e+00 -1.125000e+00 -2.830078e-02
         vertex 3.199172e+00 -7.500000e-01 -5.250000e-02
      endloop
   endfacet
   facet normal 6.692892e-02 -8.444955e-03 -9.977220e-01
      outer loop
         vertex 3.199172e+00 -7.500000e-01 -5.250000e-02
         vertex 3.512598e+00 -1.125000e+00 -2.830078e-02
         vertex 3.812630e+00 -1.500000e+00 -5.000000e-03
      endloop
   endfacet
   facet normal -4.966926e-02 -1.035410e-01 -9.933842e-01
      outer loop
         vertex 3.199172e+00 -7.500000e-01 -5.250000e-02
         vertex 3.812630e+00 -1.500000e+00 -5.000000e-03
         vertex 3.712630e+00 -1.500000e+00 0.000000e+00
      endloop
   endfacet
   facet normal -3.888455e-02 -9.624264e-02 -9.945981e-01
      outer loop
         vertex 3.712630e+00 -1.500000e+00 0.000000e+00
         vertex 2.784473e+00 -1.125000e+00 0.000000e+00
         vertex 3.199172e+00 -7.500000e-01 -5.250000e-02
      endloop
   endfacet
   facet normal -3.888455e-02 -9.624264e-02 -9.945981e-01
      outer loop
         vertex 3.199172e+00 -7.500000e-01 -5.250000e-02
         vertex 2.784473e+00 -1.125000e+00 0.000000e+00
         vertex 1.856315e+00 -7.500000e-01 0.000000e+00
      endloop
   endfacet
   facet normal -3.888455e-02 -9.624264e-02 -9.945981e-01
      outer loop
         vertex 3.199172e+00 -7.500000e-01 -5.250000e-02
         vertex 1.856315e+00 -7.500000e-01 0.000000e+00
         vertex 0.000000e+00 0.000000e+00 0.000000e+00
      endloop
   endfacet
   facet normal -3.847231e-02 -9.447119e-02 -9.947839e-01
      outer loop
         vertex 0.000000e+00 0.000000e+00 0.000000e+00
         vertex 2.545312e+00 0.000000e+00 -9.843750e-02
         vertex 3.199172e+00 -7.500000e-01 -5.250000e-02
      endloop
   endfacet
   facet normal -3.847213e-02 -9.447103e-02 -9.947840e-01
      outer loop
         vertex 3.199172e+00 -7.500000e-01 -5.250000e-02
         vertex 2.545312e+00 0.000000e+00 -9.843750e-02
         vertex 2.585714e+00 0.000000e+00 -1.000000e-01
      endloop
   endfacet
   facet normal 6.917219e-02 -6.601281e-03 -9.975829e-01
      outer loop
         vertex 3.199172e+00 -7.500000e-01 -5.250000e-02
         vertex 2.585714e+00 0.000000e+00 -1.000000e-01
         vertex 3.211003e+00 -7.500000e-01 -5.167969e-02
      endloop
   endfacet
   facet normal 7.053034e-02 -5.463289e-03 -9.974947e-01
      outer loop
         vertex 3.211003e+00 -7.500000e-01 -5.167969e-02
         vertex 2.585714e+00 0.000000e+00 -1.000000e-01
         vertex 2.607812e+00 0.000000e+00 -9.843750e-02
      endloop
   endfacet
   facet normal 7.052989e-02 -5.463650e-03 -9.974947e-01
      outer loop
         vertex 3.211003e+00 -7.500000e-01 -5.167969e-02
         vertex 2.607812e+00 0.000000e+00 -9.843750e-02
         vertex 2.895089e+00 0.000000e+00 -7.812500e-02
      endloop
   endfacet
   facet normal 0.000000e+00 1.000000e+00 0.000000e+00
      outer loop
         vertex 0.000000e+00 0.000000e+00 0.000000e+00
         vertex 2.262500e+00 0.000000e+00 8.750000e-02
         vertex 2.262500e+00 0.000000e+00 6.938894e-18
      endloop
   endfacet
   facet normal 0.000000e+00 1.000000e+00 0.000000e+00
      outer loop
         vertex 2.262500e+00 0.000000e+00 6.938894e-18
         vertex 2.262500e+00 0.000000e+00 8.750000e-02
         vertex 2.545312e+00 0.000000e+00 9.843750e-02
      endloop
   endfacet
   facet normal 0.000000e+00 1.000000e+00 0.000000e+00
      outer loop
         vertex 2.262500e+00 0.000000e+00 6.938894e-18
         vertex 2.545312e+00 0.000000e+00 9.843750e-02
         vertex 2.545312e+00 0.000000e+00 6.938894e-18
      endloop
   endfacet
   facet normal -0.000000e+00 1.000000e+00 0.000000e+00
      outer loop
         vertex 2.545312e+00 0.000000e+00 6.938894e-18
         vertex 2.545312e+00 0.000000e+00 9.843750e-02
         vertex 2.585714e+00 0.000000e+00 0.000000e+00
      endloop
   endfacet
   facet normal 0.000000e+00 1.000000e+00 -0.000000e+00
      outer loop
         vertex 2.585714e+00 0.000000e+00 0.000000e+00
         vertex 2.545312e+00 0.000000e+00 9.843750e-02
         vertex 2.585714e+00 0.000000e+00 1.000000e-01
      endloop
   endfacet
   facet normal -0.000000e+00 1.000000e+00 0.000000e+00
      outer loop
         vertex 2.585714e+00 0.000000e+00 0.000000e+00
         vertex 2.585714e+00 0.000000e+00 1.000000e-01
         vertex 2.607812e+00 0.000000e+00 -1.387779e-17
      endloop
   endfacet
   facet normal 0.000000e+00 1.000000e+00 -0.000000e+00
      outer loop
         vertex 2.607812e+00 0.000000e+00 -1.387779e-17
         vertex 2.585714e+00 0.000000e+00 1.000000e-01
         vertex 2.607812e+00 0.000000e+00 9.843750e-02
      endloop
   endfacet
   facet normal 0.000000e+00 1.000000e+00 0.000000e+00
      outer loop
         vertex 2.607812e+00 0.000000e+00 -1.387779e-17
         vertex 2.607812e+00 0.000000e+00 9.843750e-02
         vertex 4.000000e+00 0.000000e+00 0.000000e+00
      endloop
   endfacet
   facet normal 0.000000e+00 1.000000e+00 0.000000e+00
      outer loop
         vertex 4.000000e+00 0.000000e+00 0.000000e+00
         vertex 2.895089e+00 0.000000e+00 -7.812500e-02
         vertex 2.607812e+00 0.000000e+00 -1.387779e-17
      endloop
   endfacet
   facet normal 0.000000e+00 1.000000e+00 0.000000e+00
      outer loop
         vertex 2.607812e+00 0.000000e+00 -1.387779e-17
         vertex 2.895089e+00 0.000000e+00 -7.812500e-02
         vertex 2.607812e+00 0.000000e+00 -9.843750e-02
      endloop
   endfacet
   facet normal 0.000000e+00 1.000000e+00 0.000000e+00
      outer loop
         vertex 2.607812e+00 0.000000e+00 -1.387779e-17
         vertex 2.607812e+00 0.000000e+00 -9.843750e-02
         vertex 2.585714e+00 0.000000e+00 0.000000e+00
      endloop
   endfacet
   facet normal 0.000000e+00 1.000000e+00 0.000000e+00
      outer loop
         vertex 2.585714e+00 0.000000e+00 0.000000e+00
         vertex 2.607812e+00 0.000000e+00 -9.843750e-02
         vertex 2.585714e+00 0.000000e+00 -1.000000e-01
      endloop
   endfacet
   facet normal 0.000000e+00 1.000000e+00 0.000000e+00
      outer loop
         vertex 2.585714e+00 0.000000e+00 0.000000e+00
         vertex 2.585714e+00 0.000000e+00 -1.000000e-01
         vertex 2.545312e+00 0.000000e+00 6.938894e-18
      endloop
   endfacet
   facet normal 0.000000e+00 1.000000e+00 0.000000e+00
      outer loop
         vertex 2.545312e+00 0.000000e+00 6.938894e-18
         vertex 2.585714e+00 0.000000e+00 -1.000000e-01
         vertex 2.545312e+00 0.000000e+00 -9.843750e-02
      endloop
   endfacet
   facet normal 0.000000e+00 1.000000e+00 0.000000e+00
      outer loop
         vertex 2.545312e+00 0.000000e+00 6.938894e-18
         vertex 2.545312e+00 0.000000e+00 -9.843750e-02
         vertex 2.262500e+00 0.000000e+00 6.938894e-18
      endloop
   endfacet
   facet normal 0.000000e+00 1.000000e+00 0.000000e+00
      outer loop
         vertex 2.262500e+00 0.000000e+00 6.938894e-18
         vertex 2.545312e+00 0.000000e+00 -9.843750e-02
         vertex 0.000000e+00 0.000000e+00 0.000000e+00
      endloop
   endfacet
   facet normal 1.329494e-01 -2.487720e-02 9.908106e-01
      outer loop
         vertex 2.609115e+00 1.351526e-19 8.758038e-02
         vertex 2.516009e+00 9.023778e-19 1.000736e-01
         vertex 2.515838e+00 -1.009786e-01 9.756122e-02
      endloop
   endfacet
   facet normal 9.905832e-02 -6.696160e-02 9.928261e-01
      outer loop
         vertex 2.680438e+00 -1.917945e-01 7.572237e-02
         vertex 2.625000e+00 -1.945446e-01 8.106815e-02
         vertex 2.625000e+00 -3.534841e-01 7.034840e-02
      endloop
   endfacet
   facet normal 3.187564e-01 -2.859697e-01 9.036679e-01
      outer loop
         vertex 3.422299e+00 -7.283623e-02 4.358559e-03
         vertex 3.500000e+00 0.000000e+00 0.000000e+00
         vertex 3.324587e+00 -1.448625e-01 1.603220e-02
      endloop
   endfacet
   facet normal 1.905042e-02 -8.468922e-02 9.962253e-01
      outer loop
         vertex 2.681073e+00 -4.137123e-01 6.360865e-02
         vertex 2.738783e+00 -4.065617e-01 6.311297e-02
         vertex 2.738433e+00 -3.433219e-01 6.849568e-02
      endloop
   endfacet
   facet normal 1.407496e-02 -1.202877e-01 9.926393e-01
      outer loop
         vertex 2.681035e+00 -3.508607e-01 6.987177e-02
         vertex 2.625000e+00 -3.534841e-01 7.034840e-02
         vertex 2.625000e+00 -4.145591e-01 6.294736e-02
      endloop
   endfacet
   facet normal -1.467145e-01 -9.662337e-01 2.118190e-01
      outer loop
         vertex 1.750000e+00 -3.724147e-01 4.679293e-02
         vertex 1.750000e+00 -3.750000e-01 3.500000e-02
         vertex 1.968453e+00 -4.081702e-01 3.500000e-02
      endloop
   endfacet
   facet normal -1.056327e-01 -7.224601e-01 6.832958e-01
      outer loop
         vertex 1.750000e+00 -3.591859e-01 6.380202e-02
         vertex 1.750000e+00 -3.673756e-01 5.514287e-02
         vertex 1.968568e+00 -3.990602e-01 5.543130e-02
      endloop
   endfacet
   facet normal -1.199951e-01 -8.226970e-01 5.556716e-01
      outer loop
         vertex 1.968568e+00 -3.990602e-01 5.543130e-02
         vertex 1.750000e+00 -3.673756e-01 5.514287e-02
         vertex 1.968484e+00 -4.058403e-01 4.537492e-02
      endloop
   endfacet
   facet normal -1.047342e-01 -8.241872e-01 5.565484e-01
      outer loop
         vertex 1.968568e+00 -3.990602e-01 5.543130e-02
         vertex 1.968484e+00 -4.058403e-01 4.537492e-02
         vertex 2.187484e+00 -4.353593e-01 4.287321e-02
      endloop
   endfacet
   facet normal 1.604720e-02 -2.501114e-01 9.680841e-01
      outer loop
         vertex 1.969477e+00 -2.825531e-01 1.038057e-01
         vertex 1.969183e+00 -3.337338e-01 9.058768e-02
         vertex 2.187301e+00 -3.652687e-01 7.882483e-02
      endloop
   endfacet
   facet normal 3.574030e-03 -3.276916e-01 9.447780e-01
      outer loop
         vertex 2.187301e+00 -3.652687e-01 7.882483e-02
         vertex 1.969183e+00 -3.337338e-01 9.058768e-02
         vertex 2.187347e+00 -4.045376e-01 6.520441e-02
      endloop
   endfacet
   facet normal -4.445868e-03 -3.276988e-01 9.447718e-01
      outer loop
         vertex 2.187301e+00 -3.652687e-01 7.882483e-02
         vertex 2.187347e+00 -4.045376e-01 6.520441e-02
         vertex 2.405925e+00 -4.349458e-01 5.568576e-02
      endloop
   endfacet
   facet normal -1.490834e-02 -3.947351e-01 9.186740e-01
      outer loop
         vertex 2.405925e+00 -4.349458e-01 5.568576e-02
         vertex 2.187347e+00 -4.045376e-01 6.520441e-02
         vertex 2.406350e+00 -4.588090e-01 4.543915e-02
      endloop
   endfacet
   facet normal 1.352325e-02 -1.649504e-01 9.862091e-01
      outer loop
         vertex 2.405519e+00 -3.955389e-01 6.611007e-02
         vertex 2.515029e+00 -4.070793e-01 6.267821e-02
         vertex 2.514886e+00 -3.500400e-01 7.222040e-02
      endloop
   endfacet
   facet normal -1.211755e-01 -8.821003e-01 4.552094e-01
      outer loop
         vertex 2.171381e+00 -4.353895e-01 3.500000e-02
         vertex 2.517316e+00 -4.829111e-01 3.500000e-02
         vertex 2.406533e+00 -4.663261e-01 3.764808e-02
      endloop
   endfacet
   facet normal -1.266042e-01 -8.492829e-01 5.125328e-01
      outer loop
         vertex 1.750000e+00 -3.673756e-01 5.514287e-02
         vertex 1.750000e+00 -3.724147e-01 4.679293e-02
         vertex 1.968484e+00 -4.058403e-01 4.537492e-02
      endloop
   endfacet
   facet normal -1.462422e-01 -9.651151e-01 2.171775e-01
      outer loop
         vertex 1.968484e+00 -4.058403e-01 4.537492e-02
         vertex 1.750000e+00 -3.724147e-01 4.679293e-02
         vertex 1.968453e+00 -4.081702e-01 3.500000e-02
      endloop
   endfacet
   facet normal -1.279356e-01 -9.675989e-01 2.176806e-01
      outer loop
         vertex 1.968484e+00 -4.058403e-01 4.537492e-02
         vertex 1.968453e+00 -4.081702e-01 3.500000e-02
         vertex 2.187484e+00 -4.353593e-01 4.287321e-02
      endloop
   endfacet
   facet normal -1.281598e-01 -9.554725e-01 2.657958e-01
      outer loop
         vertex 2.187484e+00 -4.353593e-01 4.287321e-02
         vertex 1.968453e+00 -4.081702e-01 3.500000e-02
         vertex 2.171381e+00 -4.353895e-01 3.500000e-02
      endloop
   endfacet
   facet normal -1.803090e-01 -9.104354e-01 3.722849e-01
      outer loop
         vertex 2.187484e+00 -4.353593e-01 4.287321e-02
         vertex 2.171381e+00 -4.353895e-01 3.500000e-02
         vertex 2.187496e+00 -4.369615e-01 3.896063e-02
      endloop
   endfacet
   facet normal -1.306839e-01 -9.811586e-01 1.423008e-01
      outer loop
         vertex 2.187496e+00 -4.369615e-01 3.896063e-02
         vertex 2.171381e+00 -4.353895e-01 3.500000e-02
         vertex 2.406533e+00 -4.663261e-01 3.764808e-02
      endloop
   endfacet
   facet normal -1.209178e-01 -9.187506e-01 3.758673e-01
      outer loop
         vertex 2.187496e+00 -4.369615e-01 3.896063e-02
         vertex 2.406533e+00 -4.663261e-01 3.764808e-02
         vertex 2.187484e+00 -4.353593e-01 4.287321e-02
      endloop
   endfacet
   facet normal 5.463972e-02 -8.438250e-02 9.949342e-01
      outer loop
         vertex 2.738433e+00 -3.433219e-01 6.849568e-02
         vertex 2.738783e+00 -4.065617e-01 6.311297e-02
         vertex 2.796864e+00 -3.313648e-01 6.630087e-02
      endloop
   endfacet
   facet normal 4.223558e-02 -7.485952e-02 9.962993e-01
      outer loop
         vertex 2.796864e+00 -3.313648e-01 6.630087e-02
         vertex 2.738783e+00 -4.065617e-01 6.311297e-02
         vertex 2.797738e+00 -3.937420e-01 6.157693e-02
      endloop
   endfacet
   facet normal 6.930888e-02 -7.436799e-02 9.948194e-01
      outer loop
         vertex 2.796864e+00 -3.313648e-01 6.630087e-02
         vertex 2.797738e+00 -3.937420e-01 6.157693e-02
         vertex 2.855997e+00 -3.154863e-01 6.336808e-02
      endloop
   endfacet
   facet normal 6.139854e-02 -6.850054e-02 9.957600e-01
      outer loop
         vertex 2.797738e+00 -3.937420e-01 6.157693e-02
         vertex 2.857550e+00 -3.758879e-01 5.911718e-02
         vertex 2.855997e+00 -3.154863e-01 6.336808e-02
      endloop
   endfacet
   facet normal 7.899398e-02 -6.796344e-02 9.945556e-01
      outer loop
         vertex 2.855997e+00 -3.154863e-01 6.336808e-02
         vertex 2.857550e+00 -3.758879e-01 5.911718e-02
         vertex 2.917827e+00 -3.536341e-01 5.585031e-02
      endloop
   endfacet
   facet normal 8.508276e-02 -5.811877e-02 9.946774e-01
      outer loop
         vertex 2.855997e+00 -3.154863e-01 6.336808e-02
         vertex 2.917827e+00 -3.536341e-01 5.585031e-02
         vertex 2.975047e+00 -2.739534e-01 5.561151e-02
      endloop
   endfacet
   facet normal 9.251466e-02 -6.345875e-02 9.936871e-01
      outer loop
         vertex 2.975047e+00 -2.739534e-01 5.561151e-02
         vertex 2.917827e+00 -3.536341e-01 5.585031e-02
         vertex 2.978179e+00 -3.276155e-01 5.189297e-02
      endloop
   endfacet
   facet normal 1.090813e-01 -6.238007e-02 9.920736e-01
      outer loop
         vertex 2.975047e+00 -2.739534e-01 5.561151e-02
         vertex 2.978179e+00 -3.276155e-01 5.189297e-02
         vertex 3.092938e+00 -2.226996e-01 4.587184e-02
      endloop
   endfacet
   facet normal 1.130716e-01 -6.678691e-02 9.913397e-01
      outer loop
         vertex 3.092938e+00 -2.226996e-01 4.587184e-02
         vertex 2.978179e+00 -3.276155e-01 5.189297e-02
         vertex 3.097549e+00 -2.668224e-01 4.237332e-02
      endloop
   endfacet
   facet normal 1.285674e-01 -6.502685e-02 9.895665e-01
      outer loop
         vertex 3.092938e+00 -2.226996e-01 4.587184e-02
         vertex 3.097549e+00 -2.668224e-01 4.237332e-02
         vertex 3.207024e+00 -1.657011e-01 3.479497e-02
      endloop
   endfacet
   facet normal 1.385300e-01 -7.597178e-02 9.874400e-01
      outer loop
         vertex 3.207024e+00 -1.657011e-01 3.479497e-02
         vertex 3.097549e+00 -2.668224e-01 4.237332e-02
         vertex 3.212538e+00 -1.985864e-01 3.149122e-02
      endloop
   endfacet
   facet normal 1.483300e-01 -7.419891e-02 9.861505e-01
      outer loop
         vertex 3.207024e+00 -1.657011e-01 3.479497e-02
         vertex 3.212538e+00 -1.985864e-01 3.149122e-02
         vertex 3.314660e+00 -1.069342e-01 2.302678e-02
      endloop
   endfacet
   facet normal 1.633124e-01 -9.124405e-02 9.823460e-01
      outer loop
         vertex 3.314660e+00 -1.069342e-01 2.302678e-02
         vertex 3.212538e+00 -1.985864e-01 3.149122e-02
         vertex 3.320024e+00 -1.279854e-01 2.017964e-02
      endloop
   endfacet
   facet normal 1.729840e-01 -8.858830e-02 9.809325e-01
      outer loop
         vertex 3.314660e+00 -1.069342e-01 2.302678e-02
         vertex 3.320024e+00 -1.279854e-01 2.017964e-02
         vertex 3.500000e+00 0.000000e+00 0.000000e+00
      endloop
   endfacet
   facet normal -1.136872e-01 -9.631186e-01 2.438808e-01
      outer loop
         vertex 2.625000e+00 -4.993489e-01 3.757137e-02
         vertex 2.625000e+00 -5.000000e-01 3.500000e-02
         vertex 2.653869e+00 -5.034355e-01 3.489016e-02
      endloop
   endfacet
   facet normal 2.972062e-01 -8.728452e-01 3.870527e-01
      outer loop
         vertex 2.798388e+00 -4.863819e-01 3.475117e-02
         vertex 2.845382e+00 -4.724522e-01 3.007812e-02
         vertex 2.859242e+00 -4.666500e-01 3.252013e-02
      endloop
   endfacet
   facet normal 3.813445e-01 -9.239177e-01 3.086200e-02
      outer loop
         vertex 2.859242e+00 -4.666500e-01 3.252013e-02
         vertex 2.845382e+00 -4.724522e-01 3.007812e-02
         vertex 2.920811e+00 -4.414261e-01 2.688232e-02
      endloop
   endfacet
   facet normal 3.869703e-01 -8.945682e-01 2.236106e-01
      outer loop
         vertex 2.859242e+00 -4.666500e-01 3.252013e-02
         vertex 2.920811e+00 -4.414261e-01 2.688232e-02
         vertex 2.920790e+00 -4.407001e-01 2.982227e-02
      endloop
   endfacet
   facet normal -1.622920e-02 -3.813628e-01 9.242830e-01
      outer loop
         vertex 1.969183e+00 -3.337338e-01 9.058768e-02
         vertex 1.968845e+00 -3.734088e-01 7.421170e-02
         vertex 2.187347e+00 -4.045376e-01 6.520441e-02
      endloop
   endfacet
   facet normal -3.775042e-02 -5.131011e-01 8.574976e-01
      outer loop
         vertex 2.187347e+00 -4.045376e-01 6.520441e-02
         vertex 1.968845e+00 -3.734088e-01 7.421170e-02
         vertex 2.187446e+00 -4.290445e-01 5.054457e-02
      endloop
   endfacet
   facet normal -4.974653e-02 -5.128670e-01 8.570255e-01
      outer loop
         vertex 2.187347e+00 -4.045376e-01 6.520441e-02
         vertex 2.187446e+00 -4.290445e-01 5.054457e-02
         vertex 2.406350e+00 -4.588090e-01 4.543915e-02
      endloop
   endfacet
   facet normal -7.099575e-02 -6.516745e-01 7.551689e-01
      outer loop
         vertex 2.406350e+00 -4.588090e-01 4.543915e-02
         vertex 2.187446e+00 -4.290445e-01 5.054457e-02
         vertex 2.406493e+00 -4.648184e-01 4.026678e-02
      endloop
   endfacet
   facet normal -9.652030e-02 -6.506222e-01 7.532427e-01
      outer loop
         vertex 2.406350e+00 -4.588090e-01 4.543915e-02
         vertex 2.406493e+00 -4.648184e-01 4.026678e-02
         vertex 2.625000e+00 -4.974165e-01 4.010916e-02
      endloop
   endfacet
   facet normal -1.174390e-01 -7.901082e-01 6.016121e-01
      outer loop
         vertex 2.625000e+00 -4.974165e-01 4.010916e-02
         vertex 2.406493e+00 -4.648184e-01 4.026678e-02
         vertex 2.625000e+00 -4.993489e-01 3.757137e-02
      endloop
   endfacet
   facet normal -5.856877e-02 -7.942480e-01 6.047643e-01
      outer loop
         vertex 2.625000e+00 -4.974165e-01 4.010916e-02
         vertex 2.625000e+00 -4.993489e-01 3.757137e-02
         vertex 2.680779e+00 -5.015193e-01 4.012283e-02
      endloop
   endfacet
   facet normal -5.862637e-02 -7.914769e-01 6.083808e-01
      outer loop
         vertex 2.680779e+00 -5.015193e-01 4.012283e-02
         vertex 2.625000e+00 -4.993489e-01 3.757137e-02
         vertex 2.680764e+00 -5.036235e-01 3.738401e-02
      endloop
   endfacet
   facet normal 7.323927e-02 -7.910495e-01 6.073522e-01
      outer loop
         vertex 2.680779e+00 -5.015193e-01 4.012283e-02
         vertex 2.680764e+00 -5.036235e-01 3.738401e-02
         vertex 2.738740e+00 -4.968007e-01 3.927929e-02
      endloop
   endfacet
   facet normal 7.328964e-02 -7.913625e-01 6.069382e-01
      outer loop
         vertex 2.738740e+00 -4.968007e-01 3.927929e-02
         vertex 2.680764e+00 -5.036235e-01 3.738401e-02
         vertex 2.738728e+00 -4.990038e-01 3.640821e-02
      endloop
   endfacet
   facet normal 1.815500e-01 -7.805377e-01 5.981643e-01
      outer loop
         vertex 2.738740e+00 -4.968007e-01 3.927929e-02
         vertex 2.738728e+00 -4.990038e-01 3.640821e-02
         vertex 2.798384e+00 -4.841454e-01 3.769023e-02
      endloop
   endfacet
   facet normal 1.820682e-01 -7.823949e-01 5.955748e-01
      outer loop
         vertex 2.798384e+00 -4.841454e-01 3.769023e-02
         vertex 2.738728e+00 -4.990038e-01 3.640821e-02
         vertex 2.798388e+00 -4.863819e-01 3.475117e-02
      endloop
   endfacet
   facet normal 2.695457e-01 -7.661973e-01 5.833411e-01
      outer loop
         vertex 2.798384e+00 -4.841454e-01 3.769023e-02
         vertex 2.798388e+00 -4.863819e-01 3.475117e-02
         vertex 2.859214e+00 -4.644383e-01 3.546730e-02
      endloop
   endfacet
   facet normal 2.705066e-01 -7.687368e-01 5.795428e-01
      outer loop
         vertex 2.859214e+00 -4.644383e-01 3.546730e-02
         vertex 2.798388e+00 -4.863819e-01 3.475117e-02
         vertex 2.859242e+00 -4.666500e-01 3.252013e-02
      endloop
   endfacet
   facet normal 3.408732e-01 -7.503218e-01 5.664121e-01
      outer loop
         vertex 2.859214e+00 -4.644383e-01 3.546730e-02
         vertex 2.859242e+00 -4.666500e-01 3.252013e-02
         vertex 2.920728e+00 -4.385643e-01 3.272218e-02
      endloop
   endfacet
   facet normal 3.421454e-01 -7.530750e-01 5.619739e-01
      outer loop
         vertex 2.920728e+00 -4.385643e-01 3.272218e-02
         vertex 2.859242e+00 -4.666500e-01 3.252013e-02
         vertex 2.920790e+00 -4.407001e-01 2.982227e-02
      endloop
   endfacet
   facet normal 3.988583e-01 -7.342629e-01 5.493360e-01
      outer loop
         vertex 2.920728e+00 -4.385643e-01 3.272218e-02
         vertex 2.920790e+00 -4.407001e-01 2.982227e-02
         vertex 2.982430e+00 -4.074082e-01 2.956655e-02
      endloop
   endfacet
   facet normal -5.997844e-02 -8.081317e-01 5.859400e-01
      outer loop
         vertex 2.625000e+00 -4.993489e-01 3.757137e-02
         vertex 2.653869e+00 -5.034355e-01 3.489016e-02
         vertex 2.680764e+00 -5.036235e-01 3.738401e-02
      endloop
   endfacet
   facet normal -2.976821e-02 -9.682888e-01 2.480537e-01
      outer loop
         vertex 2.680764e+00 -5.036235e-01 3.738401e-02
         vertex 2.653869e+00 -5.034355e-01 3.489016e-02
         vertex 2.680759e+00 -5.043347e-01 3.460693e-02
      endloop
   endfacet
   facet normal 8.111756e-02 -9.655760e-01 2.471495e-01
      outer loop
         vertex 2.680764e+00 -5.036235e-01 3.738401e-02
         vertex 2.680759e+00 -5.043347e-01 3.460693e-02
         vertex 2.738728e+00 -4.990038e-01 3.640821e-02
      endloop
   endfacet
   facet normal 8.895477e-02 -9.931015e-01 7.639650e-02
      outer loop
         vertex 2.738728e+00 -4.990038e-01 3.640821e-02
         vertex 2.680759e+00 -5.043347e-01 3.460693e-02
         vertex 2.746263e+00 -4.985673e-01 3.330766e-02
      endloop
   endfacet
   facet normal 2.024465e-01 -9.091128e-01 3.640458e-01
      outer loop
         vertex 2.738728e+00 -4.990038e-01 3.640821e-02
         vertex 2.746263e+00 -4.985673e-01 3.330766e-02
         vertex 2.798388e+00 -4.863819e-01 3.475117e-02
      endloop
   endfacet
   facet normal 2.145954e-01 -9.465042e-01 2.409949e-01
      outer loop
         vertex 2.798388e+00 -4.863819e-01 3.475117e-02
         vertex 2.746263e+00 -4.985673e-01 3.330766e-02
         vertex 2.798388e+00 -4.871408e-01 3.177002e-02
      endloop
   endfacet
   facet normal 2.976486e-01 -9.251527e-01 2.355796e-01
      outer loop
         vertex 2.798388e+00 -4.863819e-01 3.475117e-02
         vertex 2.798388e+00 -4.871408e-01 3.177002e-02
         vertex 2.845382e+00 -4.724522e-01 3.007812e-02
      endloop
   endfacet
   facet normal 4.395782e-01 -8.712904e-01 2.182291e-01
      outer loop
         vertex 2.920811e+00 -4.414261e-01 2.688232e-02
         vertex 2.960098e+00 -4.220690e-01 2.503094e-02
         vertex 2.920790e+00 -4.407001e-01 2.982227e-02
      endloop
   endfacet
   facet normal 4.343595e-01 -8.212643e-01 3.699416e-01
      outer loop
         vertex 2.920790e+00 -4.407001e-01 2.982227e-02
         vertex 2.960098e+00 -4.220690e-01 2.503094e-02
         vertex 2.982529e+00 -4.094242e-01 2.676483e-02
      endloop
   endfacet
   facet normal 4.003388e-01 -7.370410e-01 5.445176e-01
      outer loop
         vertex 2.920790e+00 -4.407001e-01 2.982227e-02
         vertex 2.982529e+00 -4.094242e-01 2.676483e-02
         vertex 2.982430e+00 -4.074082e-01 2.956655e-02
      endloop
   endfacet
   facet normal 4.656202e-01 -7.104486e-01 5.276937e-01
      outer loop
         vertex 2.982430e+00 -4.074082e-01 2.956655e-02
         vertex 2.982529e+00 -4.094242e-01 2.676483e-02
         vertex 3.104572e+00 -3.344631e-01 2.000003e-02
      endloop
   endfacet
   facet normal 4.681520e-01 -7.159728e-01 5.178963e-01
      outer loop
         vertex 2.982430e+00 -4.074082e-01 2.956655e-02
         vertex 3.104572e+00 -3.344631e-01 2.000003e-02
         vertex 3.104399e+00 -3.327892e-01 2.247044e-02
      endloop
   endfacet
   facet normal 5.307196e-01 -6.839369e-01 5.005667e-01
      outer loop
         vertex 3.104399e+00 -3.327892e-01 2.247044e-02
         vertex 3.104572e+00 -3.344631e-01 2.000003e-02
         vertex 3.221356e+00 -2.489035e-01 1.308344e-02
      endloop
   endfacet
   facet normal 5.334205e-01 -6.887766e-01 4.909677e-01
      outer loop
         vertex 3.104399e+00 -3.327892e-01 2.247044e-02
         vertex 3.221356e+00 -2.489035e-01 1.308344e-02
         vertex 3.221131e+00 -2.476601e-01 1.507235e-02
      endloop
   endfacet
   facet normal 5.757219e-01 -6.624394e-01 4.792893e-01
      outer loop
         vertex 3.221131e+00 -2.476601e-01 1.507235e-02
         vertex 3.221356e+00 -2.489035e-01 1.308344e-02
         vertex 3.327472e+00 -1.601361e-01 8.305382e-03
      endloop
   endfacet
   facet normal 3.612134e-01 -3.727868e-01 8.547250e-01
      outer loop
         vertex 3.221131e+00 -2.476601e-01 1.507235e-02
         vertex 3.327472e+00 -1.601361e-01 8.305382e-03
         vertex 3.328636e+00 -1.590996e-01 8.265656e-03
      endloop
   endfacet
   facet normal 6.582189e-01 -7.435241e-01 -1.179820e-01
      outer loop
         vertex 3.328636e+00 -1.590996e-01 8.265656e-03
         vertex 3.327472e+00 -1.601361e-01 8.305382e-03
         vertex 3.423110e+00 -7.450745e-02 2.234772e-03
      endloop
   endfacet
   facet normal 4.682464e-01 -5.131206e-01 7.193417e-01
      outer loop
         vertex 3.328636e+00 -1.590996e-01 8.265656e-03
         vertex 3.327757e+00 -1.560788e-01 1.099254e-02
         vertex 3.221131e+00 -2.476601e-01 1.507235e-02
      endloop
   endfacet
   facet normal 4.621762e-01 -5.056452e-01 7.285026e-01
      outer loop
         vertex 3.221131e+00 -2.476601e-01 1.507235e-02
         vertex 3.327757e+00 -1.560788e-01 1.099254e-02
         vertex 3.220269e+00 -2.428663e-01 1.894643e-02
      endloop
   endfacet
   facet normal 4.266796e-01 -5.208215e-01 7.393845e-01
      outer loop
         vertex 3.221131e+00 -2.476601e-01 1.507235e-02
         vertex 3.220269e+00 -2.428663e-01 1.894643e-02
         vertex 3.104399e+00 -3.327892e-01 2.247044e-02
      endloop
   endfacet
   facet normal 4.206440e-01 -5.126882e-01 7.484714e-01
      outer loop
         vertex 3.104399e+00 -3.327892e-01 2.247044e-02
         vertex 3.220269e+00 -2.428663e-01 1.894643e-02
         vertex 3.103732e+00 -3.263376e-01 2.726471e-02
      endloop
   endfacet
   facet normal 3.684718e-01 -5.296341e-01 7.640133e-01
      outer loop
         vertex 3.104399e+00 -3.327892e-01 2.247044e-02
         vertex 3.103732e+00 -3.263376e-01 2.726471e-02
         vertex 2.982430e+00 -4.074082e-01 2.956655e-02
      endloop
   endfacet
   facet normal 3.627937e-01 -5.208919e-01 7.726916e-01
      outer loop
         vertex 2.982430e+00 -4.074082e-01 2.956655e-02
         vertex 3.103732e+00 -3.263376e-01 2.726471e-02
         vertex 2.982041e+00 -3.996313e-01 3.499187e-02
      endloop
   endfacet
   facet normal 3.096687e-01 -5.335559e-01 7.870346e-01
      outer loop
         vertex 2.982430e+00 -4.074082e-01 2.956655e-02
         vertex 2.982041e+00 -3.996313e-01 3.499187e-02
         vertex 2.920728e+00 -4.385643e-01 3.272218e-02
      endloop
   endfacet
   facet normal 3.067569e-01 -5.292074e-01 7.911003e-01
      outer loop
         vertex 2.920728e+00 -4.385643e-01 3.272218e-02
         vertex 2.982041e+00 -3.996313e-01 3.499187e-02
         vertex 2.920480e+00 -4.303174e-01 3.833517e-02
      endloop
   endfacet
   facet normal 2.618986e-01 -5.376225e-01 8.014806e-01
      outer loop
         vertex 2.920728e+00 -4.385643e-01 3.272218e-02
         vertex 2.920480e+00 -4.303174e-01 3.833517e-02
         vertex 2.859214e+00 -4.644383e-01 3.546730e-02
      endloop
   endfacet
   facet normal 2.593685e-01 -5.333859e-01 8.051257e-01
      outer loop
         vertex 2.859214e+00 -4.644383e-01 3.546730e-02
         vertex 2.920480e+00 -4.303174e-01 3.833517e-02
         vertex 2.859091e+00 -4.558862e-01 4.117238e-02
      endloop
   endfacet
   facet normal 2.051110e-01 -5.411162e-01 8.155506e-01
      outer loop
         vertex 2.859214e+00 -4.644383e-01 3.546730e-02
         vertex 2.859091e+00 -4.558862e-01 4.117238e-02
         vertex 2.798384e+00 -4.841454e-01 3.769023e-02
      endloop
   endfacet
   facet normal 2.031695e-01 -5.373143e-01 8.185447e-01
      outer loop
         vertex 2.798384e+00 -4.841454e-01 3.769023e-02
         vertex 2.859091e+00 -4.558862e-01 4.117238e-02
         vertex 2.798362e+00 -4.754799e-01 4.338405e-02
      endloop
   endfacet
   facet normal 1.374157e-01 -5.436767e-01 8.279689e-01
      outer loop
         vertex 2.798384e+00 -4.841454e-01 3.769023e-02
         vertex 2.798362e+00 -4.754799e-01 4.338405e-02
         vertex 2.738740e+00 -4.968007e-01 3.927929e-02
      endloop
   endfacet
   facet normal 1.362686e-01 -5.408603e-01 8.300006e-01
      outer loop
         vertex 2.738740e+00 -4.968007e-01 3.927929e-02
         vertex 2.798362e+00 -4.754799e-01 4.338405e-02
         vertex 2.738779e+00 -4.882409e-01 4.485074e-02
      endloop
   endfacet
   facet normal 5.653057e-02 -5.448207e-01 8.366449e-01
      outer loop
         vertex 2.738740e+00 -4.968007e-01 3.927929e-02
         vertex 2.738779e+00 -4.882409e-01 4.485074e-02
         vertex 2.680779e+00 -5.015193e-01 4.012283e-02
      endloop
   endfacet
   facet normal 5.630323e-02 -5.440189e-01 8.371818e-01
      outer loop
         vertex 2.680779e+00 -5.015193e-01 4.012283e-02
         vertex 2.738779e+00 -4.882409e-01 4.485074e-02
         vertex 2.680830e+00 -4.933116e-01 4.545302e-02
      endloop
   endfacet
   facet normal -4.022085e-02 -5.440240e-01 8.381051e-01
      outer loop
         vertex 2.680779e+00 -5.015193e-01 4.012283e-02
         vertex 2.680830e+00 -4.933116e-01 4.545302e-02
         vertex 2.625000e+00 -4.974165e-01 4.010916e-02
      endloop
   endfacet
   facet normal -3.979512e-02 -5.471707e-01 8.360745e-01
      outer loop
         vertex 2.625000e+00 -4.974165e-01 4.010916e-02
         vertex 2.680830e+00 -4.933116e-01 4.545302e-02
         vertex 2.625000e+00 -4.898342e-01 4.507144e-02
      endloop
   endfacet
   facet normal -7.607380e-02 -5.460177e-01 8.343126e-01
      outer loop
         vertex 2.625000e+00 -4.974165e-01 4.010916e-02
         vertex 2.625000e+00 -4.898342e-01 4.507144e-02
         vertex 2.406350e+00 -4.588090e-01 4.543915e-02
      endloop
   endfacet
   facet normal -4.173049e-02 -3.053703e-01 9.513189e-01
      outer loop
         vertex 2.406350e+00 -4.588090e-01 4.543915e-02
         vertex 2.625000e+00 -4.898342e-01 4.507144e-02
         vertex 2.515374e+00 -4.486447e-01 5.348427e-02
      endloop
   endfacet
   facet normal -3.094846e-02 -3.948314e-01 9.182322e-01
      outer loop
         vertex 2.406350e+00 -4.588090e-01 4.543915e-02
         vertex 2.515374e+00 -4.486447e-01 5.348427e-02
         vertex 2.405925e+00 -4.349458e-01 5.568576e-02
      endloop
   endfacet
   facet normal 5.070213e-01 -5.010024e-01 7.013744e-01
      outer loop
         vertex 3.422922e+00 -7.418665e-02 2.943746e-03
         vertex 3.463861e+00 -3.531012e-02 1.118766e-03
         vertex 3.422299e+00 -7.283623e-02 4.358559e-03
      endloop
   endfacet
   facet normal 4.812388e-01 -4.690662e-01 7.405310e-01
      outer loop
         vertex 3.422299e+00 -7.283623e-02 4.358559e-03
         vertex 3.463861e+00 -3.531012e-02 1.118766e-03
         vertex 3.500000e+00 0.000000e+00 0.000000e+00
      endloop
   endfacet
   facet normal -8.863284e-03 -1.810865e-01 9.834272e-01
      outer loop
         vertex 2.625000e+00 -4.145591e-01 6.294736e-02
         vertex 2.625000e+00 -4.606815e-01 5.445446e-02
         vertex 2.681073e+00 -4.137123e-01 6.360865e-02
      endloop
   endfacet
   facet normal -1.922944e-02 -1.690978e-01 9.854117e-01
      outer loop
         vertex 2.681073e+00 -4.137123e-01 6.360865e-02
         vertex 2.625000e+00 -4.606815e-01 5.445446e-02
         vertex 2.680969e+00 -4.621500e-01 5.529466e-02
      endloop
   endfacet
   facet normal 2.942146e-02 -1.691570e-01 9.851499e-01
      outer loop
         vertex 2.681073e+00 -4.137123e-01 6.360865e-02
         vertex 2.680969e+00 -4.621500e-01 5.529466e-02
         vertex 2.738783e+00 -4.065617e-01 6.311297e-02
      endloop
   endfacet
   facet normal 2.258510e-02 -1.622360e-01 9.864935e-01
      outer loop
         vertex 2.738783e+00 -4.065617e-01 6.311297e-02
         vertex 2.680969e+00 -4.621500e-01 5.529466e-02
         vertex 2.738849e+00 -4.560230e-01 5.497718e-02
      endloop
   endfacet
   facet normal 6.087165e-02 -1.619267e-01 9.849235e-01
      outer loop
         vertex 2.738783e+00 -4.065617e-01 6.311297e-02
         vertex 2.738849e+00 -4.560230e-01 5.497718e-02
         vertex 2.797738e+00 -3.937420e-01 6.157693e-02
      endloop
   endfacet
   facet normal 5.697281e-02 -1.583268e-01 9.857417e-01
      outer loop
         vertex 2.797738e+00 -3.937420e-01 6.157693e-02
         vertex 2.738849e+00 -4.560230e-01 5.497718e-02
         vertex 2.798192e+00 -4.430636e-01 5.362884e-02
      endloop
   endfacet
   facet normal 8.752536e-02 -1.577010e-01 9.836004e-01
      outer loop
         vertex 2.797738e+00 -3.937420e-01 6.157693e-02
         vertex 2.798192e+00 -4.430636e-01 5.362884e-02
         vertex 2.857550e+00 -3.758879e-01 5.911718e-02
      endloop
   endfacet
   facet normal 8.602029e-02 -1.563989e-01 9.839410e-01
      outer loop
         vertex 2.857550e+00 -3.758879e-01 5.911718e-02
         vertex 2.798192e+00 -4.430636e-01 5.362884e-02
         vertex 2.858553e+00 -4.240348e-01 5.137648e-02
      endloop
   endfacet
   facet normal 1.106157e-01 -1.555136e-01 9.816209e-01
      outer loop
         vertex 2.857550e+00 -3.758879e-01 5.911718e-02
         vertex 2.858553e+00 -4.240348e-01 5.137648e-02
         vertex 2.917827e+00 -3.536341e-01 5.585031e-02
      endloop
   endfacet
   facet normal 1.110534e-01 -1.558753e-01 9.815142e-01
      outer loop
         vertex 2.917827e+00 -3.536341e-01 5.585031e-02
         vertex 2.858553e+00 -4.240348e-01 5.137648e-02
         vertex 2.919486e+00 -3.996994e-01 4.834693e-02
      endloop
   endfacet
   facet normal 1.309398e-01 -1.547875e-01 9.792322e-01
      outer loop
         vertex 2.917827e+00 -3.536341e-01 5.585031e-02
         vertex 2.919486e+00 -3.996994e-01 4.834693e-02
         vertex 2.978179e+00 -3.276155e-01 5.189297e-02
      endloop
   endfacet
   facet normal 1.329577e-01 -1.564045e-01 9.787032e-01
      outer loop
         vertex 2.978179e+00 -3.276155e-01 5.189297e-02
         vertex 2.919486e+00 -3.996994e-01 4.834693e-02
         vertex 2.980545e+00 -3.708206e-01 4.466701e-02
      endloop
   endfacet
   facet normal 1.565196e-01 -1.545790e-01 9.755034e-01
      outer loop
         vertex 2.978179e+00 -3.276155e-01 5.189297e-02
         vertex 2.980545e+00 -3.708206e-01 4.466701e-02
         vertex 3.097549e+00 -2.668224e-01 4.237332e-02
      endloop
   endfacet
   facet normal 1.620653e-01 -1.608606e-01 9.735803e-01
      outer loop
         vertex 3.097549e+00 -2.668224e-01 4.237332e-02
         vertex 2.980545e+00 -3.708206e-01 4.466701e-02
         vertex 3.101260e+00 -3.024846e-01 3.586338e-02
      endloop
   endfacet
   facet normal 1.854075e-01 -1.577630e-01 9.699149e-01
      outer loop
         vertex 3.097549e+00 -2.668224e-01 4.237332e-02
         vertex 3.101260e+00 -3.024846e-01 3.586338e-02
         vertex 3.212538e+00 -1.985864e-01 3.149122e-02
      endloop
   endfacet
   facet normal 1.940315e-01 -1.671369e-01 9.666525e-01
      outer loop
         vertex 3.212538e+00 -1.985864e-01 3.149122e-02
         vertex 3.101260e+00 -3.024846e-01 3.586338e-02
         vertex 3.217129e+00 -2.251305e-01 2.598023e-02
      endloop
   endfacet
   facet normal 2.091594e-01 -1.639773e-01 9.640352e-01
      outer loop
         vertex 3.212538e+00 -1.985864e-01 3.149122e-02
         vertex 3.217129e+00 -2.251305e-01 2.598023e-02
         vertex 3.320024e+00 -1.279854e-01 2.017964e-02
      endloop
   endfacet
   facet normal 2.204121e-01 -1.761750e-01 9.593648e-01
      outer loop
         vertex 3.320024e+00 -1.279854e-01 2.017964e-02
         vertex 3.217129e+00 -2.251305e-01 2.598023e-02
         vertex 3.324587e+00 -1.448625e-01 1.603220e-02
      endloop
   endfacet
   facet normal 2.304169e-01 -1.730328e-01 9.575843e-01
      outer loop
         vertex 3.320024e+00 -1.279854e-01 2.017964e-02
         vertex 3.324587e+00 -1.448625e-01 1.603220e-02
         vertex 3.500000e+00 0.000000e+00 0.000000e+00
      endloop
   endfacet
   facet normal 4.672904e-01 -8.581264e-01 2.127410e-01
      outer loop
         vertex 2.960098e+00 -4.220690e-01 2.503094e-02
         vertex 2.982563e+00 -4.101099e-01 2.392578e-02
         vertex 2.982529e+00 -4.094242e-01 2.676483e-02
      endloop
   endfacet
   facet normal 5.160740e-01 -8.312018e-01 2.068120e-01
      outer loop
         vertex 2.982529e+00 -4.094242e-01 2.676483e-02
         vertex 2.982563e+00 -4.101099e-01 2.392578e-02
         vertex 3.091039e+00 -3.441736e-01 1.824066e-02
      endloop
   endfacet
   facet normal 4.909382e-01 -7.610208e-01 4.240603e-01
      outer loop
         vertex 2.982529e+00 -4.094242e-01 2.676483e-02
         vertex 3.091039e+00 -3.441736e-01 1.824066e-02
         vertex 3.104572e+00 -3.344631e-01 2.000003e-02
      endloop
   endfacet
   facet normal 5.861400e-01 -8.090653e-01 -4.304955e-02
      outer loop
         vertex 3.104572e+00 -3.344631e-01 2.000003e-02
         vertex 3.091039e+00 -3.441736e-01 1.824066e-02
         vertex 3.221433e+00 -2.493265e-01 1.107422e-02
      endloop
   endfacet
   facet normal 5.876681e-01 -7.869250e-01 1.881362e-01
      outer loop
         vertex 3.104572e+00 -3.344631e-01 2.000003e-02
         vertex 3.221433e+00 -2.493265e-01 1.107422e-02
         vertex 3.221356e+00 -2.489035e-01 1.308344e-02
      endloop
   endfacet
   facet normal 6.214901e-01 -7.614900e-01 1.840734e-01
      outer loop
         vertex 3.221356e+00 -2.489035e-01 1.308344e-02
         vertex 3.221433e+00 -2.493265e-01 1.107422e-02
         vertex 3.263543e+00 -2.155071e-01 8.806110e-03
      endloop
   endfacet
   facet normal 5.637102e-01 -6.461868e-01 5.144643e-01
      outer loop
         vertex 3.221356e+00 -2.489035e-01 1.308344e-02
         vertex 3.263543e+00 -2.155071e-01 8.806110e-03
         vertex 3.327472e+00 -1.601361e-01 8.305382e-03
      endloop
   endfacet
   facet normal 6.207257e-01 -7.194843e-01 -3.115156e-01
      outer loop
         vertex 3.327472e+00 -1.601361e-01 8.305382e-03
         vertex 3.263543e+00 -2.155071e-01 8.806110e-03
         vertex 3.423142e+00 -7.465345e-02 1.503906e-03
      endloop
   endfacet
   facet normal 6.629587e-01 -7.281024e-01 1.742203e-01
      outer loop
         vertex 3.327472e+00 -1.601361e-01 8.305382e-03
         vertex 3.423142e+00 -7.465345e-02 1.503906e-03
         vertex 3.423110e+00 -7.450745e-02 2.234772e-03
      endloop
   endfacet
   facet normal 6.819761e-01 -7.109539e-01 1.716196e-01
      outer loop
         vertex 3.423110e+00 -7.450745e-02 2.234772e-03
         vertex 3.423142e+00 -7.465345e-02 1.503906e-03
         vertex 3.448131e+00 -5.086270e-02 7.588798e-04
      endloop
   endfacet
   facet normal 6.608891e-01 -6.794599e-01 3.186846e-01
      outer loop
         vertex 3.423110e+00 -7.450745e-02 2.234772e-03
         vertex 3.448131e+00 -5.086270e-02 7.588798e-04
         vertex 3.463957e+00 -3.547011e-02 7.565850e-04
      endloop
   endfacet
   facet normal 1.417650e-01 9.058058e-03 9.898589e-01
      outer loop
         vertex 2.736863e+00 -1.866323e-01 7.068707e-02
         vertex 2.735836e+00 -1.470676e-18 6.912643e-02
         vertex 2.625000e+00 0.000000e+00 8.500000e-02
      endloop
   endfacet
   facet normal 9.745624e-02 -3.090683e-02 9.947598e-01
      outer loop
         vertex 2.625000e+00 -1.945446e-01 8.106815e-02
         vertex 2.680438e+00 -1.917945e-01 7.572237e-02
         vertex 2.625000e+00 -1.007144e-01 8.398342e-02
      endloop
   endfacet
   facet normal 1.053909e-01 8.895637e-03 9.943911e-01
      outer loop
         vertex 2.735836e+00 -1.470676e-18 6.912643e-02
         vertex 2.736863e+00 -1.866323e-01 7.068707e-02
         vertex 2.849352e+00 -3.647899e-18 5.709536e-02
      endloop
   endfacet
   facet normal 7.759473e-02 2.581372e-02 9.966507e-01
      outer loop
         vertex 2.849352e+00 -3.647899e-18 5.709536e-02
         vertex 2.736863e+00 -1.866323e-01 7.068707e-02
         vertex 2.851746e+00 -1.700636e-01 6.131367e-02
      endloop
   endfacet
   facet normal 8.662987e-02 2.592239e-02 9.959033e-01
      outer loop
         vertex 2.849352e+00 -3.647899e-18 5.709536e-02
         vertex 2.851746e+00 -1.700636e-01 6.131367e-02
         vertex 2.898513e+00 -4.659192e-18 5.281905e-02
      endloop
   endfacet
   facet normal 6.977919e-02 3.061561e-02 9.970925e-01
      outer loop
         vertex 2.898513e+00 -4.659192e-18 5.281905e-02
         vertex 2.851746e+00 -1.700636e-01 6.131367e-02
         vertex 2.967784e+00 -1.468231e-01 5.247946e-02
      endloop
   endfacet
   facet normal 7.180261e-02 3.157066e-02 9.969191e-01
      outer loop
         vertex 2.898513e+00 -4.659192e-18 5.281905e-02
         vertex 2.967784e+00 -1.468231e-01 5.247946e-02
         vertex 3.078231e+00 -7.868507e-18 3.987490e-02
      endloop
   endfacet
   facet normal 6.729995e-02 3.497500e-02 9.971196e-01
      outer loop
         vertex 2.967784e+00 -1.468231e-01 5.247946e-02
         vertex 3.083110e+00 -1.188952e-01 4.371600e-02
         vertex 3.078231e+00 -7.868507e-18 3.987490e-02
      endloop
   endfacet
   facet normal 7.144924e-02 3.513574e-02 9.968252e-01
      outer loop
         vertex 3.078231e+00 -7.868507e-18 3.987490e-02
         vertex 3.083110e+00 -1.188952e-01 4.371600e-02
         vertex 3.195860e+00 -8.826444e-02 3.455479e-02
      endloop
   endfacet
   facet normal 7.037237e-02 3.369300e-02 9.969516e-01
      outer loop
         vertex 3.078231e+00 -7.868507e-18 3.987490e-02
         vertex 3.195860e+00 -8.826444e-02 3.455479e-02
         vertex 3.276209e+00 -8.449514e-18 2.590012e-02
      endloop
   endfacet
   facet normal 8.682463e-02 1.862757e-02 9.960494e-01
      outer loop
         vertex 3.276209e+00 -8.449514e-18 2.590012e-02
         vertex 3.195860e+00 -8.826444e-02 3.455479e-02
         vertex 3.304168e+00 -5.691534e-02 2.452737e-02
      endloop
   endfacet
   facet normal 9.676632e-02 2.353591e-02 9.950288e-01
      outer loop
         vertex 3.276209e+00 -8.449514e-18 2.590012e-02
         vertex 3.304168e+00 -5.691534e-02 2.452737e-02
         vertex 3.402930e+00 -5.414267e-18 1.357661e-02
      endloop
   endfacet
   facet normal 1.112310e-01 -1.801477e-03 9.937929e-01
      outer loop
         vertex 3.402930e+00 -5.414267e-18 1.357661e-02
         vertex 3.304168e+00 -5.691534e-02 2.452737e-02
         vertex 3.406170e+00 -2.683235e-02 1.316526e-02
      endloop
   endfacet
   facet normal 1.385150e-01 1.546297e-03 9.903591e-01
      outer loop
         vertex 3.402930e+00 -5.414267e-18 1.357661e-02
         vertex 3.406170e+00 -2.683235e-02 1.316526e-02
         vertex 3.500000e+00 0.000000e+00 0.000000e+00
      endloop
   endfacet
   facet normal 3.063503e-02 -3.122542e-02 9.990428e-01
      outer loop
         vertex 2.066504e+00 2.673750e-18 1.215222e-01
         vertex 1.859980e+00 1.436179e-18 1.278552e-01
         vertex 1.860087e+00 -1.479783e-01 1.232268e-01
      endloop
   endfacet
   facet normal 6.479699e-02 -3.114973e-02 9.974122e-01
      outer loop
         vertex 1.860087e+00 -1.479783e-01 1.232268e-01
         vertex 1.859980e+00 1.436179e-18 1.278552e-01
         vertex 1.750000e+00 0.000000e+00 1.350000e-01
      endloop
   endfacet
   facet normal 7.056210e-02 -2.683969e-02 9.971462e-01
      outer loop
         vertex 1.860087e+00 -1.479783e-01 1.232268e-01
         vertex 1.750000e+00 0.000000e+00 1.350000e-01
         vertex 1.750000e+00 -7.553577e-02 1.329668e-01
      endloop
   endfacet
   facet normal 1.021882e-02 -3.671588e-02 9.992735e-01
      outer loop
         vertex 2.625000e+00 -3.534841e-01 7.034840e-02
         vertex 2.681035e+00 -3.508607e-01 6.987177e-02
         vertex 2.680438e+00 -1.917945e-01 7.572237e-02
      endloop
   endfacet
   facet normal 9.211648e-02 -3.625456e-02 9.950880e-01
      outer loop
         vertex 2.680438e+00 -1.917945e-01 7.572237e-02
         vertex 2.681035e+00 -3.508607e-01 6.987177e-02
         vertex 2.736863e+00 -1.866323e-01 7.068707e-02
      endloop
   endfacet
   facet normal 9.194515e-02 -3.429876e-02 9.951732e-01
      outer loop
         vertex 2.680438e+00 -1.917945e-01 7.572237e-02
         vertex 2.736863e+00 -1.866323e-01 7.068707e-02
         vertex 2.625000e+00 -1.007144e-01 8.398342e-02
      endloop
   endfacet
   facet normal 1.104247e-01 -1.003145e-02 9.938339e-01
      outer loop
         vertex 2.625000e+00 -1.007144e-01 8.398342e-02
         vertex 2.736863e+00 -1.866323e-01 7.068707e-02
         vertex 2.625000e+00 0.000000e+00 8.500000e-02
      endloop
   endfacet
   facet normal 1.603330e-01 -9.962600e-03 9.870127e-01
      outer loop
         vertex 2.625000e+00 -1.007144e-01 8.398342e-02
         vertex 2.625000e+00 0.000000e+00 8.500000e-02
         vertex 2.609115e+00 1.351526e-19 8.758038e-02
      endloop
   endfacet
   facet normal 3.994234e-02 -3.518308e-02 9.985824e-01
      outer loop
         vertex 2.389046e+00 1.815096e-18 1.110450e-01
         vertex 2.188630e+00 2.672636e-18 1.190615e-01
         vertex 2.406738e+00 -9.865555e-02 1.068614e-01
      endloop
   endfacet
   facet normal 4.503876e-02 -2.393027e-02 9.986986e-01
      outer loop
         vertex 2.406738e+00 -9.865555e-02 1.068614e-01
         vertex 2.188630e+00 2.672636e-18 1.190615e-01
         vertex 2.188478e+00 -8.947268e-02 1.169244e-01
      endloop
   endfacet
   facet normal 4.235693e-02 -8.421824e-02 9.955467e-01
      outer loop
         vertex 2.406738e+00 -9.865555e-02 1.068614e-01
         vertex 2.188478e+00 -8.947268e-02 1.169244e-01
         vertex 2.406216e+00 -1.900668e-01 9.915070e-02
      endloop
   endfacet
   facet normal 3.236664e-02 -3.364241e-02 9.989097e-01
      outer loop
         vertex 2.066504e+00 2.673750e-18 1.215222e-01
         vertex 1.860087e+00 -1.479783e-01 1.232268e-01
         vertex 1.969719e+00 -1.541048e-01 1.194681e-01
      endloop
   endfacet
   facet normal 2.853878e-02 -9.951383e-02 9.946268e-01
      outer loop
         vertex 1.969719e+00 -1.541048e-01 1.194681e-01
         vertex 1.860087e+00 -1.479783e-01 1.232268e-01
         vertex 1.860115e+00 -2.133623e-01 1.166842e-01
      endloop
   endfacet
   facet normal 2.328885e-02 -8.985299e-02 9.956827e-01
      outer loop
         vertex 1.969719e+00 -1.541048e-01 1.194681e-01
         vertex 1.860115e+00 -2.133623e-01 1.166842e-01
         vertex 1.969649e+00 -2.221794e-01 1.133265e-01
      endloop
   endfacet
   facet normal 1.648331e-02 -1.704185e-01 9.852339e-01
      outer loop
         vertex 1.969649e+00 -2.221794e-01 1.133265e-01
         vertex 1.860115e+00 -2.133623e-01 1.166842e-01
         vertex 1.860031e+00 -2.713821e-01 1.066498e-01
      endloop
   endfacet
   facet normal 9.765828e-03 -1.557930e-01 9.877414e-01
      outer loop
         vertex 1.969649e+00 -2.221794e-01 1.133265e-01
         vertex 1.860031e+00 -2.713821e-01 1.066498e-01
         vertex 1.969477e+00 -2.825531e-01 1.038057e-01
      endloop
   endfacet
   facet normal -2.566674e-03 -2.702631e-01 9.627831e-01
      outer loop
         vertex 1.969477e+00 -2.825531e-01 1.038057e-01
         vertex 1.860031e+00 -2.713821e-01 1.066498e-01
         vertex 1.859797e+00 -3.206124e-01 9.282967e-02
      endloop
   endfacet
   facet normal -1.014327e-02 -2.499897e-01 9.681954e-01
      outer loop
         vertex 1.969477e+00 -2.825531e-01 1.038057e-01
         vertex 1.859797e+00 -3.206124e-01 9.282967e-02
         vertex 1.969183e+00 -3.337338e-01 9.058768e-02
      endloop
   endfacet
   facet normal -3.015364e-02 -4.073366e-01 9.127802e-01
      outer loop
         vertex 1.969183e+00 -3.337338e-01 9.058768e-02
         vertex 1.859797e+00 -3.206124e-01 9.282967e-02
         vertex 1.859492e+00 -3.588091e-01 7.577398e-02
      endloop
   endfacet
   facet normal -3.766721e-02 -3.809867e-01 9.238129e-01
      outer loop
         vertex 1.969183e+00 -3.337338e-01 9.058768e-02
         vertex 1.859492e+00 -3.588091e-01 7.577398e-02
         vertex 1.968845e+00 -3.734088e-01 7.421170e-02
      endloop
   endfacet
   facet normal 2.707349e-02 -1.966996e-01 9.800899e-01
      outer loop
         vertex 2.405519e+00 -3.955389e-01 6.611007e-02
         vertex 2.514886e+00 -3.500400e-01 7.222040e-02
         vertex 2.405382e+00 -3.408868e-01 7.708229e-02
      endloop
   endfacet
   facet normal 3.398965e-02 -1.203629e-01 9.921479e-01
      outer loop
         vertex 2.405382e+00 -3.408868e-01 7.708229e-02
         vertex 2.514886e+00 -3.500400e-01 7.222040e-02
         vertex 2.515459e+00 -1.946439e-01 9.105273e-02
      endloop
   endfacet
   facet normal 6.711029e-02 -1.448183e-01 9.871798e-01
      outer loop
         vertex 2.405382e+00 -3.408868e-01 7.708229e-02
         vertex 2.515459e+00 -1.946439e-01 9.105273e-02
         vertex 2.406216e+00 -1.900668e-01 9.915070e-02
      endloop
   endfacet
   facet normal 7.085360e-02 -6.943047e-02 9.950674e-01
      outer loop
         vertex 2.406216e+00 -1.900668e-01 9.915070e-02
         vertex 2.515459e+00 -1.946439e-01 9.105273e-02
         vertex 2.515838e+00 -1.009786e-01 9.756122e-02
      endloop
   endfacet
   facet normal 8.285425e-02 -8.423404e-02 9.929954e-01
      outer loop
         vertex 2.406216e+00 -1.900668e-01 9.915070e-02
         vertex 2.515838e+00 -1.009786e-01 9.756122e-02
         vertex 2.406738e+00 -9.865555e-02 1.068614e-01
      endloop
   endfacet
   facet normal 8.438355e-02 -2.492712e-02 9.961215e-01
      outer loop
         vertex 2.406738e+00 -9.865555e-02 1.068614e-01
         vertex 2.515838e+00 -1.009786e-01 9.756122e-02
         vertex 2.516009e+00 9.023778e-19 1.000736e-01
      endloop
   endfacet
   facet normal 8.606243e-02 -2.679987e-02 9.959292e-01
      outer loop
         vertex 2.406738e+00 -9.865555e-02 1.068614e-01
         vertex 2.516009e+00 9.023778e-19 1.000736e-01
         vertex 2.389046e+00 1.815096e-18 1.110450e-01
      endloop
   endfacet
   facet normal 4.871874e-02 -7.058381e-02 9.963154e-01
      outer loop
         vertex 2.188478e+00 -8.947268e-02 1.169244e-01
         vertex 2.188123e+00 -1.727055e-01 1.110452e-01
         vertex 2.406216e+00 -1.900668e-01 9.915070e-02
      endloop
   endfacet
   facet normal 4.479948e-02 -1.169482e-01 9.921271e-01
      outer loop
         vertex 2.406216e+00 -1.900668e-01 9.915070e-02
         vertex 2.188123e+00 -1.727055e-01 1.110452e-01
         vertex 2.187716e+00 -2.477174e-01 1.022214e-01
      endloop
   endfacet
   facet normal 5.210879e-02 -1.448667e-01 9.880781e-01
      outer loop
         vertex 2.406216e+00 -1.900668e-01 9.915070e-02
         vertex 2.187716e+00 -2.477174e-01 1.022214e-01
         vertex 2.405382e+00 -3.408868e-01 7.708229e-02
      endloop
   endfacet
   facet normal 4.231040e-02 -1.669432e-01 9.850583e-01
      outer loop
         vertex 2.405382e+00 -3.408868e-01 7.708229e-02
         vertex 2.187716e+00 -2.477174e-01 1.022214e-01
         vertex 2.187406e+00 -3.125271e-01 9.125112e-02
      endloop
   endfacet
   facet normal 3.810610e-02 -1.966021e-01 9.797426e-01
      outer loop
         vertex 2.405382e+00 -3.408868e-01 7.708229e-02
         vertex 2.187406e+00 -3.125271e-01 9.125112e-02
         vertex 2.405519e+00 -3.955389e-01 6.611007e-02
      endloop
   endfacet
   facet normal 2.013933e-02 -2.390749e-02 9.995113e-01
      outer loop
         vertex 2.188630e+00 2.672636e-18 1.190615e-01
         vertex 2.066504e+00 2.673750e-18 1.215222e-01
         vertex 2.188478e+00 -8.947268e-02 1.169244e-01
      endloop
   endfacet
   facet normal 1.910274e-02 -2.531988e-02 9.994969e-01
      outer loop
         vertex 2.188478e+00 -8.947268e-02 1.169244e-01
         vertex 2.066504e+00 2.673750e-18 1.215222e-01
         vertex 1.969719e+00 -1.541048e-01 1.194681e-01
      endloop
   endfacet
   facet normal 3.244003e-02 -7.056140e-02 9.969798e-01
      outer loop
         vertex 2.188478e+00 -8.947268e-02 1.169244e-01
         vertex 1.969719e+00 -1.541048e-01 1.194681e-01
         vertex 2.188123e+00 -1.727055e-01 1.110452e-01
      endloop
   endfacet
   facet normal 3.074014e-02 -8.984249e-02 9.954815e-01
      outer loop
         vertex 2.188123e+00 -1.727055e-01 1.110452e-01
         vertex 1.969719e+00 -1.541048e-01 1.194681e-01
         vertex 1.969649e+00 -2.221794e-01 1.133265e-01
      endloop
   endfacet
   facet normal 3.684562e-02 -1.169435e-01 9.924548e-01
      outer loop
         vertex 2.188123e+00 -1.727055e-01 1.110452e-01
         vertex 1.969649e+00 -2.221794e-01 1.133265e-01
         vertex 2.187716e+00 -2.477174e-01 1.022214e-01
      endloop
   endfacet
   facet normal 3.203319e-02 -1.557826e-01 9.872718e-01
      outer loop
         vertex 2.187716e+00 -2.477174e-01 1.022214e-01
         vertex 1.969649e+00 -2.221794e-01 1.133265e-01
         vertex 1.969477e+00 -2.825531e-01 1.038057e-01
      endloop
   endfacet
   facet normal 3.380328e-02 -1.669577e-01 9.853844e-01
      outer loop
         vertex 2.187716e+00 -2.477174e-01 1.022214e-01
         vertex 1.969477e+00 -2.825531e-01 1.038057e-01
         vertex 2.187406e+00 -3.125271e-01 9.125112e-02
      endloop
   endfacet
   facet normal 2.451724e-02 -2.293048e-01 9.730458e-01
      outer loop
         vertex 2.187406e+00 -3.125271e-01 9.125112e-02
         vertex 1.969477e+00 -2.825531e-01 1.038057e-01
         vertex 2.187301e+00 -3.652687e-01 7.882483e-02
      endloop
   endfacet
   facet normal 2.488738e-02 -2.293034e-01 9.730368e-01
      outer loop
         vertex 2.187406e+00 -3.125271e-01 9.125112e-02
         vertex 2.187301e+00 -3.652687e-01 7.882483e-02
         vertex 2.405519e+00 -3.955389e-01 6.611007e-02
      endloop
   endfacet
   facet normal 2.088109e-02 -2.554767e-01 9.665897e-01
      outer loop
         vertex 2.405519e+00 -3.955389e-01 6.611007e-02
         vertex 2.187301e+00 -3.652687e-01 7.882483e-02
         vertex 2.405925e+00 -4.349458e-01 5.568576e-02
      endloop
   endfacet
   facet normal 3.350035e-03 -2.556997e-01 9.667505e-01
      outer loop
         vertex 2.405519e+00 -3.955389e-01 6.611007e-02
         vertex 2.405925e+00 -4.349458e-01 5.568576e-02
         vertex 2.515029e+00 -4.070793e-01 6.267821e-02
      endloop
   endfacet
   facet normal -7.399374e-03 -2.160244e-01 9.763599e-01
      outer loop
         vertex 2.515029e+00 -4.070793e-01 6.267821e-02
         vertex 2.405925e+00 -4.349458e-01 5.568576e-02
         vertex 2.515374e+00 -4.486447e-01 5.348427e-02
      endloop
   endfacet
   facet normal 3.382011e-02 -8.252222e-02 9.960152e-01
      outer loop
         vertex 1.750000e+00 -7.553577e-02 1.329668e-01
         vertex 1.750000e+00 -1.459084e-01 1.271363e-01
         vertex 1.860087e+00 -1.479783e-01 1.232268e-01
      endloop
   endfacet
   facet normal 3.289165e-02 -1.238564e-01 9.917549e-01
      outer loop
         vertex 1.860087e+00 -1.479783e-01 1.232268e-01
         vertex 1.750000e+00 -1.459084e-01 1.271363e-01
         vertex 1.750000e+00 -1.713020e-01 1.239650e-01
      endloop
   endfacet
   facet normal 2.775421e-02 -9.951637e-02 9.946488e-01
      outer loop
         vertex 1.860087e+00 -1.479783e-01 1.232268e-01
         vertex 1.750000e+00 -1.713020e-01 1.239650e-01
         vertex 1.860115e+00 -2.133623e-01 1.166842e-01
      endloop
   endfacet
   facet normal -8.109424e-03 -1.911371e-01 9.815299e-01
      outer loop
         vertex 1.860115e+00 -2.133623e-01 1.166842e-01
         vertex 1.750000e+00 -1.713020e-01 1.239650e-01
         vertex 1.750000e+00 -2.651131e-01 1.056968e-01
      endloop
   endfacet
   facet normal -1.823914e-02 -1.703651e-01 9.852122e-01
      outer loop
         vertex 1.860115e+00 -2.133623e-01 1.166842e-01
         vertex 1.750000e+00 -2.651131e-01 1.056968e-01
         vertex 1.860031e+00 -2.713821e-01 1.066498e-01
      endloop
   endfacet
   facet normal -2.483492e-02 -2.904879e-01 9.565563e-01
      outer loop
         vertex 1.860031e+00 -2.713821e-01 1.066498e-01
         vertex 1.750000e+00 -2.651131e-01 1.056968e-01
         vertex 1.750000e+00 -2.973890e-01 9.589522e-02
      endloop
   endfacet
   facet normal -3.024233e-02 -2.700182e-01 9.623802e-01
      outer loop
         vertex 1.860031e+00 -2.713821e-01 1.066498e-01
         vertex 1.750000e+00 -2.973890e-01 9.589522e-02
         vertex 1.859797e+00 -3.206124e-01 9.282967e-02
      endloop
   endfacet
   facet normal -6.238044e-02 -4.147569e-01 9.077915e-01
      outer loop
         vertex 1.859797e+00 -3.206124e-01 9.282967e-02
         vertex 1.750000e+00 -2.973890e-01 9.589522e-02
         vertex 1.750000e+00 -3.455111e-01 7.390892e-02
      endloop
   endfacet
   facet normal -6.488579e-02 -4.064316e-01 9.113744e-01
      outer loop
         vertex 1.859797e+00 -3.206124e-01 9.282967e-02
         vertex 1.750000e+00 -3.455111e-01 7.390892e-02
         vertex 1.859492e+00 -3.588091e-01 7.577398e-02
      endloop
   endfacet
   facet normal -8.557046e-02 -5.921906e-01 8.012416e-01
      outer loop
         vertex 1.859492e+00 -3.588091e-01 7.577398e-02
         vertex 1.750000e+00 -3.455111e-01 7.390892e-02
         vertex 1.750000e+00 -3.591859e-01 6.380202e-02
      endloop
   endfacet
   facet normal -7.861274e-02 -6.680031e-01 7.399945e-01
      outer loop
         vertex 1.859492e+00 -3.588091e-01 7.577398e-02
         vertex 1.750000e+00 -3.591859e-01 6.380202e-02
         vertex 1.968845e+00 -3.734088e-01 7.421170e-02
      endloop
   endfacet
   facet normal -7.653048e-02 -5.884650e-01 8.048925e-01
      outer loop
         vertex 1.968845e+00 -3.734088e-01 7.421170e-02
         vertex 1.750000e+00 -3.591859e-01 6.380202e-02
         vertex 1.968568e+00 -3.990602e-01 5.543130e-02
      endloop
   endfacet
   facet normal -6.271979e-02 -5.891318e-01 8.055991e-01
      outer loop
         vertex 1.968845e+00 -3.734088e-01 7.421170e-02
         vertex 1.968568e+00 -3.990602e-01 5.543130e-02
         vertex 2.187446e+00 -4.290445e-01 5.054457e-02
      endloop
   endfacet
   facet normal -9.123268e-02 -7.690759e-01 6.326127e-01
      outer loop
         vertex 2.187446e+00 -4.290445e-01 5.054457e-02
         vertex 1.968568e+00 -3.990602e-01 5.543130e-02
         vertex 2.187484e+00 -4.353593e-01 4.287321e-02
      endloop
   endfacet
   facet normal -9.588012e-02 -7.687502e-01 6.323212e-01
      outer loop
         vertex 2.187446e+00 -4.290445e-01 5.054457e-02
         vertex 2.187484e+00 -4.353593e-01 4.287321e-02
         vertex 2.406493e+00 -4.648184e-01 4.026678e-02
      endloop
   endfacet
   facet normal -1.100715e-01 -8.620759e-01 4.946811e-01
      outer loop
         vertex 2.406493e+00 -4.648184e-01 4.026678e-02
         vertex 2.187484e+00 -4.353593e-01 4.287321e-02
         vertex 2.406533e+00 -4.663261e-01 3.764808e-02
      endloop
   endfacet
   facet normal -1.298420e-01 -8.601360e-01 4.932617e-01
      outer loop
         vertex 2.406493e+00 -4.648184e-01 4.026678e-02
         vertex 2.406533e+00 -4.663261e-01 3.764808e-02
         vertex 2.625000e+00 -4.993489e-01 3.757137e-02
      endloop
   endfacet
   facet normal -1.492037e-01 -9.869388e-01 -6.074547e-02
      outer loop
         vertex 2.625000e+00 -4.993489e-01 3.757137e-02
         vertex 2.406533e+00 -4.663261e-01 3.764808e-02
         vertex 2.517316e+00 -4.829111e-01 3.500000e-02
      endloop
   endfacet
   facet normal -1.520503e-01 -9.581321e-01 2.426181e-01
      outer loop
         vertex 2.625000e+00 -4.993489e-01 3.757137e-02
         vertex 2.517316e+00 -4.829111e-01 3.500000e-02
         vertex 2.625000e+00 -5.000000e-01 3.500000e-02
      endloop
   endfacet
   facet normal -1.023719e-02 -9.915920e-02 9.950189e-01
      outer loop
         vertex 2.625000e+00 -4.145591e-01 6.294736e-02
         vertex 2.681073e+00 -4.137123e-01 6.360865e-02
         vertex 2.681035e+00 -3.508607e-01 6.987177e-02
      endloop
   endfacet
   facet normal 3.685207e-02 -9.906856e-02 9.943980e-01
      outer loop
         vertex 2.681035e+00 -3.508607e-01 6.987177e-02
         vertex 2.681073e+00 -4.137123e-01 6.360865e-02
         vertex 2.738433e+00 -3.433219e-01 6.849568e-02
      endloop
   endfacet
   facet normal 2.576653e-02 -1.372152e-02 9.995738e-01
      outer loop
         vertex 2.681035e+00 -3.508607e-01 6.987177e-02
         vertex 2.738433e+00 -3.433219e-01 6.849568e-02
         vertex 2.736863e+00 -1.866323e-01 7.068707e-02
      endloop
   endfacet
   facet normal 4.030504e-02 -1.356920e-02 9.990953e-01
      outer loop
         vertex 2.736863e+00 -1.866323e-01 7.068707e-02
         vertex 2.738433e+00 -3.433219e-01 6.849568e-02
         vertex 2.796864e+00 -3.313648e-01 6.630087e-02
      endloop
   endfacet
   facet normal 8.084607e-02 3.309539e-03 9.967211e-01
      outer loop
         vertex 2.736863e+00 -1.866323e-01 7.068707e-02
         vertex 2.796864e+00 -3.313648e-01 6.630087e-02
         vertex 2.851746e+00 -1.700636e-01 6.131367e-02
      endloop
   endfacet
   facet normal 4.539397e-02 1.543784e-02 9.988499e-01
      outer loop
         vertex 2.851746e+00 -1.700636e-01 6.131367e-02
         vertex 2.796864e+00 -3.313648e-01 6.630087e-02
         vertex 2.855997e+00 -3.154863e-01 6.336808e-02
      endloop
   endfacet
   facet normal 7.267397e-02 1.621227e-02 9.972240e-01
      outer loop
         vertex 2.851746e+00 -1.700636e-01 6.131367e-02
         vertex 2.855997e+00 -3.154863e-01 6.336808e-02
         vertex 2.967784e+00 -1.468231e-01 5.247946e-02
      endloop
   endfacet
   facet normal 5.534714e-02 2.775151e-02 9.980814e-01
      outer loop
         vertex 2.967784e+00 -1.468231e-01 5.247946e-02
         vertex 2.855997e+00 -3.154863e-01 6.336808e-02
         vertex 2.975047e+00 -2.739534e-01 5.561151e-02
      endloop
   endfacet
   facet normal 6.887469e-02 2.850314e-02 9.972181e-01
      outer loop
         vertex 2.967784e+00 -1.468231e-01 5.247946e-02
         vertex 2.975047e+00 -2.739534e-01 5.561151e-02
         vertex 3.083110e+00 -1.188952e-01 4.371600e-02
      endloop
   endfacet
   facet normal 7.047520e-02 2.738155e-02 9.971377e-01
      outer loop
         vertex 3.083110e+00 -1.188952e-01 4.371600e-02
         vertex 2.975047e+00 -2.739534e-01 5.561151e-02
         vertex 3.092938e+00 -2.226996e-01 4.587184e-02
      endloop
   endfacet
   facet normal 7.348672e-02 2.766201e-02 9.969125e-01
      outer loop
         vertex 3.083110e+00 -1.188952e-01 4.371600e-02
         vertex 3.092938e+00 -2.226996e-01 4.587184e-02
         vertex 3.195860e+00 -8.826444e-02 3.455479e-02
      endloop
   endfacet
   facet normal 8.876005e-02 1.588597e-02 9.959263e-01
      outer loop
         vertex 3.195860e+00 -8.826444e-02 3.455479e-02
         vertex 3.092938e+00 -2.226996e-01 4.587184e-02
         vertex 3.207024e+00 -1.657011e-01 3.479497e-02
      endloop
   endfacet
   facet normal 8.766175e-02 1.572794e-02 9.960261e-01
      outer loop
         vertex 3.195860e+00 -8.826444e-02 3.455479e-02
         vertex 3.207024e+00 -1.657011e-01 3.479497e-02
         vertex 3.304168e+00 -5.691534e-02 2.452737e-02
      endloop
   endfacet
   facet normal 1.120822e-01 -6.300661e-03 9.936790e-01
      outer loop
         vertex 3.304168e+00 -5.691534e-02 2.452737e-02
         vertex 3.207024e+00 -1.657011e-01 3.479497e-02
         vertex 3.314660e+00 -1.069342e-01 2.302678e-02
      endloop
   endfacet
   facet normal 1.125128e-01 -6.208883e-03 9.936309e-01
      outer loop
         vertex 3.304168e+00 -5.691534e-02 2.452737e-02
         vertex 3.314660e+00 -1.069342e-01 2.302678e-02
         vertex 3.406170e+00 -2.683235e-02 1.316526e-02
      endloop
   endfacet
   facet normal 1.540046e-01 -5.447961e-02 9.865671e-01
      outer loop
         vertex 3.406170e+00 -2.683235e-02 1.316526e-02
         vertex 3.314660e+00 -1.069342e-01 2.302678e-02
         vertex 3.500000e+00 0.000000e+00 0.000000e+00
      endloop
   endfacet
   facet normal 1.234529e-01 -1.596545e-02 9.922220e-01
      outer loop
         vertex 2.609115e+00 1.351526e-19 8.758038e-02
         vertex 2.515838e+00 -1.009786e-01 9.756122e-02
         vertex 2.625000e+00 -1.007144e-01 8.398342e-02
      endloop
   endfacet
   facet normal 1.232991e-01 -6.928685e-02 9.899478e-01
      outer loop
         vertex 2.625000e+00 -1.007144e-01 8.398342e-02
         vertex 2.515838e+00 -1.009786e-01 9.756122e-02
         vertex 2.515459e+00 -1.946439e-01 9.105273e-02
      endloop
   endfacet
   facet normal 9.075721e-02 -3.092649e-02 9.953927e-01
      outer loop
         vertex 2.625000e+00 -1.007144e-01 8.398342e-02
         vertex 2.515459e+00 -1.946439e-01 9.105273e-02
         vertex 2.625000e+00 -1.945446e-01 8.106815e-02
      endloop
   endfacet
   facet normal 9.022331e-02 -1.201461e-01 9.886479e-01
      outer loop
         vertex 2.625000e+00 -1.945446e-01 8.106815e-02
         vertex 2.515459e+00 -1.946439e-01 9.105273e-02
         vertex 2.514886e+00 -3.500400e-01 7.222040e-02
      endloop
   endfacet
   facet normal 1.485560e-02 -6.728515e-02 9.976232e-01
      outer loop
         vertex 2.625000e+00 -1.945446e-01 8.106815e-02
         vertex 2.514886e+00 -3.500400e-01 7.222040e-02
         vertex 2.625000e+00 -3.534841e-01 7.034840e-02
      endloop
   endfacet
   facet normal 1.160697e-02 -1.649591e-01 9.862321e-01
      outer loop
         vertex 2.625000e+00 -3.534841e-01 7.034840e-02
         vertex 2.514886e+00 -3.500400e-01 7.222040e-02
         vertex 2.515029e+00 -4.070793e-01 6.267821e-02
      endloop
   endfacet
   facet normal -1.061133e-02 -1.202928e-01 9.926817e-01
      outer loop
         vertex 2.625000e+00 -3.534841e-01 7.034840e-02
         vertex 2.515029e+00 -4.070793e-01 6.267821e-02
         vertex 2.625000e+00 -4.145591e-01 6.294736e-02
      endloop
   endfacet
   facet normal -1.708581e-02 -2.160755e-01 9.762272e-01
      outer loop
         vertex 2.625000e+00 -4.145591e-01 6.294736e-02
         vertex 2.515029e+00 -4.070793e-01 6.267821e-02
         vertex 2.515374e+00 -4.486447e-01 5.348427e-02
      endloop
   endfacet
   facet normal -2.857579e-02 -1.810196e-01 9.830643e-01
      outer loop
         vertex 2.625000e+00 -4.145591e-01 6.294736e-02
         vertex 2.515374e+00 -4.486447e-01 5.348427e-02
         vertex 2.625000e+00 -4.606815e-01 5.445446e-02
      endloop
   endfacet
   facet normal -4.202728e-02 -3.061090e-01 9.510683e-01
      outer loop
         vertex 2.625000e+00 -4.606815e-01 5.445446e-02
         vertex 2.515374e+00 -4.486447e-01 5.348427e-02
         vertex 2.625000e+00 -4.898342e-01 4.507144e-02
      endloop
   endfacet
   facet normal -2.232283e-02 -3.063034e-01 9.516722e-01
      outer loop
         vertex 2.625000e+00 -4.606815e-01 5.445446e-02
         vertex 2.625000e+00 -4.898342e-01 4.507144e-02
         vertex 2.680969e+00 -4.621500e-01 5.529466e-02
      endloop
   endfacet
   facet normal -2.526126e-02 -3.009641e-01 9.533008e-01
      outer loop
         vertex 2.680969e+00 -4.621500e-01 5.529466e-02
         vertex 2.625000e+00 -4.898342e-01 4.507144e-02
         vertex 2.680830e+00 -4.933116e-01 4.545302e-02
      endloop
   endfacet
   facet normal 3.710130e-02 -3.011076e-01 9.528682e-01
      outer loop
         vertex 2.680969e+00 -4.621500e-01 5.529466e-02
         vertex 2.680830e+00 -4.933116e-01 4.545302e-02
         vertex 2.738849e+00 -4.560230e-01 5.497718e-02
      endloop
   endfacet
   facet normal 3.613439e-02 -2.997240e-01 9.533414e-01
      outer loop
         vertex 2.738849e+00 -4.560230e-01 5.497718e-02
         vertex 2.680830e+00 -4.933116e-01 4.545302e-02
         vertex 2.738779e+00 -4.882409e-01 4.485074e-02
      endloop
   endfacet
   facet normal 8.686373e-02 -2.988862e-01 9.503272e-01
      outer loop
         vertex 2.738849e+00 -4.560230e-01 5.497718e-02
         vertex 2.738779e+00 -4.882409e-01 4.485074e-02
         vertex 2.798192e+00 -4.430636e-01 5.362884e-02
      endloop
   endfacet
   facet normal 8.758736e-02 -2.997708e-01 9.499821e-01
      outer loop
         vertex 2.798192e+00 -4.430636e-01 5.362884e-02
         vertex 2.738779e+00 -4.882409e-01 4.485074e-02
         vertex 2.798362e+00 -4.754799e-01 4.338405e-02
      endloop
   endfacet
   facet normal 1.292964e-01 -2.981999e-01 9.457057e-01
      outer loop
         vertex 2.798192e+00 -4.430636e-01 5.362884e-02
         vertex 2.798362e+00 -4.754799e-01 4.338405e-02
         vertex 2.858553e+00 -4.240348e-01 5.137648e-02
      endloop
   endfacet
   facet normal 1.313375e-01 -3.004344e-01 9.447167e-01
      outer loop
         vertex 2.858553e+00 -4.240348e-01 5.137648e-02
         vertex 2.798362e+00 -4.754799e-01 4.338405e-02
         vertex 2.859091e+00 -4.558862e-01 4.117238e-02
      endloop
   endfacet
   facet normal 1.658758e-01 -2.983205e-01 9.399415e-01
      outer loop
         vertex 2.858553e+00 -4.240348e-01 5.137648e-02
         vertex 2.859091e+00 -4.558862e-01 4.117238e-02
         vertex 2.919486e+00 -3.996994e-01 4.834693e-02
      endloop
   endfacet
   facet normal 1.688945e-01 -3.013722e-01 9.384292e-01
      outer loop
         vertex 2.919486e+00 -3.996994e-01 4.834693e-02
         vertex 2.859091e+00 -4.558862e-01 4.117238e-02
         vertex 2.920480e+00 -4.303174e-01 3.833517e-02
      endloop
   endfacet
   facet normal 1.976178e-01 -2.988637e-01 9.336100e-01
      outer loop
         vertex 2.919486e+00 -3.996994e-01 4.834693e-02
         vertex 2.920480e+00 -4.303174e-01 3.833517e-02
         vertex 2.980545e+00 -3.708206e-01 4.466701e-02
      endloop
   endfacet
   facet normal 2.013440e-01 -3.024186e-01 9.316671e-01
      outer loop
         vertex 2.980545e+00 -3.708206e-01 4.466701e-02
         vertex 2.920480e+00 -4.303174e-01 3.833517e-02
         vertex 2.982041e+00 -3.996313e-01 3.499187e-02
      endloop
   endfacet
   facet normal 2.363010e-01 -2.982856e-01 9.247635e-01
      outer loop
         vertex 2.980545e+00 -3.708206e-01 4.466701e-02
         vertex 2.982041e+00 -3.996313e-01 3.499187e-02
         vertex 3.101260e+00 -3.024846e-01 3.586338e-02
      endloop
   endfacet
   facet normal 2.430739e-01 -3.065573e-01 9.202922e-01
      outer loop
         vertex 3.101260e+00 -3.024846e-01 3.586338e-02
         vertex 2.982041e+00 -3.996313e-01 3.499187e-02
         vertex 3.103732e+00 -3.263376e-01 2.726471e-02
      endloop
   endfacet
   facet normal 2.781693e-01 -3.000929e-01 9.124506e-01
      outer loop
         vertex 3.101260e+00 -3.024846e-01 3.586338e-02
         vertex 3.103732e+00 -3.263376e-01 2.726471e-02
         vertex 3.217129e+00 -2.251305e-01 2.598023e-02
      endloop
   endfacet
   facet normal 2.860971e-01 -3.090448e-01 9.069949e-01
      outer loop
         vertex 3.217129e+00 -2.251305e-01 2.598023e-02
         vertex 3.103732e+00 -3.263376e-01 2.726471e-02
         vertex 3.220269e+00 -2.428663e-01 1.894643e-02
      endloop
   endfacet
   facet normal 3.095462e-01 -3.026831e-01 9.014234e-01
      outer loop
         vertex 3.217129e+00 -2.251305e-01 2.598023e-02
         vertex 3.220269e+00 -2.428663e-01 1.894643e-02
         vertex 3.324587e+00 -1.448625e-01 1.603220e-02
      endloop
   endfacet
   facet normal 3.183230e-01 -3.122136e-01 8.950939e-01
      outer loop
         vertex 3.324587e+00 -1.448625e-01 1.603220e-02
         vertex 3.220269e+00 -2.428663e-01 1.894643e-02
         vertex 3.327757e+00 -1.560788e-01 1.099254e-02
      endloop
   endfacet
   facet normal 3.326149e-01 -3.066940e-01 8.917994e-01
      outer loop
         vertex 3.324587e+00 -1.448625e-01 1.603220e-02
         vertex 3.327757e+00 -1.560788e-01 1.099254e-02
         vertex 3.422299e+00 -7.283623e-02 4.358559e-03
      endloop
   endfacet
   facet normal 4.909141e-01 -5.007366e-01 7.129279e-01
      outer loop
         vertex 3.422299e+00 -7.283623e-02 4.358559e-03
         vertex 3.327757e+00 -1.560788e-01 1.099254e-02
         vertex 3.328636e+00 -1.590996e-01 8.265656e-03
      endloop
   endfacet
   facet normal 4.970858e-01 -5.078626e-01 7.035491e-01
      outer loop
         vertex 3.422299e+00 -7.283623e-02 4.358559e-03
         vertex 3.328636e+00 -1.590996e-01 8.265656e-03
         vertex 3.422922e+00 -7.418665e-02 2.943746e-03
      endloop
   endfacet
   facet normal 6.098678e-01 -6.486522e-01 4.553147e-01
      outer loop
         vertex 3.422922e+00 -7.418665e-02 2.943746e-03
         vertex 3.328636e+00 -1.590996e-01 8.265656e-03
         vertex 3.423110e+00 -7.450745e-02 2.234772e-03
      endloop
   endfacet
   facet normal 6.242771e-01 -6.361181e-01 4.534666e-01
      outer loop
         vertex 3.422922e+00 -7.418665e-02 2.943746e-03
         vertex 3.423110e+00 -7.450745e-02 2.234772e-03
         vertex 3.463861e+00 -3.531012e-02 1.118766e-03
      endloop
   endfacet
   facet normal 6.263259e-01 -6.384219e-01 4.473628e-01
      outer loop
         vertex 3.463861e+00 -3.531012e-02 1.118766e-03
         vertex 3.423110e+00 -7.450745e-02 2.234772e-03
         vertex 3.463957e+00 -3.547011e-02 7.565850e-04
      endloop
   endfacet
   facet normal 6.323405e-01 -6.330270e-01 4.465672e-01
      outer loop
         vertex 3.463861e+00 -3.531012e-02 1.118766e-03
         vertex 3.463957e+00 -3.547011e-02 7.565850e-04
         vertex 3.500000e+00 0.000000e+00 0.000000e+00
      endloop
   endfacet
   facet normal 6.482743e-01 -6.665921e-01 -3.679610e-01
      outer loop
         vertex 3.448131e+00 -5.086270e-02 7.588798e-04
         vertex 3.500000e+00 0.000000e+00 0.000000e+00
         vertex 3.463957e+00 -3.547011e-02 7.565850e-04
      endloop
   endfacet
   facet normal -9.108904e-02 -6.508820e-01 -7.536945e-01
      outer loop
         vertex 2.406493e+00 -4.648184e-01 2.973322e-02
         vertex 2.406350e+00 -4.588090e-01 2.456086e-02
         vertex 2.625000e+00 -4.898342e-01 2.492856e-02
      endloop
   endfacet
   facet normal -1.492037e-01 -9.869388e-01 6.074547e-02
      outer loop
         vertex 2.517316e+00 -4.829111e-01 3.500000e-02
         vertex 2.406533e+00 -4.663261e-01 3.235192e-02
         vertex 2.625000e+00 -4.993489e-01 3.242863e-02
      endloop
   endfacet
   facet normal -1.297553e-01 -9.673670e-01 -2.176340e-01
      outer loop
         vertex 2.171381e+00 -4.353895e-01 3.500000e-02
         vertex 1.968453e+00 -4.081702e-01 3.500000e-02
         vertex 1.968484e+00 -4.058403e-01 2.462509e-02
      endloop
   endfacet
   facet normal 4.917324e-01 -5.115063e-01 -7.046705e-01
      outer loop
         vertex 3.422922e+00 -7.418665e-02 6.406645e-05
         vertex 3.422299e+00 -7.283623e-02 -1.350747e-03
         vertex 3.500000e+00 0.000000e+00 0.000000e+00
      endloop
   endfacet
   facet normal 1.205653e-01 -4.622040e-02 -9.916288e-01
      outer loop
         vertex 3.406170e+00 -2.683235e-02 -1.015745e-02
         vertex 3.500000e+00 0.000000e+00 0.000000e+00
         vertex 3.413200e+00 -5.037506e-02 -8.205351e-03
      endloop
   endfacet
   facet normal 1.159720e-01 -1.002508e-02 -9.932019e-01
      outer loop
         vertex 2.625000e+00 -1.007144e-01 -1.398342e-02
         vertex 2.625000e+00 0.000000e+00 -1.500000e-02
         vertex 2.734141e+00 -4.184111e-18 -2.256050e-03
      endloop
   endfacet
   facet normal -2.114466e-03 -3.042995e-02 -9.995347e-01
      outer loop
         vertex 3.195860e+00 -8.826444e-02 -1.240635e-02
         vertex 3.304168e+00 -5.691534e-02 -1.358987e-02
         vertex 3.314660e+00 -1.069342e-01 -1.208928e-02
      endloop
   endfacet
   facet normal 5.047430e-02 -1.936913e-02 -9.985375e-01
      outer loop
         vertex 3.314660e+00 -1.069342e-01 -1.208928e-02
         vertex 3.304168e+00 -5.691534e-02 -1.358987e-02
         vertex 3.413200e+00 -5.037506e-02 -8.205351e-03
      endloop
   endfacet
   facet normal 6.482422e-02 -1.142925e-02 -9.978312e-01
      outer loop
         vertex 1.750000e+00 -3.260173e-02 -6.462657e-02
         vertex 1.750000e+00 0.000000e+00 -6.500000e-02
         vertex 1.859980e+00 -1.209563e-18 -5.785516e-02
      endloop
   endfacet
   facet normal 3.380325e-02 -1.669577e-01 -9.853844e-01
      outer loop
         vertex 2.187716e+00 -2.477174e-01 -3.222144e-02
         vertex 2.187406e+00 -3.125271e-01 -2.125112e-02
         vertex 1.969477e+00 -2.825531e-01 -3.380570e-02
      endloop
   endfacet
   facet normal -2.000394e-02 -2.022647e-01 -9.791266e-01
      outer loop
         vertex 1.750000e+00 -2.651131e-01 -3.569681e-02
         vertex 1.750000e+00 -1.899733e-01 -5.121894e-02
         vertex 1.860031e+00 -2.713821e-01 -3.664977e-02
      endloop
   endfacet
   facet normal 4.380102e-03 -1.704232e-01 -9.853612e-01
      outer loop
         vertex 1.860031e+00 -2.713821e-01 -3.664977e-02
         vertex 1.750000e+00 -1.899733e-01 -5.121894e-02
         vertex 1.860115e+00 -2.133623e-01 -4.668422e-02
      endloop
   endfacet
   facet normal 8.209979e-03 -1.704244e-01 -9.853365e-01
      outer loop
         vertex 1.860031e+00 -2.713821e-01 -3.664977e-02
         vertex 1.860115e+00 -2.133623e-01 -4.668422e-02
         vertex 1.969477e+00 -2.825531e-01 -3.380570e-02
      endloop
   endfacet
   facet normal 1.773370e-02 -1.557982e-01 -9.876297e-01
      outer loop
         vertex 1.969477e+00 -2.825531e-01 -3.380570e-02
         vertex 1.860115e+00 -2.133623e-01 -4.668422e-02
         vertex 1.969649e+00 -2.221794e-01 -4.332653e-02
      endloop
   endfacet
   facet normal 3.203316e-02 -1.557826e-01 -9.872718e-01
      outer loop
         vertex 1.969477e+00 -2.825531e-01 -3.380570e-02
         vertex 1.969649e+00 -2.221794e-01 -4.332653e-02
         vertex 2.187716e+00 -2.477174e-01 -3.222144e-02
      endloop
   endfacet
   facet normal 3.684559e-02 -1.169435e-01 -9.924549e-01
      outer loop
         vertex 2.187716e+00 -2.477174e-01 -3.222144e-02
         vertex 1.969649e+00 -2.221794e-01 -4.332653e-02
         vertex 2.188123e+00 -1.727055e-01 -4.104515e-02
      endloop
   endfacet
   facet normal 4.479946e-02 -1.169481e-01 -9.921271e-01
      outer loop
         vertex 2.187716e+00 -2.477174e-01 -3.222144e-02
         vertex 2.188123e+00 -1.727055e-01 -4.104515e-02
         vertex 2.406216e+00 -1.900668e-01 -2.915070e-02
      endloop
   endfacet
   facet normal 4.757773e-02 -8.422808e-02 -9.953100e-01
      outer loop
         vertex 2.406216e+00 -1.900668e-01 -2.915070e-02
         vertex 2.188123e+00 -1.727055e-01 -4.104515e-02
         vertex 2.406738e+00 -9.865555e-02 -3.686145e-02
      endloop
   endfacet
   facet normal 7.015180e-02 -8.424404e-02 -9.939727e-01
      outer loop
         vertex 2.406216e+00 -1.900668e-01 -2.915070e-02
         vertex 2.406738e+00 -9.865555e-02 -3.686145e-02
         vertex 2.515459e+00 -1.946439e-01 -2.105273e-02
      endloop
   endfacet
   facet normal 8.326462e-02 -6.941391e-02 -9.941070e-01
      outer loop
         vertex 2.515459e+00 -1.946439e-01 -2.105273e-02
         vertex 2.406738e+00 -9.865555e-02 -3.686145e-02
         vertex 2.515838e+00 -1.009786e-01 -2.756122e-02
      endloop
   endfacet
   facet normal 4.231043e-02 -1.669432e-01 -9.850583e-01
      outer loop
         vertex 2.187406e+00 -3.125271e-01 -2.125112e-02
         vertex 2.187716e+00 -2.477174e-01 -3.222144e-02
         vertex 2.405382e+00 -3.408868e-01 -7.082288e-03
      endloop
   endfacet
   facet normal 5.210880e-02 -1.448667e-01 -9.880781e-01
      outer loop
         vertex 2.405382e+00 -3.408868e-01 -7.082288e-03
         vertex 2.187716e+00 -2.477174e-01 -3.222144e-02
         vertex 2.406216e+00 -1.900668e-01 -2.915070e-02
      endloop
   endfacet
   facet normal 3.179775e-02 -1.448802e-01 -9.889381e-01
      outer loop
         vertex 2.405382e+00 -3.408868e-01 -7.082288e-03
         vertex 2.406216e+00 -1.900668e-01 -2.915070e-02
         vertex 2.514886e+00 -3.500400e-01 -2.220402e-03
      endloop
   endfacet
   facet normal 6.837604e-02 -1.202758e-01 -9.903830e-01
      outer loop
         vertex 2.514886e+00 -3.500400e-01 -2.220402e-03
         vertex 2.406216e+00 -1.900668e-01 -2.915070e-02
         vertex 2.515459e+00 -1.946439e-01 -2.105273e-02
      endloop
   endfacet
   facet normal 1.311137e-02 -1.203462e-01 -9.926454e-01
      outer loop
         vertex 2.514886e+00 -3.500400e-01 -2.220402e-03
         vertex 2.515459e+00 -1.946439e-01 -2.105273e-02
         vertex 2.625000e+00 -3.534841e-01 -3.484067e-04
      endloop
   endfacet
   facet normal 3.417564e-02 -6.592365e-02 -9.972392e-01
      outer loop
         vertex 1.750000e+00 -1.459084e-01 -5.713630e-02
         vertex 1.750000e+00 -3.260173e-02 -6.462657e-02
         vertex 1.860087e+00 -1.479783e-01 -5.322678e-02
      endloop
   endfacet
   facet normal 7.061503e-02 -3.113311e-02 -9.970177e-01
      outer loop
         vertex 1.860087e+00 -1.479783e-01 -5.322678e-02
         vertex 1.750000e+00 -3.260173e-02 -6.462657e-02
         vertex 1.859980e+00 -1.209563e-18 -5.785516e-02
      endloop
   endfacet
   facet normal 3.250443e-02 -3.122215e-02 -9.989838e-01
      outer loop
         vertex 1.860087e+00 -1.479783e-01 -5.322678e-02
         vertex 1.859980e+00 -1.209563e-18 -5.785516e-02
         vertex 1.969719e+00 -1.541048e-01 -4.946813e-02
      endloop
   endfacet
   facet normal 3.305183e-02 -3.083202e-02 -9.989780e-01
      outer loop
         vertex 1.969719e+00 -1.541048e-01 -4.946813e-02
         vertex 1.859980e+00 -1.209563e-18 -5.785516e-02
         vertex 2.026453e+00 -8.945670e-19 -5.234729e-02
      endloop
   endfacet
   facet normal 1.923062e-02 -2.575319e-02 -9.994833e-01
      outer loop
         vertex 1.969719e+00 -1.541048e-01 -4.946813e-02
         vertex 2.026453e+00 -8.945670e-19 -5.234729e-02
         vertex 2.188478e+00 -8.947268e-02 -4.692443e-02
      endloop
   endfacet
   facet normal 2.025065e-02 -2.390758e-02 -9.995090e-01
      outer loop
         vertex 2.188478e+00 -8.947268e-02 -4.692443e-02
         vertex 2.026453e+00 -8.945670e-19 -5.234729e-02
         vertex 2.188630e+00 6.505213e-19 -4.906149e-02
      endloop
   endfacet
   facet normal 3.412949e-02 -2.392207e-02 -9.991311e-01
      outer loop
         vertex 2.188478e+00 -8.947268e-02 -4.692443e-02
         vertex 2.188630e+00 6.505213e-19 -4.906149e-02
         vertex 2.335723e+00 1.936266e-18 -4.403689e-02
      endloop
   endfacet
   facet normal 3.661990e-02 2.529531e-02 -9.990091e-01
      outer loop
         vertex 2.849352e+00 -1.073360e-17 1.967142e-03
         vertex 2.851746e+00 -1.700636e-01 -2.251165e-03
         vertex 2.734141e+00 -4.184111e-18 -2.256050e-03
      endloop
   endfacet
   facet normal 1.142984e-02 7.875428e-03 -9.999037e-01
      outer loop
         vertex 2.734141e+00 -4.184111e-18 -2.256050e-03
         vertex 2.851746e+00 -1.700636e-01 -2.251165e-03
         vertex 2.736863e+00 -1.866323e-01 -3.694883e-03
      endloop
   endfacet
   facet normal 9.851885e-02 9.108646e-03 -9.950935e-01
      outer loop
         vertex 2.734141e+00 -4.184111e-18 -2.256050e-03
         vertex 2.736863e+00 -1.866323e-01 -3.694883e-03
         vertex 2.625000e+00 -1.007144e-01 -1.398342e-02
      endloop
   endfacet
   facet normal 5.420145e-02 -4.886001e-02 -9.973339e-01
      outer loop
         vertex 2.625000e+00 -1.007144e-01 -1.398342e-02
         vertex 2.736863e+00 -1.866323e-01 -3.694883e-03
         vertex 2.680438e+00 -1.917945e-01 -6.508505e-03
      endloop
   endfacet
   facet normal 8.345665e-02 -3.094628e-02 -9.960308e-01
      outer loop
         vertex 2.625000e+00 -1.007144e-01 -1.398342e-02
         vertex 2.680438e+00 -1.917945e-01 -6.508505e-03
         vertex 2.625000e+00 -1.945446e-01 -1.106815e-02
      endloop
   endfacet
   facet normal 5.320706e-02 -6.672630e-02 -9.963516e-01
      outer loop
         vertex 3.413200e+00 -5.037506e-02 -8.205351e-03
         vertex 3.304168e+00 -5.691534e-02 -1.358987e-02
         vertex 3.406170e+00 -2.683235e-02 -1.015745e-02
      endloop
   endfacet
   facet normal 3.073555e-02 9.824360e-03 -9.994793e-01
      outer loop
         vertex 3.406170e+00 -2.683235e-02 -1.015745e-02
         vertex 3.304168e+00 -5.691534e-02 -1.358987e-02
         vertex 3.303486e+00 -2.420147e-17 -1.305140e-02
      endloop
   endfacet
   facet normal 2.495531e-02 -1.231035e-02 -9.996128e-01
      outer loop
         vertex 3.406170e+00 -2.683235e-02 -1.015745e-02
         vertex 3.303486e+00 -2.420147e-17 -1.305140e-02
         vertex 3.402930e+00 -1.622238e-17 -1.056879e-02
      endloop
   endfacet
   facet normal -2.566641e-02 5.098402e-02 -9.983696e-01
      outer loop
         vertex 3.195860e+00 -8.826444e-02 -1.240635e-02
         vertex 3.078231e+00 -2.341877e-17 -4.874899e-03
         vertex 3.304168e+00 -5.691534e-02 -1.358987e-02
      endloop
   endfacet
   facet normal -3.687040e-02 6.649673e-03 -9.992979e-01
      outer loop
         vertex 3.304168e+00 -5.691534e-02 -1.358987e-02
         vertex 3.078231e+00 -2.341877e-17 -4.874899e-03
         vertex 3.299245e+00 -2.439455e-17 -1.302949e-02
      endloop
   endfacet
   facet normal -5.167188e-03 9.398307e-03 -9.999425e-01
      outer loop
         vertex 3.304168e+00 -5.691534e-02 -1.358987e-02
         vertex 3.299245e+00 -2.439455e-17 -1.302949e-02
         vertex 3.303486e+00 -2.420147e-17 -1.305140e-02
      endloop
   endfacet
   facet normal 2.722494e-01 -8.831348e-01 -3.820383e-01
      outer loop
         vertex 2.798388e+00 -4.863819e-01 2.878886e-02
         vertex 2.859242e+00 -4.666500e-01 2.654237e-02
         vertex 2.845382e+00 -4.724522e-01 3.007812e-02
      endloop
   endfacet
   facet normal 3.790656e-01 -9.248254e-01 -3.173803e-02
      outer loop
         vertex 2.845382e+00 -4.724522e-01 3.007812e-02
         vertex 2.859242e+00 -4.666500e-01 2.654237e-02
         vertex 2.920811e+00 -4.414261e-01 2.688232e-02
      endloop
   endfacet
   facet normal 3.704391e-01 -9.011627e-01 -2.251238e-01
      outer loop
         vertex 2.920811e+00 -4.414261e-01 2.688232e-02
         vertex 2.859242e+00 -4.666500e-01 2.654237e-02
         vertex 2.920790e+00 -4.407001e-01 2.394238e-02
      endloop
   endfacet
   facet normal 4.227787e-01 -8.791126e-01 -2.200436e-01
      outer loop
         vertex 2.920811e+00 -4.414261e-01 2.688232e-02
         vertex 2.920790e+00 -4.407001e-01 2.394238e-02
         vertex 2.960098e+00 -4.220690e-01 2.503094e-02
      endloop
   endfacet
   facet normal 4.064696e-01 -8.360261e-01 -3.685685e-01
      outer loop
         vertex 2.960098e+00 -4.220690e-01 2.503094e-02
         vertex 2.920790e+00 -4.407001e-01 2.394238e-02
         vertex 2.982529e+00 -4.094242e-01 2.108673e-02
      endloop
   endfacet
   facet normal 4.507228e-01 -8.664929e-01 -2.145668e-01
      outer loop
         vertex 2.960098e+00 -4.220690e-01 2.503094e-02
         vertex 2.982529e+00 -4.094242e-01 2.108673e-02
         vertex 2.982563e+00 -4.101099e-01 2.392578e-02
      endloop
   endfacet
   facet normal 2.990638e-01 -5.490363e-01 -7.804614e-01
      outer loop
         vertex 3.103732e+00 -3.263376e-01 7.735290e-03
         vertex 3.104399e+00 -3.327892e-01 1.252956e-02
         vertex 2.982430e+00 -4.074082e-01 1.828501e-02
      endloop
   endfacet
   facet normal 3.924856e-02 -1.592660e-01 -9.864552e-01
      outer loop
         vertex 2.980545e+00 -3.708206e-01 3.184556e-03
         vertex 2.919486e+00 -3.996994e-01 5.417720e-03
         vertex 2.917827e+00 -3.536341e-01 -2.085664e-03
      endloop
   endfacet
   facet normal 4.999389e-01 -8.404972e-01 -2.088672e-01
      outer loop
         vertex 2.982563e+00 -4.101099e-01 2.392578e-02
         vertex 2.982529e+00 -4.094242e-01 2.108673e-02
         vertex 3.091039e+00 -3.441736e-01 1.824066e-02
      endloop
   endfacet
   facet normal 4.581691e-01 -7.804780e-01 -4.253647e-01
      outer loop
         vertex 3.091039e+00 -3.441736e-01 1.824066e-02
         vertex 2.982529e+00 -4.094242e-01 2.108673e-02
         vertex 3.104572e+00 -3.344631e-01 1.499997e-02
      endloop
   endfacet
   facet normal 5.892345e-01 -8.068150e-01 4.303655e-02
      outer loop
         vertex 3.091039e+00 -3.441736e-01 1.824066e-02
         vertex 3.104572e+00 -3.344631e-01 1.499997e-02
         vertex 3.221433e+00 -2.493265e-01 1.107422e-02
      endloop
   endfacet
   facet normal 6.473951e-01 -7.206997e-01 2.479343e-01
      outer loop
         vertex 3.423142e+00 -7.465345e-02 1.503906e-03
         vertex 3.263543e+00 -2.155071e-01 8.806110e-03
         vertex 3.327481e+00 -1.601494e-01 2.768278e-03
      endloop
   endfacet
   facet normal 5.159099e-01 -6.559679e-01 -5.509475e-01
      outer loop
         vertex 3.327481e+00 -1.601494e-01 2.768278e-03
         vertex 3.263543e+00 -2.155071e-01 8.806110e-03
         vertex 3.221356e+00 -2.489035e-01 9.064994e-03
      endloop
   endfacet
   facet normal 5.425045e-01 -6.833441e-01 -4.885997e-01
      outer loop
         vertex 3.327481e+00 -1.601494e-01 2.768278e-03
         vertex 3.221356e+00 -2.489035e-01 9.064994e-03
         vertex 3.221131e+00 -2.476601e-01 7.076088e-03
      endloop
   endfacet
   facet normal 3.192029e-01 -3.387248e-01 -8.850847e-01
      outer loop
         vertex 3.423112e+00 -7.451282e-02 7.869449e-04
         vertex 3.500000e+00 0.000000e+00 0.000000e+00
         vertex 3.448131e+00 -5.086270e-02 7.588798e-04
      endloop
   endfacet
   facet normal -1.137325e-02 2.463503e-02 -9.996318e-01
      outer loop
         vertex 2.849352e+00 -1.073360e-17 1.967142e-03
         vertex 2.934921e+00 -1.597185e-17 9.935838e-04
         vertex 2.851746e+00 -1.700636e-01 -2.251165e-03
      endloop
   endfacet
   facet normal -2.691933e-02 3.222850e-02 -9.991179e-01
      outer loop
         vertex 2.851746e+00 -1.700636e-01 -2.251165e-03
         vertex 2.934921e+00 -1.597185e-17 9.935838e-04
         vertex 2.967784e+00 -1.468231e-01 -4.627903e-03
      endloop
   endfacet
   facet normal -2.511458e-02 2.318715e-02 -9.994156e-01
      outer loop
         vertex 2.851746e+00 -1.700636e-01 -2.251165e-03
         vertex 2.967784e+00 -1.468231e-01 -4.627903e-03
         vertex 2.975047e+00 -2.739534e-01 -7.759947e-03
      endloop
   endfacet
   facet normal -3.617498e-02 2.254721e-02 -9.990911e-01
      outer loop
         vertex 2.975047e+00 -2.739534e-01 -7.759947e-03
         vertex 2.967784e+00 -1.468231e-01 -4.627903e-03
         vertex 3.092938e+00 -2.226996e-01 -1.087184e-02
      endloop
   endfacet
   facet normal 7.700838e-03 -7.824050e-02 -9.969048e-01
      outer loop
         vertex 2.975047e+00 -2.739534e-01 -7.759947e-03
         vertex 3.092938e+00 -2.226996e-01 -1.087184e-02
         vertex 3.097549e+00 -2.668224e-01 -7.373320e-03
      endloop
   endfacet
   facet normal 2.808444e-02 -7.609438e-02 -9.967050e-01
      outer loop
         vertex 3.097549e+00 -2.668224e-01 -7.373320e-03
         vertex 3.092938e+00 -2.226996e-01 -1.087184e-02
         vertex 3.212538e+00 -1.985864e-01 -9.342780e-03
      endloop
   endfacet
   facet normal 9.407509e-02 -1.867567e-01 -9.778915e-01
      outer loop
         vertex 3.097549e+00 -2.668224e-01 -7.373320e-03
         vertex 3.212538e+00 -1.985864e-01 -9.342780e-03
         vertex 3.217129e+00 -2.251305e-01 -3.831795e-03
      endloop
   endfacet
   facet normal 1.238400e-01 -1.811395e-01 -9.756291e-01
      outer loop
         vertex 3.217129e+00 -2.251305e-01 -3.831795e-03
         vertex 3.212538e+00 -1.985864e-01 -9.342780e-03
         vertex 3.324587e+00 -1.448625e-01 -5.094700e-03
      endloop
   endfacet
   facet normal 2.429879e-01 -3.395933e-01 -9.086437e-01
      outer loop
         vertex 3.217129e+00 -2.251305e-01 -3.831795e-03
         vertex 3.324587e+00 -1.448625e-01 -5.094700e-03
         vertex 3.327757e+00 -1.560788e-01 -5.504081e-05
      endloop
   endfacet
   facet normal 2.762776e-01 -3.278431e-01 -9.034321e-01
      outer loop
         vertex 3.327757e+00 -1.560788e-01 -5.504081e-05
         vertex 3.324587e+00 -1.448625e-01 -5.094700e-03
         vertex 3.422299e+00 -7.283623e-02 -1.350747e-03
      endloop
   endfacet
   facet normal 4.502095e-01 -5.225928e-01 -7.240222e-01
      outer loop
         vertex 3.327757e+00 -1.560788e-01 -5.504081e-05
         vertex 3.422299e+00 -7.283623e-02 -1.350747e-03
         vertex 3.328636e+00 -1.590996e-01 2.671843e-03
      endloop
   endfacet
   facet normal 4.598683e-01 -5.324562e-01 -7.106416e-01
      outer loop
         vertex 3.328636e+00 -1.590996e-01 2.671843e-03
         vertex 3.422299e+00 -7.283623e-02 -1.350747e-03
         vertex 3.422922e+00 -7.418665e-02 6.406645e-05
      endloop
   endfacet
   facet normal 5.885498e-01 -6.675249e-01 -4.560918e-01
      outer loop
         vertex 3.328636e+00 -1.590996e-01 2.671843e-03
         vertex 3.422922e+00 -7.418665e-02 6.406645e-05
         vertex 3.423112e+00 -7.451282e-02 7.869449e-04
      endloop
   endfacet
   facet normal 6.181560e-01 -6.426398e-01 -4.526558e-01
      outer loop
         vertex 3.423112e+00 -7.451282e-02 7.869449e-04
         vertex 3.422922e+00 -7.418665e-02 6.406645e-05
         vertex 3.500000e+00 0.000000e+00 0.000000e+00
      endloop
   endfacet
   facet normal 1.845344e-01 -1.600133e-01 -9.697128e-01
      outer loop
         vertex 3.500000e+00 0.000000e+00 0.000000e+00
         vertex 3.420066e+00 -6.778430e-02 -4.026099e-03
         vertex 3.413200e+00 -5.037506e-02 -8.205351e-03
      endloop
   endfacet
   facet normal 1.545669e-01 -1.725713e-01 -9.727940e-01
      outer loop
         vertex 3.413200e+00 -5.037506e-02 -8.205351e-03
         vertex 3.420066e+00 -6.778430e-02 -4.026099e-03
         vertex 3.320024e+00 -1.279854e-01 -9.242143e-03
      endloop
   endfacet
   facet normal 1.009857e-01 -1.080272e-01 -9.890056e-01
      outer loop
         vertex 3.413200e+00 -5.037506e-02 -8.205351e-03
         vertex 3.320024e+00 -1.279854e-01 -9.242143e-03
         vertex 3.314660e+00 -1.069342e-01 -1.208928e-02
      endloop
   endfacet
   facet normal 6.873106e-02 -1.164907e-01 -9.908108e-01
      outer loop
         vertex 3.314660e+00 -1.069342e-01 -1.208928e-02
         vertex 3.320024e+00 -1.279854e-01 -9.242143e-03
         vertex 3.207024e+00 -1.657011e-01 -1.264654e-02
      endloop
   endfacet
   facet normal 3.229485e-03 3.567261e-03 -9.999884e-01
      outer loop
         vertex 3.314660e+00 -1.069342e-01 -1.208928e-02
         vertex 3.207024e+00 -1.657011e-01 -1.264654e-02
         vertex 3.195860e+00 -8.826444e-02 -1.240635e-02
      endloop
   endfacet
   facet normal -3.229078e-02 -1.555455e-03 -9.994773e-01
      outer loop
         vertex 3.195860e+00 -8.826444e-02 -1.240635e-02
         vertex 3.207024e+00 -1.657011e-01 -1.264654e-02
         vertex 3.083110e+00 -1.188952e-01 -8.715997e-03
      endloop
   endfacet
   facet normal -4.099588e-02 3.058216e-02 -9.986912e-01
      outer loop
         vertex 3.195860e+00 -8.826444e-02 -1.240635e-02
         vertex 3.083110e+00 -1.188952e-01 -8.715997e-03
         vertex 3.078231e+00 -2.341877e-17 -4.874899e-03
      endloop
   endfacet
   facet normal -4.363134e-02 3.047053e-02 -9.985829e-01
      outer loop
         vertex 3.078231e+00 -2.341877e-17 -4.874899e-03
         vertex 3.083110e+00 -1.188952e-01 -8.715997e-03
         vertex 2.964000e+00 -1.768605e-17 1.162296e-04
      endloop
   endfacet
   facet normal -3.014250e-02 3.150443e-02 -9.990490e-01
      outer loop
         vertex 2.934921e+00 -1.597185e-17 9.935838e-04
         vertex 2.964000e+00 -1.768605e-17 1.162296e-04
         vertex 2.967784e+00 -1.468231e-01 -4.627903e-03
      endloop
   endfacet
   facet normal -4.294397e-02 3.115977e-02 -9.985915e-01
      outer loop
         vertex 2.967784e+00 -1.468231e-01 -4.627903e-03
         vertex 2.964000e+00 -1.768605e-17 1.162296e-04
         vertex 3.083110e+00 -1.188952e-01 -8.715997e-03
      endloop
   endfacet
   facet normal -3.953352e-02 1.700602e-02 -9.990735e-01
      outer loop
         vertex 2.967784e+00 -1.468231e-01 -4.627903e-03
         vertex 3.083110e+00 -1.188952e-01 -8.715997e-03
         vertex 3.092938e+00 -2.226996e-01 -1.087184e-02
      endloop
   endfacet
   facet normal -2.474878e-02 1.841521e-02 -9.995241e-01
      outer loop
         vertex 3.092938e+00 -2.226996e-01 -1.087184e-02
         vertex 3.083110e+00 -1.188952e-01 -8.715997e-03
         vertex 3.207024e+00 -1.657011e-01 -1.264654e-02
      endloop
   endfacet
   facet normal 3.179954e-02 -9.462890e-02 -9.950046e-01
      outer loop
         vertex 3.092938e+00 -2.226996e-01 -1.087184e-02
         vertex 3.207024e+00 -1.657011e-01 -1.264654e-02
         vertex 3.212538e+00 -1.985864e-01 -9.342780e-03
      endloop
   endfacet
   facet normal 5.993193e-02 -8.982591e-02 -9.941526e-01
      outer loop
         vertex 3.212538e+00 -1.985864e-01 -9.342780e-03
         vertex 3.207024e+00 -1.657011e-01 -1.264654e-02
         vertex 3.320024e+00 -1.279854e-01 -9.242143e-03
      endloop
   endfacet
   facet normal 1.337558e-01 -2.022528e-01 -9.701563e-01
      outer loop
         vertex 3.212538e+00 -1.985864e-01 -9.342780e-03
         vertex 3.320024e+00 -1.279854e-01 -9.242143e-03
         vertex 3.324587e+00 -1.448625e-01 -5.094700e-03
      endloop
   endfacet
   facet normal 1.663658e-01 -1.926756e-01 -9.670566e-01
      outer loop
         vertex 3.324587e+00 -1.448625e-01 -5.094700e-03
         vertex 3.320024e+00 -1.279854e-01 -9.242143e-03
         vertex 3.420066e+00 -6.778430e-02 -4.026099e-03
      endloop
   endfacet
   facet normal 2.887277e-01 -3.452763e-01 -8.929841e-01
      outer loop
         vertex 3.324587e+00 -1.448625e-01 -5.094700e-03
         vertex 3.420066e+00 -6.778430e-02 -4.026099e-03
         vertex 3.422299e+00 -7.283623e-02 -1.350747e-03
      endloop
   endfacet
   facet normal 3.225951e-01 -3.276726e-01 -8.880107e-01
      outer loop
         vertex 3.422299e+00 -7.283623e-02 -1.350747e-03
         vertex 3.420066e+00 -6.778430e-02 -4.026099e-03
         vertex 3.500000e+00 0.000000e+00 0.000000e+00
      endloop
   endfacet
   facet normal -2.360298e-03 -6.729238e-02 -9.977305e-01
      outer loop
         vertex 2.625000e+00 -3.534841e-01 -3.484067e-04
         vertex 2.625000e+00 -1.945446e-01 -1.106815e-02
         vertex 2.681035e+00 -3.508607e-01 -6.579013e-04
      endloop
   endfacet
   facet normal 8.370626e-02 -3.631335e-02 -9.958286e-01
      outer loop
         vertex 2.681035e+00 -3.508607e-01 -6.579013e-04
         vertex 2.625000e+00 -1.945446e-01 -1.106815e-02
         vertex 2.680438e+00 -1.917945e-01 -6.508505e-03
      endloop
   endfacet
   facet normal -9.889075e-03 -3.679135e-02 -9.992740e-01
      outer loop
         vertex 2.681035e+00 -3.508607e-01 -6.579013e-04
         vertex 2.680438e+00 -1.917945e-01 -6.508505e-03
         vertex 2.738433e+00 -3.433219e-01 -1.503490e-03
      endloop
   endfacet
   facet normal 5.102579e-02 -1.345496e-02 -9.986067e-01
      outer loop
         vertex 2.738433e+00 -3.433219e-01 -1.503490e-03
         vertex 2.680438e+00 -1.917945e-01 -6.508505e-03
         vertex 2.736863e+00 -1.866323e-01 -3.694883e-03
      endloop
   endfacet
   facet normal -1.861313e-02 -1.416817e-02 -9.997264e-01
      outer loop
         vertex 2.738433e+00 -3.433219e-01 -1.503490e-03
         vertex 2.736863e+00 -1.866323e-01 -3.694883e-03
         vertex 2.796864e+00 -3.313648e-01 -2.760832e-03
      endloop
   endfacet
   facet normal 1.273509e-02 -1.173619e-03 -9.999182e-01
      outer loop
         vertex 2.796864e+00 -3.313648e-01 -2.760832e-03
         vertex 2.736863e+00 -1.866323e-01 -3.694883e-03
         vertex 2.851746e+00 -1.700636e-01 -2.251165e-03
      endloop
   endfacet
   facet normal -2.966812e-02 1.325255e-02 -9.994719e-01
      outer loop
         vertex 2.796864e+00 -3.313648e-01 -2.760832e-03
         vertex 2.851746e+00 -1.700636e-01 -2.251165e-03
         vertex 2.855997e+00 -3.154863e-01 -4.305583e-03
      endloop
   endfacet
   facet normal -3.358004e-02 1.313647e-02 -9.993497e-01
      outer loop
         vertex 2.855997e+00 -3.154863e-01 -4.305583e-03
         vertex 2.851746e+00 -1.700636e-01 -2.251165e-03
         vertex 2.975047e+00 -2.739534e-01 -7.759947e-03
      endloop
   endfacet
   facet normal -4.732889e-03 -6.940394e-02 -9.975774e-01
      outer loop
         vertex 2.855997e+00 -3.154863e-01 -4.305583e-03
         vertex 2.975047e+00 -2.739534e-01 -7.759947e-03
         vertex 2.978179e+00 -3.276155e-01 -4.041404e-03
      endloop
   endfacet
   facet normal 7.148443e-03 -6.871284e-02 -9.976109e-01
      outer loop
         vertex 2.978179e+00 -3.276155e-01 -4.041404e-03
         vertex 2.975047e+00 -2.739534e-01 -7.759947e-03
         vertex 3.097549e+00 -2.668224e-01 -7.373320e-03
      endloop
   endfacet
   facet normal 6.073200e-02 -1.731274e-01 -9.830252e-01
      outer loop
         vertex 2.978179e+00 -3.276155e-01 -4.041404e-03
         vertex 3.097549e+00 -2.668224e-01 -7.373320e-03
         vertex 3.101260e+00 -3.024846e-01 -8.633794e-04
      endloop
   endfacet
   facet normal 8.833019e-02 -1.699743e-01 -9.814818e-01
      outer loop
         vertex 3.101260e+00 -3.024846e-01 -8.633794e-04
         vertex 3.097549e+00 -2.668224e-01 -7.373320e-03
         vertex 3.217129e+00 -2.251305e-01 -3.831795e-03
      endloop
   endfacet
   facet normal 1.973433e-01 -3.310126e-01 -9.227601e-01
      outer loop
         vertex 3.101260e+00 -3.024846e-01 -8.633794e-04
         vertex 3.217129e+00 -2.251305e-01 -3.831795e-03
         vertex 3.220269e+00 -2.428663e-01 3.202008e-03
      endloop
   endfacet
   facet normal 2.327132e-01 -3.226497e-01 -9.174649e-01
      outer loop
         vertex 3.220269e+00 -2.428663e-01 3.202008e-03
         vertex 3.217129e+00 -2.251305e-01 -3.831795e-03
         vertex 3.327757e+00 -1.560788e-01 -5.504081e-05
      endloop
   endfacet
   facet normal 4.049850e-01 -5.295515e-01 -7.453605e-01
      outer loop
         vertex 3.220269e+00 -2.428663e-01 3.202008e-03
         vertex 3.327757e+00 -1.560788e-01 -5.504081e-05
         vertex 3.221131e+00 -2.476601e-01 7.076088e-03
      endloop
   endfacet
   facet normal 4.149822e-01 -5.401608e-01 -7.321312e-01
      outer loop
         vertex 3.221131e+00 -2.476601e-01 7.076088e-03
         vertex 3.327757e+00 -1.560788e-01 -5.504081e-05
         vertex 3.328636e+00 -1.590996e-01 2.671843e-03
      endloop
   endfacet
   facet normal 3.143585e-01 -4.238462e-01 -8.494310e-01
      outer loop
         vertex 3.221131e+00 -2.476601e-01 7.076088e-03
         vertex 3.328636e+00 -1.590996e-01 2.671843e-03
         vertex 3.327481e+00 -1.601494e-01 2.768278e-03
      endloop
   endfacet
   facet normal 6.567953e-01 -7.371279e-01 -1.589414e-01
      outer loop
         vertex 3.327481e+00 -1.601494e-01 2.768278e-03
         vertex 3.328636e+00 -1.590996e-01 2.671843e-03
         vertex 3.423112e+00 -7.451282e-02 7.869449e-04
      endloop
   endfacet
   facet normal 6.552681e-01 -7.357092e-01 -1.713347e-01
      outer loop
         vertex 3.327481e+00 -1.601494e-01 2.768278e-03
         vertex 3.423112e+00 -7.451282e-02 7.869449e-04
         vertex 3.423142e+00 -7.465345e-02 1.503906e-03
      endloop
   endfacet
   facet normal 6.770353e-01 -7.164137e-01 -1.684473e-01
      outer loop
         vertex 3.423142e+00 -7.465345e-02 1.503906e-03
         vertex 3.423112e+00 -7.451282e-02 7.869449e-04
         vertex 3.448131e+00 -5.086270e-02 7.588798e-04
      endloop
   endfacet
   facet normal -1.465382e-01 -9.650722e-01 -2.171688e-01
      outer loop
         vertex 1.968453e+00 -4.081702e-01 3.500000e-02
         vertex 1.750000e+00 -3.750000e-01 3.500000e-02
         vertex 1.968484e+00 -4.058403e-01 2.462509e-02
      endloop
   endfacet
   facet normal -1.467923e-01 -9.607749e-01 -2.352945e-01
      outer loop
         vertex 1.968484e+00 -4.058403e-01 2.462509e-02
         vertex 1.750000e+00 -3.750000e-01 3.500000e-02
         vertex 1.750000e+00 -3.717787e-01 2.184637e-02
      endloop
   endfacet
   facet normal -1.211731e-01 -8.225737e-01 -5.555984e-01
      outer loop
         vertex 1.968484e+00 -4.058403e-01 2.462509e-02
         vertex 1.750000e+00 -3.717787e-01 2.184637e-02
         vertex 1.968568e+00 -3.990602e-01 1.456870e-02
      endloop
   endfacet
   facet normal -1.224301e-01 -8.397374e-01 -5.290104e-01
      outer loop
         vertex 1.750000e+00 -3.717787e-01 2.184637e-02
         vertex 1.750000e+00 -3.673756e-01 1.485713e-02
         vertex 1.968568e+00 -3.990602e-01 1.456870e-02
      endloop
   endfacet
   facet normal -1.022623e-01 -6.989875e-01 -7.077845e-01
      outer loop
         vertex 1.968568e+00 -3.990602e-01 1.456870e-02
         vertex 1.750000e+00 -3.673756e-01 1.485713e-02
         vertex 1.750000e+00 -3.554166e-01 3.046748e-03
      endloop
   endfacet
   facet normal -8.214195e-02 -6.178216e-01 -7.820161e-01
      outer loop
         vertex 1.968568e+00 -3.990602e-01 1.456870e-02
         vertex 1.750000e+00 -3.554166e-01 3.046748e-03
         vertex 1.859492e+00 -3.588091e-01 -5.773988e-03
      endloop
   endfacet
   facet normal -8.344281e-02 -5.726676e-01 -8.155300e-01
      outer loop
         vertex 1.859492e+00 -3.588091e-01 -5.773988e-03
         vertex 1.750000e+00 -3.554166e-01 3.046748e-03
         vertex 1.750000e+00 -3.455111e-01 -3.908915e-03
      endloop
   endfacet
   facet normal -6.737772e-02 -4.283934e-01 -9.010768e-01
      outer loop
         vertex 1.859492e+00 -3.588091e-01 -5.773988e-03
         vertex 1.750000e+00 -3.455111e-01 -3.908915e-03
         vertex 1.750000e+00 -3.050627e-01 -2.313905e-02
      endloop
   endfacet
   facet normal 2.820732e-01 -9.297253e-01 -2.367396e-01
      outer loop
         vertex 2.845382e+00 -4.724522e-01 3.007812e-02
         vertex 2.798388e+00 -4.871408e-01 3.177002e-02
         vertex 2.798388e+00 -4.863819e-01 2.878886e-02
      endloop
   endfacet
   facet normal 2.009712e-01 -9.493098e-01 -2.417055e-01
      outer loop
         vertex 2.798388e+00 -4.863819e-01 2.878886e-02
         vertex 2.798388e+00 -4.871408e-01 3.177002e-02
         vertex 2.746263e+00 -4.985673e-01 3.330766e-02
      endloop
   endfacet
   facet normal 1.828179e-01 -9.152045e-01 -3.591355e-01
      outer loop
         vertex 2.798388e+00 -4.863819e-01 2.878886e-02
         vertex 2.746263e+00 -4.985673e-01 3.330766e-02
         vertex 2.738728e+00 -4.990038e-01 3.058398e-02
      endloop
   endfacet
   facet normal 8.589230e-02 -9.932089e-01 -7.847712e-02
      outer loop
         vertex 2.738728e+00 -4.990038e-01 3.058398e-02
         vertex 2.746263e+00 -4.985673e-01 3.330766e-02
         vertex 2.680759e+00 -5.043347e-01 3.460693e-02
      endloop
   endfacet
   facet normal 7.169573e-02 -9.662712e-01 -2.473453e-01
      outer loop
         vertex 2.738728e+00 -4.990038e-01 3.058398e-02
         vertex 2.680759e+00 -5.043347e-01 3.460693e-02
         vertex 2.680764e+00 -5.036235e-01 3.182986e-02
      endloop
   endfacet
   facet normal -3.498767e-02 -9.681226e-01 -2.480210e-01
      outer loop
         vertex 2.680764e+00 -5.036235e-01 3.182986e-02
         vertex 2.680759e+00 -5.043347e-01 3.460693e-02
         vertex 2.653869e+00 -5.034355e-01 3.489016e-02
      endloop
   endfacet
   facet normal -6.935050e-02 -8.264484e-01 -5.587249e-01
      outer loop
         vertex 2.680764e+00 -5.036235e-01 3.182986e-02
         vertex 2.653869e+00 -5.034355e-01 3.489016e-02
         vertex 2.625000e+00 -4.993489e-01 3.242863e-02
      endloop
   endfacet
   facet normal -1.155184e-01 -9.629138e-01 -2.438289e-01
      outer loop
         vertex 2.625000e+00 -4.993489e-01 3.242863e-02
         vertex 2.653869e+00 -5.034355e-01 3.489016e-02
         vertex 2.625000e+00 -5.000000e-01 3.500000e-02
      endloop
   endfacet
   facet normal -1.520503e-01 -9.581321e-01 -2.426181e-01
      outer loop
         vertex 2.625000e+00 -4.993489e-01 3.242863e-02
         vertex 2.625000e+00 -5.000000e-01 3.500000e-02
         vertex 2.517316e+00 -4.829111e-01 3.500000e-02
      endloop
   endfacet
   facet normal -1.191938e-01 -7.899421e-01 -6.014851e-01
      outer loop
         vertex 2.406533e+00 -4.663261e-01 3.235192e-02
         vertex 2.625000e+00 -4.974165e-01 2.989084e-02
         vertex 2.625000e+00 -4.993489e-01 3.242863e-02
      endloop
   endfacet
   facet normal -6.705621e-02 -7.938232e-01 -6.044404e-01
      outer loop
         vertex 2.625000e+00 -4.993489e-01 3.242863e-02
         vertex 2.625000e+00 -4.974165e-01 2.989084e-02
         vertex 2.680779e+00 -5.015193e-01 2.909104e-02
      endloop
   endfacet
   facet normal -6.716533e-02 -7.910281e-01 -6.080817e-01
      outer loop
         vertex 2.625000e+00 -4.993489e-01 3.242863e-02
         vertex 2.680779e+00 -5.015193e-01 2.909104e-02
         vertex 2.680764e+00 -5.036235e-01 3.182986e-02
      endloop
   endfacet
   facet normal 5.002413e-02 -7.921266e-01 -6.083034e-01
      outer loop
         vertex 2.680764e+00 -5.036235e-01 3.182986e-02
         vertex 2.680779e+00 -5.015193e-01 2.909104e-02
         vertex 2.738740e+00 -4.968007e-01 2.771289e-02
      endloop
   endfacet
   facet normal 5.009295e-02 -7.924521e-01 -6.078737e-01
      outer loop
         vertex 2.680764e+00 -5.036235e-01 3.182986e-02
         vertex 2.738740e+00 -4.968007e-01 2.771289e-02
         vertex 2.738728e+00 -4.990038e-01 3.058398e-02
      endloop
   endfacet
   facet normal 1.477538e-01 -7.849441e-01 -6.016907e-01
      outer loop
         vertex 2.738728e+00 -4.990038e-01 3.058398e-02
         vertex 2.738740e+00 -4.968007e-01 2.771289e-02
         vertex 2.798384e+00 -4.841454e-01 2.584981e-02
      endloop
   endfacet
   facet normal 1.484560e-01 -7.868946e-01 -5.989639e-01
      outer loop
         vertex 2.738728e+00 -4.990038e-01 3.058398e-02
         vertex 2.798384e+00 -4.841454e-01 2.584981e-02
         vertex 2.798388e+00 -4.863819e-01 2.878886e-02
      endloop
   endfacet
   facet normal 2.290677e-01 -7.745121e-01 -5.896261e-01
      outer loop
         vertex 2.798388e+00 -4.863819e-01 2.878886e-02
         vertex 2.798384e+00 -4.841454e-01 2.584981e-02
         vertex 2.859214e+00 -4.644383e-01 2.359520e-02
      endloop
   endfacet
   facet normal 2.303976e-01 -7.772270e-01 -5.855212e-01
      outer loop
         vertex 2.798388e+00 -4.863819e-01 2.878886e-02
         vertex 2.859214e+00 -4.644383e-01 2.359520e-02
         vertex 2.859242e+00 -4.666500e-01 2.654237e-02
      endloop
   endfacet
   facet normal 2.968097e-01 -7.623892e-01 -5.750363e-01
      outer loop
         vertex 2.859242e+00 -4.666500e-01 2.654237e-02
         vertex 2.859214e+00 -4.644383e-01 2.359520e-02
         vertex 2.920728e+00 -4.385643e-01 2.104247e-02
      endloop
   endfacet
   facet normal 2.986178e-01 -7.653817e-01 -5.701037e-01
      outer loop
         vertex 2.859242e+00 -4.666500e-01 2.654237e-02
         vertex 2.920728e+00 -4.385643e-01 2.104247e-02
         vertex 2.920790e+00 -4.407001e-01 2.394238e-02
      endloop
   endfacet
   facet normal 3.534830e-01 -7.495710e-01 -5.596365e-01
      outer loop
         vertex 2.920790e+00 -4.407001e-01 2.394238e-02
         vertex 2.920728e+00 -4.385643e-01 2.104247e-02
         vertex 2.982430e+00 -4.074082e-01 1.828501e-02
      endloop
   endfacet
   facet normal 3.556358e-01 -7.526241e-01 -5.541481e-01
      outer loop
         vertex 2.920790e+00 -4.407001e-01 2.394238e-02
         vertex 2.982430e+00 -4.074082e-01 1.828501e-02
         vertex 2.982529e+00 -4.094242e-01 2.108673e-02
      endloop
   endfacet
   facet normal 4.206842e-01 -7.292575e-01 -5.396372e-01
      outer loop
         vertex 2.982529e+00 -4.094242e-01 2.108673e-02
         vertex 2.982430e+00 -4.074082e-01 1.828501e-02
         vertex 3.104399e+00 -3.327892e-01 1.252956e-02
      endloop
   endfacet
   facet normal 4.252323e-01 -7.351805e-01 -5.279083e-01
      outer loop
         vertex 2.982529e+00 -4.094242e-01 2.108673e-02
         vertex 3.104399e+00 -3.327892e-01 1.252956e-02
         vertex 3.104572e+00 -3.344631e-01 1.499997e-02
      endloop
   endfacet
   facet normal -1.279935e-01 -8.603321e-01 -4.934029e-01
      outer loop
         vertex 2.406533e+00 -4.663261e-01 3.235192e-02
         vertex 2.406493e+00 -4.648184e-01 2.973322e-02
         vertex 2.625000e+00 -4.974165e-01 2.989084e-02
      endloop
   endfacet
   facet normal -8.082595e-02 -5.458126e-01 -8.339999e-01
      outer loop
         vertex 2.625000e+00 -4.974165e-01 2.989084e-02
         vertex 2.406493e+00 -4.648184e-01 2.973322e-02
         vertex 2.625000e+00 -4.898342e-01 2.492856e-02
      endloop
   endfacet
   facet normal -5.220526e-02 -5.468575e-01 -8.355965e-01
      outer loop
         vertex 2.625000e+00 -4.974165e-01 2.989084e-02
         vertex 2.625000e+00 -4.898342e-01 2.492856e-02
         vertex 2.680779e+00 -5.015193e-01 2.909104e-02
      endloop
   endfacet
   facet normal -5.138566e-02 -5.436970e-01 -8.377070e-01
      outer loop
         vertex 2.680779e+00 -5.015193e-01 2.909104e-02
         vertex 2.625000e+00 -4.898342e-01 2.492856e-02
         vertex 2.680830e+00 -4.933116e-01 2.376085e-02
      endloop
   endfacet
   facet normal 2.440144e-02 -5.445826e-01 -8.383521e-01
      outer loop
         vertex 2.680779e+00 -5.015193e-01 2.909104e-02
         vertex 2.680830e+00 -4.933116e-01 2.376085e-02
         vertex 2.738740e+00 -4.968007e-01 2.771289e-02
      endloop
   endfacet
   facet normal 2.431312e-02 -5.454284e-01 -8.378047e-01
      outer loop
         vertex 2.738740e+00 -4.968007e-01 2.771289e-02
         vertex 2.680830e+00 -4.933116e-01 2.376085e-02
         vertex 2.738779e+00 -4.882409e-01 2.214144e-02
      endloop
   endfacet
   facet normal 8.927561e-02 -5.436199e-01 -8.345701e-01
      outer loop
         vertex 2.738740e+00 -4.968007e-01 2.771289e-02
         vertex 2.738779e+00 -4.882409e-01 2.214144e-02
         vertex 2.798384e+00 -4.841454e-01 2.584981e-02
      endloop
   endfacet
   facet normal 8.936345e-02 -5.467759e-01 -8.324964e-01
      outer loop
         vertex 2.798384e+00 -4.841454e-01 2.584981e-02
         vertex 2.738779e+00 -4.882409e-01 2.214144e-02
         vertex 2.798362e+00 -4.754799e-01 2.015599e-02
      endloop
   endfacet
   facet normal 1.452790e-01 -5.430460e-01 -8.270399e-01
      outer loop
         vertex 2.798384e+00 -4.841454e-01 2.584981e-02
         vertex 2.798362e+00 -4.754799e-01 2.015599e-02
         vertex 2.859214e+00 -4.644383e-01 2.359520e-02
      endloop
   endfacet
   facet normal 1.459233e-01 -5.475616e-01 -8.239434e-01
      outer loop
         vertex 2.859214e+00 -4.644383e-01 2.359520e-02
         vertex 2.798362e+00 -4.754799e-01 2.015599e-02
         vertex 2.859091e+00 -4.558862e-01 1.789012e-02
      endloop
   endfacet
   facet normal 1.942467e-01 -5.424527e-01 -8.173208e-01
      outer loop
         vertex 2.859214e+00 -4.644383e-01 2.359520e-02
         vertex 2.859091e+00 -4.558862e-01 1.789012e-02
         vertex 2.920728e+00 -4.385643e-01 2.104247e-02
      endloop
   endfacet
   facet normal 1.955434e-01 -5.477702e-01 -8.134560e-01
      outer loop
         vertex 2.920728e+00 -4.385643e-01 2.104247e-02
         vertex 2.859091e+00 -4.558862e-01 1.789012e-02
         vertex 2.920480e+00 -4.303174e-01 1.542947e-02
      endloop
   endfacet
   facet normal 2.374788e-01 -5.416703e-01 -8.063480e-01
      outer loop
         vertex 2.920728e+00 -4.385643e-01 2.104247e-02
         vertex 2.920480e+00 -4.303174e-01 1.542947e-02
         vertex 2.982430e+00 -4.074082e-01 1.828501e-02
      endloop
   endfacet
   facet normal 2.394017e-01 -5.474272e-01 -8.018792e-01
      outer loop
         vertex 2.982430e+00 -4.074082e-01 1.828501e-02
         vertex 2.920480e+00 -4.303174e-01 1.542947e-02
         vertex 2.982041e+00 -3.996313e-01 1.285970e-02
      endloop
   endfacet
   facet normal 2.904958e-01 -5.376581e-01 -7.915402e-01
      outer loop
         vertex 2.982430e+00 -4.074082e-01 1.828501e-02
         vertex 2.982041e+00 -3.996313e-01 1.285970e-02
         vertex 3.103732e+00 -3.263376e-01 7.735290e-03
      endloop
   endfacet
   facet normal -5.503370e-02 -4.067384e-01 -9.118855e-01
      outer loop
         vertex 1.750000e+00 -3.050627e-01 -2.313905e-02
         vertex 1.859797e+00 -3.206124e-01 -2.282967e-02
         vertex 1.859492e+00 -3.588091e-01 -5.773988e-03
      endloop
   endfacet
   facet normal -4.131585e-02 -4.070995e-01 -9.124489e-01
      outer loop
         vertex 1.859492e+00 -3.588091e-01 -5.773988e-03
         vertex 1.859797e+00 -3.206124e-01 -2.282967e-02
         vertex 1.968845e+00 -3.734088e-01 -4.211702e-03
      endloop
   endfacet
   facet normal -6.712164e-02 -5.889317e-01 -8.053907e-01
      outer loop
         vertex 1.859492e+00 -3.588091e-01 -5.773988e-03
         vertex 1.968845e+00 -3.734088e-01 -4.211702e-03
         vertex 1.968568e+00 -3.990602e-01 1.456870e-02
      endloop
   endfacet
   facet normal -6.271981e-02 -5.891318e-01 -8.055991e-01
      outer loop
         vertex 1.968568e+00 -3.990602e-01 1.456870e-02
         vertex 1.968845e+00 -3.734088e-01 -4.211702e-03
         vertex 2.187446e+00 -4.290445e-01 1.945542e-02
      endloop
   endfacet
   facet normal -1.005273e-01 -8.245634e-01 -5.567669e-01
      outer loop
         vertex 1.968568e+00 -3.990602e-01 1.456870e-02
         vertex 2.187446e+00 -4.290445e-01 1.945542e-02
         vertex 1.968484e+00 -4.058403e-01 2.462509e-02
      endloop
   endfacet
   facet normal -9.639174e-02 -7.687133e-01 -6.322882e-01
      outer loop
         vertex 1.968484e+00 -4.058403e-01 2.462509e-02
         vertex 2.187446e+00 -4.290445e-01 1.945542e-02
         vertex 2.187484e+00 -4.353593e-01 2.712679e-02
      endloop
   endfacet
   facet normal -1.260040e-01 -9.569729e-01 -2.613921e-01
      outer loop
         vertex 1.968484e+00 -4.058403e-01 2.462509e-02
         vertex 2.187484e+00 -4.353593e-01 2.712679e-02
         vertex 2.171381e+00 -4.353895e-01 3.500000e-02
      endloop
   endfacet
   facet normal -1.803091e-01 -9.104354e-01 -3.722849e-01
      outer loop
         vertex 2.171381e+00 -4.353895e-01 3.500000e-02
         vertex 2.187484e+00 -4.353593e-01 2.712679e-02
         vertex 2.187496e+00 -4.369615e-01 3.103937e-02
      endloop
   endfacet
   facet normal -2.678622e-02 -3.811995e-01 -9.241047e-01
      outer loop
         vertex 1.859797e+00 -3.206124e-01 -2.282967e-02
         vertex 1.969183e+00 -3.337338e-01 -2.058768e-02
         vertex 1.968845e+00 -3.734088e-01 -4.211702e-03
      endloop
   endfacet
   facet normal -1.622919e-02 -3.813628e-01 -9.242830e-01
      outer loop
         vertex 1.968845e+00 -3.734088e-01 -4.211702e-03
         vertex 1.969183e+00 -3.337338e-01 -2.058768e-02
         vertex 2.187347e+00 -4.045376e-01 4.795587e-03
      endloop
   endfacet
   facet normal -3.775042e-02 -5.131011e-01 -8.574976e-01
      outer loop
         vertex 1.968845e+00 -3.734088e-01 -4.211702e-03
         vertex 2.187347e+00 -4.045376e-01 4.795587e-03
         vertex 2.187446e+00 -4.290445e-01 1.945542e-02
      endloop
   endfacet
   facet normal -4.974651e-02 -5.128670e-01 -8.570255e-01
      outer loop
         vertex 2.187446e+00 -4.290445e-01 1.945542e-02
         vertex 2.187347e+00 -4.045376e-01 4.795587e-03
         vertex 2.406350e+00 -4.588090e-01 2.456086e-02
      endloop
   endfacet
   facet normal -8.982810e-02 -7.691710e-01 -6.326980e-01
      outer loop
         vertex 2.187446e+00 -4.290445e-01 1.945542e-02
         vertex 2.406350e+00 -4.588090e-01 2.456086e-02
         vertex 2.187484e+00 -4.353593e-01 2.712679e-02
      endloop
   endfacet
   facet normal -7.864000e-02 -6.514042e-01 -7.546445e-01
      outer loop
         vertex 2.187484e+00 -4.353593e-01 2.712679e-02
         vertex 2.406350e+00 -4.588090e-01 2.456086e-02
         vertex 2.406493e+00 -4.648184e-01 2.973322e-02
      endloop
   endfacet
   facet normal -1.191345e-01 -9.189483e-01 -3.759536e-01
      outer loop
         vertex 2.187484e+00 -4.353593e-01 2.712679e-02
         vertex 2.406493e+00 -4.648184e-01 2.973322e-02
         vertex 2.187496e+00 -4.369615e-01 3.103937e-02
      endloop
   endfacet
   facet normal -1.125784e-01 -8.618491e-01 -4.945121e-01
      outer loop
         vertex 2.187496e+00 -4.369615e-01 3.103937e-02
         vertex 2.406493e+00 -4.648184e-01 2.973322e-02
         vertex 2.406533e+00 -4.663261e-01 3.235192e-02
      endloop
   endfacet
   facet normal -1.306839e-01 -9.811586e-01 -1.423007e-01
      outer loop
         vertex 2.187496e+00 -4.369615e-01 3.103937e-02
         vertex 2.406533e+00 -4.663261e-01 3.235192e-02
         vertex 2.171381e+00 -4.353895e-01 3.500000e-02
      endloop
   endfacet
   facet normal -1.211755e-01 -8.821003e-01 -4.552094e-01
      outer loop
         vertex 2.171381e+00 -4.353895e-01 3.500000e-02
         vertex 2.406533e+00 -4.663261e-01 3.235192e-02
         vertex 2.517316e+00 -4.829111e-01 3.500000e-02
      endloop
   endfacet
   facet normal 2.575068e-02 -1.598102e-01 -9.868118e-01
      outer loop
         vertex 2.917827e+00 -3.536341e-01 -2.085664e-03
         vertex 2.919486e+00 -3.996994e-01 5.417720e-03
         vertex 2.857550e+00 -3.758879e-01 -5.467591e-05
      endloop
   endfacet
   facet normal 2.641410e-02 -1.581423e-01 -9.870630e-01
      outer loop
         vertex 2.857550e+00 -3.758879e-01 -5.467591e-05
         vertex 2.919486e+00 -3.996994e-01 5.417720e-03
         vertex 2.858553e+00 -4.240348e-01 7.686016e-03
      endloop
   endfacet
   facet normal 1.398748e-02 -1.584345e-01 -9.872704e-01
      outer loop
         vertex 2.857550e+00 -3.758879e-01 -5.467591e-05
         vertex 2.858553e+00 -4.240348e-01 7.686016e-03
         vertex 2.797738e+00 -3.937420e-01 1.963105e-03
      endloop
   endfacet
   facet normal 1.371927e-02 -1.589578e-01 -9.871901e-01
      outer loop
         vertex 2.797738e+00 -3.937420e-01 1.963105e-03
         vertex 2.858553e+00 -4.240348e-01 7.686016e-03
         vertex 2.798192e+00 -4.430636e-01 9.911196e-03
      endloop
   endfacet
   facet normal 2.502760e-03 -1.590727e-01 -9.872637e-01
      outer loop
         vertex 2.797738e+00 -3.937420e-01 1.963105e-03
         vertex 2.798192e+00 -4.430636e-01 9.911196e-03
         vertex 2.738783e+00 -4.065617e-01 3.879223e-03
      endloop
   endfacet
   facet normal 4.629298e-04 -1.623061e-01 -9.867403e-01
      outer loop
         vertex 2.738783e+00 -4.065617e-01 3.879223e-03
         vertex 2.798192e+00 -4.430636e-01 9.911196e-03
         vertex 2.738849e+00 -4.560230e-01 1.201501e-02
      endloop
   endfacet
   facet normal -9.398887e-03 -1.623118e-01 -9.866948e-01
      outer loop
         vertex 2.738783e+00 -4.065617e-01 3.879223e-03
         vertex 2.738849e+00 -4.560230e-01 1.201501e-02
         vertex 2.681073e+00 -4.137123e-01 5.605222e-03
      endloop
   endfacet
   facet normal -1.451931e-02 -1.691210e-01 -9.854883e-01
      outer loop
         vertex 2.681073e+00 -4.137123e-01 5.605222e-03
         vertex 2.738849e+00 -4.560230e-01 1.201501e-02
         vertex 2.680969e+00 -4.621500e-01 1.391921e-02
      endloop
   endfacet
   facet normal -2.288139e-02 -1.690772e-01 -9.853372e-01
      outer loop
         vertex 2.681073e+00 -4.137123e-01 5.605222e-03
         vertex 2.680969e+00 -4.621500e-01 1.391921e-02
         vertex 2.625000e+00 -4.145591e-01 7.052648e-03
      endloop
   endfacet
   facet normal -3.330996e-02 -1.809930e-01 -9.829201e-01
      outer loop
         vertex 2.625000e+00 -4.145591e-01 7.052648e-03
         vertex 2.680969e+00 -4.621500e-01 1.391921e-02
         vertex 2.625000e+00 -4.606815e-01 1.554554e-02
      endloop
   endfacet
   facet normal -1.472259e-02 -1.810738e-01 -9.833593e-01
      outer loop
         vertex 2.625000e+00 -4.145591e-01 7.052648e-03
         vertex 2.625000e+00 -4.606815e-01 1.554554e-02
         vertex 2.515029e+00 -4.070793e-01 7.321792e-03
      endloop
   endfacet
   facet normal -3.236520e-02 -2.161147e-01 -9.758314e-01
      outer loop
         vertex 2.515029e+00 -4.070793e-01 7.321792e-03
         vertex 2.625000e+00 -4.606815e-01 1.554554e-02
         vertex 2.515374e+00 -4.486447e-01 1.651573e-02
      endloop
   endfacet
   facet normal 7.845817e-03 -2.159031e-01 -9.763833e-01
      outer loop
         vertex 2.515029e+00 -4.070793e-01 7.321792e-03
         vertex 2.515374e+00 -4.486447e-01 1.651573e-02
         vertex 2.405519e+00 -3.955389e-01 3.889933e-03
      endloop
   endfacet
   facet normal -1.257754e-02 -2.558341e-01 -9.666389e-01
      outer loop
         vertex 2.405519e+00 -3.955389e-01 3.889933e-03
         vertex 2.515374e+00 -4.486447e-01 1.651573e-02
         vertex 2.405925e+00 -4.349458e-01 1.431424e-02
      endloop
   endfacet
   facet normal 2.088109e-02 -2.554767e-01 -9.665897e-01
      outer loop
         vertex 2.405519e+00 -3.955389e-01 3.889933e-03
         vertex 2.405925e+00 -4.349458e-01 1.431424e-02
         vertex 2.187301e+00 -3.652687e-01 -8.824823e-03
      endloop
   endfacet
   facet normal 3.574042e-03 -3.276916e-01 -9.447780e-01
      outer loop
         vertex 1.969183e+00 -3.337338e-01 -2.058768e-02
         vertex 2.187301e+00 -3.652687e-01 -8.824823e-03
         vertex 2.187347e+00 -4.045376e-01 4.795587e-03
      endloop
   endfacet
   facet normal -4.445859e-03 -3.276988e-01 -9.447718e-01
      outer loop
         vertex 2.187347e+00 -4.045376e-01 4.795587e-03
         vertex 2.187301e+00 -3.652687e-01 -8.824823e-03
         vertex 2.405925e+00 -4.349458e-01 1.431424e-02
      endloop
   endfacet
   facet normal -1.490836e-02 -3.947352e-01 -9.186740e-01
      outer loop
         vertex 2.187347e+00 -4.045376e-01 4.795587e-03
         vertex 2.405925e+00 -4.349458e-01 1.431424e-02
         vertex 2.406350e+00 -4.588090e-01 2.456086e-02
      endloop
   endfacet
   facet normal -3.094845e-02 -3.948316e-01 -9.182321e-01
      outer loop
         vertex 2.406350e+00 -4.588090e-01 2.456086e-02
         vertex 2.405925e+00 -4.349458e-01 1.431424e-02
         vertex 2.515374e+00 -4.486447e-01 1.651573e-02
      endloop
   endfacet
   facet normal -4.173049e-02 -3.053703e-01 -9.513189e-01
      outer loop
         vertex 2.406350e+00 -4.588090e-01 2.456086e-02
         vertex 2.515374e+00 -4.486447e-01 1.651573e-02
         vertex 2.625000e+00 -4.898342e-01 2.492856e-02
      endloop
   endfacet
   facet normal -4.202731e-02 -3.061091e-01 -9.510683e-01
      outer loop
         vertex 2.625000e+00 -4.898342e-01 2.492856e-02
         vertex 2.515374e+00 -4.486447e-01 1.651573e-02
         vertex 2.625000e+00 -4.606815e-01 1.554554e-02
      endloop
   endfacet
   facet normal -3.896328e-02 -3.061471e-01 -9.511865e-01
      outer loop
         vertex 2.625000e+00 -4.898342e-01 2.492856e-02
         vertex 2.625000e+00 -4.606815e-01 1.554554e-02
         vertex 2.680830e+00 -4.933116e-01 2.376085e-02
      endloop
   endfacet
   facet normal -3.558509e-02 -3.008273e-01 -9.530145e-01
      outer loop
         vertex 2.680830e+00 -4.933116e-01 2.376085e-02
         vertex 2.625000e+00 -4.606815e-01 1.554554e-02
         vertex 2.680969e+00 -4.621500e-01 1.391921e-02
      endloop
   endfacet
   facet normal -2.956319e-04 -3.011622e-01 -9.535729e-01
      outer loop
         vertex 2.680830e+00 -4.933116e-01 2.376085e-02
         vertex 2.680969e+00 -4.621500e-01 1.391921e-02
         vertex 2.738779e+00 -4.882409e-01 2.214144e-02
      endloop
   endfacet
   facet normal 3.557057e-04 -2.998494e-01 -9.539865e-01
      outer loop
         vertex 2.738779e+00 -4.882409e-01 2.214144e-02
         vertex 2.680969e+00 -4.621500e-01 1.391921e-02
         vertex 2.738849e+00 -4.560230e-01 1.201501e-02
      endloop
   endfacet
   facet normal 3.242734e-02 -2.997548e-01 -9.534650e-01
      outer loop
         vertex 2.738779e+00 -4.882409e-01 2.214144e-02
         vertex 2.738849e+00 -4.560230e-01 1.201501e-02
         vertex 2.798362e+00 -4.754799e-01 2.015599e-02
      endloop
   endfacet
   facet normal 3.195355e-02 -3.010410e-01 -9.530757e-01
      outer loop
         vertex 2.798362e+00 -4.754799e-01 2.015599e-02
         vertex 2.738849e+00 -4.560230e-01 1.201501e-02
         vertex 2.798192e+00 -4.430636e-01 9.911196e-03
      endloop
   endfacet
   facet normal 6.143567e-02 -3.004847e-01 -9.518060e-01
      outer loop
         vertex 2.798362e+00 -4.754799e-01 2.015599e-02
         vertex 2.798192e+00 -4.430636e-01 9.911196e-03
         vertex 2.859091e+00 -4.558862e-01 1.789012e-02
      endloop
   endfacet
   facet normal 6.065675e-02 -3.035998e-01 -9.508669e-01
      outer loop
         vertex 2.859091e+00 -4.558862e-01 1.789012e-02
         vertex 2.798192e+00 -4.430636e-01 9.911196e-03
         vertex 2.858553e+00 -4.240348e-01 7.686016e-03
      endloop
   endfacet
   facet normal 8.797638e-02 -3.025595e-01 -9.490616e-01
      outer loop
         vertex 2.859091e+00 -4.558862e-01 1.789012e-02
         vertex 2.858553e+00 -4.240348e-01 7.686016e-03
         vertex 2.920480e+00 -4.303174e-01 1.542947e-02
      endloop
   endfacet
   facet normal 8.734840e-02 -3.070444e-01 -9.476782e-01
      outer loop
         vertex 2.920480e+00 -4.303174e-01 1.542947e-02
         vertex 2.858553e+00 -4.240348e-01 7.686016e-03
         vertex 2.919486e+00 -3.996994e-01 5.417720e-03
      endloop
   endfacet
   facet normal 1.128142e-01 -3.055004e-01 -9.454853e-01
      outer loop
         vertex 2.920480e+00 -4.303174e-01 1.542947e-02
         vertex 2.919486e+00 -3.996994e-01 5.417720e-03
         vertex 2.982041e+00 -3.996313e-01 1.285970e-02
      endloop
   endfacet
   facet normal 1.126072e-01 -3.110641e-01 -9.436942e-01
      outer loop
         vertex 2.982041e+00 -3.996313e-01 1.285970e-02
         vertex 2.919486e+00 -3.996994e-01 5.417720e-03
         vertex 2.980545e+00 -3.708206e-01 3.184556e-03
      endloop
   endfacet
   facet normal 1.459902e-01 -3.081175e-01 -9.400801e-01
      outer loop
         vertex 2.982041e+00 -3.996313e-01 1.285970e-02
         vertex 2.980545e+00 -3.708206e-01 3.184556e-03
         vertex 3.103732e+00 -3.263376e-01 7.735290e-03
      endloop
   endfacet
   facet normal 8.418949e-02 -5.107852e-03 -9.964367e-01
      outer loop
         vertex 3.402930e+00 -1.622238e-17 -1.056879e-02
         vertex 3.455742e+00 -8.660545e-18 -6.106671e-03
         vertex 3.406170e+00 -2.683235e-02 -1.015745e-02
      endloop
   endfacet
   facet normal 1.359640e-01 -1.024243e-01 -9.854050e-01
      outer loop
         vertex 3.406170e+00 -2.683235e-02 -1.015745e-02
         vertex 3.455742e+00 -8.660545e-18 -6.106671e-03
         vertex 3.500000e+00 0.000000e+00 0.000000e+00
      endloop
   endfacet
   facet normal 1.254475e-02 -1.330825e-01 -9.910256e-01
      outer loop
         vertex 1.750000e+00 -1.899733e-01 -5.121894e-02
         vertex 1.750000e+00 -1.459084e-01 -5.713630e-02
         vertex 1.860115e+00 -2.133623e-01 -4.668422e-02
      endloop
   endfacet
   facet normal 3.344625e-02 -9.949660e-02 -9.944756e-01
      outer loop
         vertex 1.860115e+00 -2.133623e-01 -4.668422e-02
         vertex 1.750000e+00 -1.459084e-01 -5.713630e-02
         vertex 1.860087e+00 -1.479783e-01 -5.322678e-02
      endloop
   endfacet
   facet normal 2.248215e-02 -9.953179e-02 -9.947804e-01
      outer loop
         vertex 1.860115e+00 -2.133623e-01 -4.668422e-02
         vertex 1.860087e+00 -1.479783e-01 -5.322678e-02
         vertex 1.969649e+00 -2.221794e-01 -4.332653e-02
      endloop
   endfacet
   facet normal 2.911005e-02 -8.984532e-02 -9.955302e-01
      outer loop
         vertex 1.969649e+00 -2.221794e-01 -4.332653e-02
         vertex 1.860087e+00 -1.479783e-01 -5.322678e-02
         vertex 1.969719e+00 -1.541048e-01 -4.946813e-02
      endloop
   endfacet
   facet normal 3.074016e-02 -8.984260e-02 -9.954815e-01
      outer loop
         vertex 1.969649e+00 -2.221794e-01 -4.332653e-02
         vertex 1.969719e+00 -1.541048e-01 -4.946813e-02
         vertex 2.188123e+00 -1.727055e-01 -4.104515e-02
      endloop
   endfacet
   facet normal 3.244006e-02 -7.056144e-02 -9.969798e-01
      outer loop
         vertex 2.188123e+00 -1.727055e-01 -4.104515e-02
         vertex 1.969719e+00 -1.541048e-01 -4.946813e-02
         vertex 2.188478e+00 -8.947268e-02 -4.692443e-02
      endloop
   endfacet
   facet normal 4.297844e-02 -7.057809e-02 -9.965799e-01
      outer loop
         vertex 2.188123e+00 -1.727055e-01 -4.104515e-02
         vertex 2.188478e+00 -8.947268e-02 -4.692443e-02
         vertex 2.406738e+00 -9.865555e-02 -3.686145e-02
      endloop
   endfacet
   facet normal 4.430942e-02 -4.070564e-02 -9.981882e-01
      outer loop
         vertex 2.406738e+00 -9.865555e-02 -3.686145e-02
         vertex 2.188478e+00 -8.947268e-02 -4.692443e-02
         vertex 2.335723e+00 1.936266e-18 -4.403689e-02
      endloop
   endfacet
   facet normal 8.468809e-02 -1.150595e-02 -9.963411e-01
      outer loop
         vertex 2.406738e+00 -9.865555e-02 -3.686145e-02
         vertex 2.335723e+00 1.936266e-18 -4.403689e-02
         vertex 2.515838e+00 -1.009786e-01 -2.756122e-02
      endloop
   endfacet
   facet normal 7.719559e-02 -2.492949e-02 -9.967042e-01
      outer loop
         vertex 2.515838e+00 -1.009786e-01 -2.756122e-02
         vertex 2.335723e+00 1.936266e-18 -4.403689e-02
         vertex 2.516009e+00 1.778769e-18 -3.007364e-02
      endloop
   endfacet
   facet normal 1.194282e-01 -2.489714e-02 -9.925306e-01
      outer loop
         vertex 2.515838e+00 -1.009786e-01 -2.756122e-02
         vertex 2.516009e+00 1.778769e-18 -3.007364e-02
         vertex 2.552881e+00 1.350822e-18 -2.563696e-02
      endloop
   endfacet
   facet normal 9.062900e-02 -6.701564e-02 -9.936273e-01
      outer loop
         vertex 2.625000e+00 -3.534841e-01 -3.484067e-04
         vertex 2.515459e+00 -1.946439e-01 -2.105273e-02
         vertex 2.625000e+00 -1.945446e-01 -1.106815e-02
      endloop
   endfacet
   facet normal 9.061635e-02 -6.939903e-02 -9.934649e-01
      outer loop
         vertex 2.625000e+00 -1.945446e-01 -1.106815e-02
         vertex 2.515459e+00 -1.946439e-01 -2.105273e-02
         vertex 2.515838e+00 -1.009786e-01 -2.756122e-02
      endloop
   endfacet
   facet normal 1.234454e-01 -3.081709e-02 -9.918727e-01
      outer loop
         vertex 2.625000e+00 -1.945446e-01 -1.106815e-02
         vertex 2.515838e+00 -1.009786e-01 -2.756122e-02
         vertex 2.625000e+00 -1.007144e-01 -1.398342e-02
      endloop
   endfacet
   facet normal 1.234505e-01 -2.638277e-02 -9.920000e-01
      outer loop
         vertex 2.625000e+00 -1.007144e-01 -1.398342e-02
         vertex 2.515838e+00 -1.009786e-01 -2.756122e-02
         vertex 2.552881e+00 1.350822e-18 -2.563696e-02
      endloop
   endfacet
   facet normal 1.459050e-01 -9.985174e-03 -9.892482e-01
      outer loop
         vertex 2.625000e+00 -1.007144e-01 -1.398342e-02
         vertex 2.552881e+00 1.350822e-18 -2.563696e-02
         vertex 2.625000e+00 0.000000e+00 -1.500000e-02
      endloop
   endfacet
   facet normal 6.092054e-01 -7.709865e-01 -1.856033e-01
      outer loop
         vertex 3.263543e+00 -2.155071e-01 8.806110e-03
         vertex 3.221433e+00 -2.493265e-01 1.107422e-02
         vertex 3.221356e+00 -2.489035e-01 9.064994e-03
      endloop
   endfacet
   facet normal 5.739796e-01 -7.966052e-01 -1.896512e-01
      outer loop
         vertex 3.221356e+00 -2.489035e-01 9.064994e-03
         vertex 3.221433e+00 -2.493265e-01 1.107422e-02
         vertex 3.104572e+00 -3.344631e-01 1.499997e-02
      endloop
   endfacet
   facet normal 4.950734e-01 -7.104426e-01 -5.001736e-01
      outer loop
         vertex 3.221356e+00 -2.489035e-01 9.064994e-03
         vertex 3.104572e+00 -3.344631e-01 1.499997e-02
         vertex 3.221131e+00 -2.476601e-01 7.076088e-03
      endloop
   endfacet
   facet normal 4.903420e-01 -7.051813e-01 -5.121367e-01
      outer loop
         vertex 3.221131e+00 -2.476601e-01 7.076088e-03
         vertex 3.104572e+00 -3.344631e-01 1.499997e-02
         vertex 3.104399e+00 -3.327892e-01 1.252956e-02
      endloop
   endfacet
   facet normal 3.625169e-01 -5.455030e-01 -7.556507e-01
      outer loop
         vertex 3.221131e+00 -2.476601e-01 7.076088e-03
         vertex 3.104399e+00 -3.327892e-01 1.252956e-02
         vertex 3.220269e+00 -2.428663e-01 3.202008e-03
      endloop
   endfacet
   facet normal 3.528271e-01 -5.343117e-01 -7.681302e-01
      outer loop
         vertex 3.220269e+00 -2.428663e-01 3.202008e-03
         vertex 3.104399e+00 -3.327892e-01 1.252956e-02
         vertex 3.103732e+00 -3.263376e-01 7.735290e-03
      endloop
   endfacet
   facet normal 1.898056e-01 -3.154891e-01 -9.297529e-01
      outer loop
         vertex 3.220269e+00 -2.428663e-01 3.202008e-03
         vertex 3.103732e+00 -3.263376e-01 7.735290e-03
         vertex 3.101260e+00 -3.024846e-01 -8.633794e-04
      endloop
   endfacet
   facet normal 1.505966e-01 -3.214050e-01 -9.348901e-01
      outer loop
         vertex 3.101260e+00 -3.024846e-01 -8.633794e-04
         vertex 3.103732e+00 -3.263376e-01 7.735290e-03
         vertex 2.980545e+00 -3.708206e-01 3.184556e-03
      endloop
   endfacet
   facet normal 5.842481e-02 -1.615613e-01 -9.851317e-01
      outer loop
         vertex 3.101260e+00 -3.024846e-01 -8.633794e-04
         vertex 2.980545e+00 -3.708206e-01 3.184556e-03
         vertex 2.978179e+00 -3.276155e-01 -4.041404e-03
      endloop
   endfacet
   facet normal 3.823544e-02 -1.627985e-01 -9.859182e-01
      outer loop
         vertex 2.978179e+00 -3.276155e-01 -4.041404e-03
         vertex 2.980545e+00 -3.708206e-01 3.184556e-03
         vertex 2.917827e+00 -3.536341e-01 -2.085664e-03
      endloop
   endfacet
   facet normal -4.298638e-03 -6.503601e-02 -9.978737e-01
      outer loop
         vertex 2.978179e+00 -3.276155e-01 -4.041404e-03
         vertex 2.917827e+00 -3.536341e-01 -2.085664e-03
         vertex 2.855997e+00 -3.154863e-01 -4.305583e-03
      endloop
   endfacet
   facet normal -7.619834e-03 -7.039666e-02 -9.974900e-01
      outer loop
         vertex 2.855997e+00 -3.154863e-01 -4.305583e-03
         vertex 2.917827e+00 -3.536341e-01 -2.085664e-03
         vertex 2.857550e+00 -3.758879e-01 -5.467591e-05
      endloop
   endfacet
   facet normal -7.157947e-03 -7.038508e-02 -9.974942e-01
      outer loop
         vertex 2.855997e+00 -3.154863e-01 -4.305583e-03
         vertex 2.857550e+00 -3.758879e-01 -5.467591e-05
         vertex 2.796864e+00 -3.313648e-01 -2.760832e-03
      endloop
   endfacet
   facet normal -1.105040e-02 -7.566491e-02 -9.970721e-01
      outer loop
         vertex 2.796864e+00 -3.313648e-01 -2.760832e-03
         vertex 2.857550e+00 -3.758879e-01 -5.467591e-05
         vertex 2.797738e+00 -3.937420e-01 1.963105e-03
      endloop
   endfacet
   facet normal -5.986360e-03 -7.559760e-02 -9.971204e-01
      outer loop
         vertex 2.796864e+00 -3.313648e-01 -2.760832e-03
         vertex 2.797738e+00 -3.937420e-01 1.963105e-03
         vertex 2.738433e+00 -3.433219e-01 -1.503490e-03
      endloop
   endfacet
   facet normal -1.392422e-02 -8.487751e-02 -9.962941e-01
      outer loop
         vertex 2.738433e+00 -3.433219e-01 -1.503490e-03
         vertex 2.797738e+00 -3.937420e-01 1.963105e-03
         vertex 2.738783e+00 -4.065617e-01 3.879223e-03
      endloop
   endfacet
   facet normal -3.537336e-03 -8.482817e-02 -9.963893e-01
      outer loop
         vertex 2.738433e+00 -3.433219e-01 -1.503490e-03
         vertex 2.738783e+00 -4.065617e-01 3.879223e-03
         vertex 2.681035e+00 -3.508607e-01 -6.579013e-04
      endloop
   endfacet
   facet normal -1.747061e-02 -9.915366e-02 -9.949188e-01
      outer loop
         vertex 2.681035e+00 -3.508607e-01 -6.579013e-04
         vertex 2.738783e+00 -4.065617e-01 3.879223e-03
         vertex 2.681073e+00 -4.137123e-01 5.605222e-03
      endloop
   endfacet
   facet normal -8.537255e-04 -9.915871e-02 -9.950713e-01
      outer loop
         vertex 2.681035e+00 -3.508607e-01 -6.579013e-04
         vertex 2.681073e+00 -4.137123e-01 5.605222e-03
         vertex 2.625000e+00 -3.534841e-01 -3.484067e-04
      endloop
   endfacet
   facet normal -2.380228e-02 -1.202656e-01 -9.924564e-01
      outer loop
         vertex 2.625000e+00 -3.534841e-01 -3.484067e-04
         vertex 2.681073e+00 -4.137123e-01 5.605222e-03
         vertex 2.625000e+00 -4.145591e-01 7.052648e-03
      endloop
   endfacet
   facet normal 1.311326e-02 -1.202893e-01 -9.926523e-01
      outer loop
         vertex 2.625000e+00 -3.534841e-01 -3.484067e-04
         vertex 2.625000e+00 -4.145591e-01 7.052648e-03
         vertex 2.514886e+00 -3.500400e-01 -2.220402e-03
      endloop
   endfacet
   facet normal -1.363738e-02 -1.650165e-01 -9.861965e-01
      outer loop
         vertex 2.514886e+00 -3.500400e-01 -2.220402e-03
         vertex 2.625000e+00 -4.145591e-01 7.052648e-03
         vertex 2.515029e+00 -4.070793e-01 7.321792e-03
      endloop
   endfacet
   facet normal 2.999187e-02 -1.648512e-01 -9.858624e-01
      outer loop
         vertex 2.514886e+00 -3.500400e-01 -2.220402e-03
         vertex 2.515029e+00 -4.070793e-01 7.321792e-03
         vertex 2.405382e+00 -3.408868e-01 -7.082288e-03
      endloop
   endfacet
   facet normal 9.984238e-03 -1.968033e-01 -9.803922e-01
      outer loop
         vertex 2.405382e+00 -3.408868e-01 -7.082288e-03
         vertex 2.515029e+00 -4.070793e-01 7.321792e-03
         vertex 2.405519e+00 -3.955389e-01 3.889933e-03
      endloop
   endfacet
   facet normal 3.810614e-02 -1.966021e-01 -9.797426e-01
      outer loop
         vertex 2.405382e+00 -3.408868e-01 -7.082288e-03
         vertex 2.405519e+00 -3.955389e-01 3.889933e-03
         vertex 2.187406e+00 -3.125271e-01 -2.125112e-02
      endloop
   endfacet
   facet normal 2.488735e-02 -2.293035e-01 -9.730367e-01
      outer loop
         vertex 2.187406e+00 -3.125271e-01 -2.125112e-02
         vertex 2.405519e+00 -3.955389e-01 3.889933e-03
         vertex 2.187301e+00 -3.652687e-01 -8.824823e-03
      endloop
   endfacet
   facet normal 2.451719e-02 -2.293049e-01 -9.730458e-01
      outer loop
         vertex 2.187406e+00 -3.125271e-01 -2.125112e-02
         vertex 2.187301e+00 -3.652687e-01 -8.824823e-03
         vertex 1.969477e+00 -2.825531e-01 -3.380570e-02
      endloop
   endfacet
   facet normal 1.604721e-02 -2.501114e-01 -9.680841e-01
      outer loop
         vertex 1.969477e+00 -2.825531e-01 -3.380570e-02
         vertex 2.187301e+00 -3.652687e-01 -8.824823e-03
         vertex 1.969183e+00 -3.337338e-01 -2.058768e-02
      endloop
   endfacet
   facet normal -3.624062e-04 -2.500552e-01 -9.682315e-01
      outer loop
         vertex 1.969477e+00 -2.825531e-01 -3.380570e-02
         vertex 1.969183e+00 -3.337338e-01 -2.058768e-02
         vertex 1.860031e+00 -2.713821e-01 -3.664977e-02
      endloop
   endfacet
   facet normal -1.267949e-02 -2.701977e-01 -9.627214e-01
      outer loop
         vertex 1.860031e+00 -2.713821e-01 -3.664977e-02
         vertex 1.969183e+00 -3.337338e-01 -2.058768e-02
         vertex 1.859797e+00 -3.206124e-01 -2.282967e-02
      endloop
   endfacet
   facet normal -2.372488e-02 -2.700946e-01 -9.625415e-01
      outer loop
         vertex 1.860031e+00 -2.713821e-01 -3.664977e-02
         vertex 1.859797e+00 -3.206124e-01 -2.282967e-02
         vertex 1.750000e+00 -2.651131e-01 -3.569681e-02
      endloop
   endfacet
   facet normal -3.974918e-02 -2.996362e-01 -9.532251e-01
      outer loop
         vertex 1.750000e+00 -2.651131e-01 -3.569681e-02
         vertex 1.859797e+00 -3.206124e-01 -2.282967e-02
         vertex 1.750000e+00 -3.050627e-01 -2.313905e-02
      endloop
   endfacet
   facet normal 1.729840e-01 8.858830e-02 9.809325e-01
      outer loop
         vertex 3.320024e+00 1.279854e-01 2.017964e-02
         vertex 3.314660e+00 1.069342e-01 2.302678e-02
         vertex 3.500000e+00 0.000000e+00 0.000000e+00
      endloop
   endfacet
   facet normal 1.385150e-01 -1.546297e-03 9.903591e-01
      outer loop
         vertex 3.402930e+00 -5.414267e-18 1.357661e-02
         vertex 3.500000e+00 0.000000e+00 0.000000e+00
         vertex 3.406170e+00 2.683235e-02 1.316526e-02
      endloop
   endfacet
   facet normal -9.108906e-02 6.508821e-01 7.536944e-01
      outer loop
         vertex 2.406493e+00 4.648184e-01 4.026678e-02
         vertex 2.406350e+00 4.588090e-01 4.543915e-02
         vertex 2.625000e+00 4.898342e-01 4.507144e-02
      endloop
   endfacet
   facet normal 6.643970e-01 7.229970e-01 1.893462e-01
      outer loop
         vertex 3.423142e+00 7.465345e-02 1.503906e-03
         vertex 3.329811e+00 1.593921e-01 5.426787e-03
         vertex 3.328866e+00 1.598819e-01 6.872768e-03
      endloop
   endfacet
   facet normal 6.353363e-01 7.556265e-01 1.592995e-01
      outer loop
         vertex 3.328866e+00 1.598819e-01 6.872768e-03
         vertex 3.329811e+00 1.593921e-01 5.426787e-03
         vertex 3.221433e+00 2.493265e-01 1.107422e-02
      endloop
   endfacet
   facet normal 9.005941e-02 1.302545e-02 9.958512e-01
      outer loop
         vertex 2.680438e+00 1.917945e-01 7.572237e-02
         vertex 2.736863e+00 1.866323e-01 7.068707e-02
         vertex 2.738433e+00 3.433219e-01 6.849568e-02
      endloop
   endfacet
   facet normal 6.482422e-02 1.142925e-02 9.978312e-01
      outer loop
         vertex 1.750000e+00 3.260173e-02 1.346266e-01
         vertex 1.750000e+00 0.000000e+00 1.350000e-01
         vertex 1.859980e+00 1.436179e-18 1.278552e-01
      endloop
   endfacet
   facet normal 3.380328e-02 1.669577e-01 9.853844e-01
      outer loop
         vertex 2.187716e+00 2.477174e-01 1.022214e-01
         vertex 2.187406e+00 3.125271e-01 9.125112e-02
         vertex 1.969477e+00 2.825531e-01 1.038057e-01
      endloop
   endfacet
   facet normal 3.417567e-02 6.592371e-02 9.972392e-01
      outer loop
         vertex 1.750000e+00 1.459084e-01 1.271363e-01
         vertex 1.750000e+00 3.260173e-02 1.346266e-01
         vertex 1.860087e+00 1.479783e-01 1.232268e-01
      endloop
   endfacet
   facet normal 7.061505e-02 3.113319e-02 9.970177e-01
      outer loop
         vertex 1.860087e+00 1.479783e-01 1.232268e-01
         vertex 1.750000e+00 3.260173e-02 1.346266e-01
         vertex 1.859980e+00 1.436179e-18 1.278552e-01
      endloop
   endfacet
   facet normal 3.250442e-02 3.122222e-02 9.989838e-01
      outer loop
         vertex 1.860087e+00 1.479783e-01 1.232268e-01
         vertex 1.859980e+00 1.436179e-18 1.278552e-01
         vertex 1.969719e+00 1.541048e-01 1.194681e-01
      endloop
   endfacet
   facet normal -2.000390e-02 2.022647e-01 9.791266e-01
      outer loop
         vertex 1.750000e+00 2.651131e-01 1.056968e-01
         vertex 1.750000e+00 1.899733e-01 1.212189e-01
         vertex 1.860031e+00 2.713821e-01 1.066498e-01
      endloop
   endfacet
   facet normal 4.380102e-03 1.704232e-01 9.853612e-01
      outer loop
         vertex 1.860031e+00 2.713821e-01 1.066498e-01
         vertex 1.750000e+00 1.899733e-01 1.212189e-01
         vertex 1.860115e+00 2.133623e-01 1.166842e-01
      endloop
   endfacet
   facet normal 8.209912e-03 1.704244e-01 9.853365e-01
      outer loop
         vertex 1.860031e+00 2.713821e-01 1.066498e-01
         vertex 1.860115e+00 2.133623e-01 1.166842e-01
         vertex 1.969477e+00 2.825531e-01 1.038057e-01
      endloop
   endfacet
   facet normal 1.773363e-02 1.557982e-01 9.876297e-01
      outer loop
         vertex 1.969477e+00 2.825531e-01 1.038057e-01
         vertex 1.860115e+00 2.133623e-01 1.166842e-01
         vertex 1.969649e+00 2.221794e-01 1.133265e-01
      endloop
   endfacet
   facet normal 3.203319e-02 1.557826e-01 9.872718e-01
      outer loop
         vertex 1.969477e+00 2.825531e-01 1.038057e-01
         vertex 1.969649e+00 2.221794e-01 1.133265e-01
         vertex 2.187716e+00 2.477174e-01 1.022214e-01
      endloop
   endfacet
   facet normal 3.684562e-02 1.169435e-01 9.924548e-01
      outer loop
         vertex 2.187716e+00 2.477174e-01 1.022214e-01
         vertex 1.969649e+00 2.221794e-01 1.133265e-01
         vertex 2.188123e+00 1.727055e-01 1.110452e-01
      endloop
   endfacet
   facet normal 4.479948e-02 1.169482e-01 9.921271e-01
      outer loop
         vertex 2.187716e+00 2.477174e-01 1.022214e-01
         vertex 2.188123e+00 1.727055e-01 1.110452e-01
         vertex 2.406216e+00 1.900668e-01 9.915070e-02
      endloop
   endfacet
   facet normal 4.757775e-02 8.422806e-02 9.953100e-01
      outer loop
         vertex 2.406216e+00 1.900668e-01 9.915070e-02
         vertex 2.188123e+00 1.727055e-01 1.110452e-01
         vertex 2.406738e+00 9.865555e-02 1.068614e-01
      endloop
   endfacet
   facet normal 7.015179e-02 8.424402e-02 9.939727e-01
      outer loop
         vertex 2.406216e+00 1.900668e-01 9.915070e-02
         vertex 2.406738e+00 9.865555e-02 1.068614e-01
         vertex 2.515459e+00 1.946439e-01 9.105273e-02
      endloop
   endfacet
   facet normal 1.254473e-02 1.330826e-01 9.910256e-01
      outer loop
         vertex 1.750000e+00 1.899733e-01 1.212189e-01
         vertex 1.750000e+00 1.459084e-01 1.271363e-01
         vertex 1.860115e+00 2.133623e-01 1.166842e-01
      endloop
   endfacet
   facet normal 3.344628e-02 9.949660e-02 9.944756e-01
      outer loop
         vertex 1.860115e+00 2.133623e-01 1.166842e-01
         vertex 1.750000e+00 1.459084e-01 1.271363e-01
         vertex 1.860087e+00 1.479783e-01 1.232268e-01
      endloop
   endfacet
   facet normal 2.248208e-02 9.953179e-02 9.947804e-01
      outer loop
         vertex 1.860115e+00 2.133623e-01 1.166842e-01
         vertex 1.860087e+00 1.479783e-01 1.232268e-01
         vertex 1.969649e+00 2.221794e-01 1.133265e-01
      endloop
   endfacet
   facet normal 2.911006e-02 8.984522e-02 9.955302e-01
      outer loop
         vertex 1.969649e+00 2.221794e-01 1.133265e-01
         vertex 1.860087e+00 1.479783e-01 1.232268e-01
         vertex 1.969719e+00 1.541048e-01 1.194681e-01
      endloop
   endfacet
   facet normal 3.074014e-02 8.984249e-02 9.954815e-01
      outer loop
         vertex 1.969649e+00 2.221794e-01 1.133265e-01
         vertex 1.969719e+00 1.541048e-01 1.194681e-01
         vertex 2.188123e+00 1.727055e-01 1.110452e-01
      endloop
   endfacet
   facet normal 3.244003e-02 7.056140e-02 9.969798e-01
      outer loop
         vertex 2.188123e+00 1.727055e-01 1.110452e-01
         vertex 1.969719e+00 1.541048e-01 1.194681e-01
         vertex 2.188478e+00 8.947268e-02 1.169244e-01
      endloop
   endfacet
   facet normal 4.297846e-02 7.057804e-02 9.965799e-01
      outer loop
         vertex 2.188123e+00 1.727055e-01 1.110452e-01
         vertex 2.188478e+00 8.947268e-02 1.169244e-01
         vertex 2.406738e+00 9.865555e-02 1.068614e-01
      endloop
   endfacet
   facet normal 8.606660e-02 2.492639e-02 9.959775e-01
      outer loop
         vertex 2.389046e+00 1.815096e-18 1.110450e-01
         vertex 2.516009e+00 9.023778e-19 1.000736e-01
         vertex 2.515838e+00 1.009786e-01 9.756122e-02
      endloop
   endfacet
   facet normal 4.231040e-02 1.669432e-01 9.850583e-01
      outer loop
         vertex 2.187406e+00 3.125271e-01 9.125112e-02
         vertex 2.187716e+00 2.477174e-01 1.022214e-01
         vertex 2.405382e+00 3.408868e-01 7.708229e-02
      endloop
   endfacet
   facet normal 5.210879e-02 1.448667e-01 9.880781e-01
      outer loop
         vertex 2.405382e+00 3.408868e-01 7.708229e-02
         vertex 2.187716e+00 2.477174e-01 1.022214e-01
         vertex 2.406216e+00 1.900668e-01 9.915070e-02
      endloop
   endfacet
   facet normal 3.179781e-02 1.448802e-01 9.889381e-01
      outer loop
         vertex 2.405382e+00 3.408868e-01 7.708229e-02
         vertex 2.406216e+00 1.900668e-01 9.915070e-02
         vertex 2.514886e+00 3.500400e-01 7.222040e-02
      endloop
   endfacet
   facet normal 6.837602e-02 1.202758e-01 9.903830e-01
      outer loop
         vertex 2.514886e+00 3.500400e-01 7.222040e-02
         vertex 2.406216e+00 1.900668e-01 9.915070e-02
         vertex 2.515459e+00 1.946439e-01 9.105273e-02
      endloop
   endfacet
   facet normal 1.311137e-02 1.203463e-01 9.926454e-01
      outer loop
         vertex 2.514886e+00 3.500400e-01 7.222040e-02
         vertex 2.515459e+00 1.946439e-01 9.105273e-02
         vertex 2.625000e+00 3.534841e-01 7.034840e-02
      endloop
   endfacet
   facet normal 1.163644e-02 6.728802e-02 9.976657e-01
      outer loop
         vertex 2.681035e+00 3.508607e-01 6.987177e-02
         vertex 2.625000e+00 3.534841e-01 7.034840e-02
         vertex 2.625000e+00 1.945446e-01 8.106815e-02
      endloop
   endfacet
   facet normal 9.062901e-02 6.701565e-02 9.936273e-01
      outer loop
         vertex 2.625000e+00 1.945446e-01 8.106815e-02
         vertex 2.625000e+00 3.534841e-01 7.034840e-02
         vertex 2.515459e+00 1.946439e-01 9.105273e-02
      endloop
   endfacet
   facet normal 9.061637e-02 6.939905e-02 9.934649e-01
      outer loop
         vertex 2.625000e+00 1.945446e-01 8.106815e-02
         vertex 2.515459e+00 1.946439e-01 9.105273e-02
         vertex 2.515838e+00 1.009786e-01 9.756122e-02
      endloop
   endfacet
   facet normal 8.326457e-02 6.941393e-02 9.941070e-01
      outer loop
         vertex 2.515838e+00 1.009786e-01 9.756122e-02
         vertex 2.515459e+00 1.946439e-01 9.105273e-02
         vertex 2.406738e+00 9.865555e-02 1.068614e-01
      endloop
   endfacet
   facet normal 8.433244e-02 2.711602e-02 9.960687e-01
      outer loop
         vertex 2.515838e+00 1.009786e-01 9.756122e-02
         vertex 2.406738e+00 9.865555e-02 1.068614e-01
         vertex 2.389046e+00 1.815096e-18 1.110450e-01
      endloop
   endfacet
   facet normal 4.458759e-02 3.434295e-02 9.984150e-01
      outer loop
         vertex 2.389046e+00 1.815096e-18 1.110450e-01
         vertex 2.406738e+00 9.865555e-02 1.068614e-01
         vertex 2.188478e+00 8.947268e-02 1.169244e-01
      endloop
   endfacet
   facet normal 3.995564e-02 2.392683e-02 9.989149e-01
      outer loop
         vertex 2.389046e+00 1.815096e-18 1.110450e-01
         vertex 2.188478e+00 8.947268e-02 1.169244e-01
         vertex 2.188630e+00 2.672636e-18 1.190615e-01
      endloop
   endfacet
   facet normal 1.868541e-02 2.390570e-02 9.995396e-01
      outer loop
         vertex 2.188630e+00 2.672636e-18 1.190615e-01
         vertex 2.188478e+00 8.947268e-02 1.169244e-01
         vertex 1.969719e+00 1.541048e-01 1.194681e-01
      endloop
   endfacet
   facet normal 2.013829e-02 2.596976e-02 9.994599e-01
      outer loop
         vertex 2.188630e+00 2.672636e-18 1.190615e-01
         vertex 1.969719e+00 1.541048e-01 1.194681e-01
         vertex 2.066504e+00 2.673750e-18 1.215222e-01
      endloop
   endfacet
   facet normal 3.063373e-02 3.255527e-02 9.990004e-01
      outer loop
         vertex 2.066504e+00 2.673750e-18 1.215222e-01
         vertex 1.969719e+00 1.541048e-01 1.194681e-01
         vertex 1.859980e+00 1.436179e-18 1.278552e-01
      endloop
   endfacet
   facet normal 7.179403e-02 -3.514907e-02 9.968000e-01
      outer loop
         vertex 2.898513e+00 -4.659192e-18 5.281905e-02
         vertex 3.078231e+00 -7.868507e-18 3.987490e-02
         vertex 3.083110e+00 1.188952e-01 4.371600e-02
      endloop
   endfacet
   facet normal 7.144924e-02 -3.513574e-02 9.968252e-01
      outer loop
         vertex 3.083110e+00 1.188952e-01 4.371600e-02
         vertex 3.078231e+00 -7.868507e-18 3.987490e-02
         vertex 3.195860e+00 8.826444e-02 3.455479e-02
      endloop
   endfacet
   facet normal 7.714071e-02 -1.421384e-02 9.969189e-01
      outer loop
         vertex 3.083110e+00 1.188952e-01 4.371600e-02
         vertex 3.195860e+00 8.826444e-02 3.455479e-02
         vertex 3.207024e+00 1.657011e-01 3.479497e-02
      endloop
   endfacet
   facet normal 9.194515e-02 3.429876e-02 9.951732e-01
      outer loop
         vertex 2.736863e+00 1.866323e-01 7.068707e-02
         vertex 2.680438e+00 1.917945e-01 7.572237e-02
         vertex 2.625000e+00 1.007144e-01 8.398342e-02
      endloop
   endfacet
   facet normal 1.603330e-01 9.962600e-03 9.870127e-01
      outer loop
         vertex 2.609115e+00 1.351526e-19 8.758038e-02
         vertex 2.625000e+00 0.000000e+00 8.500000e-02
         vertex 2.625000e+00 1.007144e-01 8.398342e-02
      endloop
   endfacet
   facet normal 1.417637e-01 9.991240e-03 9.898501e-01
      outer loop
         vertex 2.625000e+00 1.007144e-01 8.398342e-02
         vertex 2.625000e+00 0.000000e+00 8.500000e-02
         vertex 2.735836e+00 -1.470676e-18 6.912643e-02
      endloop
   endfacet
   facet normal 1.248280e-01 -8.983839e-03 9.921377e-01
      outer loop
         vertex 2.625000e+00 1.007144e-01 8.398342e-02
         vertex 2.735836e+00 -1.470676e-18 6.912643e-02
         vertex 2.736863e+00 1.866323e-01 7.068707e-02
      endloop
   endfacet
   facet normal 8.006018e-02 -8.775873e-03 9.967514e-01
      outer loop
         vertex 2.736863e+00 1.866323e-01 7.068707e-02
         vertex 2.735836e+00 -1.470676e-18 6.912643e-02
         vertex 2.851746e+00 1.700636e-01 6.131367e-02
      endloop
   endfacet
   facet normal 9.679252e-02 3.568312e-03 9.952982e-01
      outer loop
         vertex 3.402930e+00 -5.414267e-18 1.357661e-02
         vertex 3.406170e+00 2.683235e-02 1.316526e-02
         vertex 3.276209e+00 -8.449514e-18 2.590012e-02
      endloop
   endfacet
   facet normal 1.580805e-01 9.267488e-02 9.830676e-01
      outer loop
         vertex 3.320024e+00 1.279854e-01 2.017964e-02
         vertex 3.207024e+00 1.657011e-01 3.479497e-02
         vertex 3.314660e+00 1.069342e-01 2.302678e-02
      endloop
   endfacet
   facet normal 9.927694e-02 -1.739909e-02 9.949077e-01
      outer loop
         vertex 3.314660e+00 1.069342e-01 2.302678e-02
         vertex 3.207024e+00 1.657011e-01 3.479497e-02
         vertex 3.195860e+00 8.826444e-02 3.455479e-02
      endloop
   endfacet
   facet normal 9.503238e-02 9.929356e-03 9.954247e-01
      outer loop
         vertex 3.314660e+00 1.069342e-01 2.302678e-02
         vertex 3.195860e+00 8.826444e-02 3.455479e-02
         vertex 3.304168e+00 5.691534e-02 2.452737e-02
      endloop
   endfacet
   facet normal 7.906997e-02 -4.535130e-02 9.958369e-01
      outer loop
         vertex 3.304168e+00 5.691534e-02 2.452737e-02
         vertex 3.195860e+00 8.826444e-02 3.455479e-02
         vertex 3.078231e+00 -7.868507e-18 3.987490e-02
      endloop
   endfacet
   facet normal 5.747397e-01 7.948522e-01 1.946386e-01
      outer loop
         vertex 3.168118e+00 2.899828e-01 1.400523e-02
         vertex 3.104631e+00 3.350327e-01 1.750000e-02
         vertex 3.104572e+00 3.344631e-01 2.000003e-02
      endloop
   endfacet
   facet normal 5.332143e-01 8.220346e-01 1.998537e-01
      outer loop
         vertex 3.104572e+00 3.344631e-01 2.000003e-02
         vertex 3.104631e+00 3.350327e-01 1.750000e-02
         vertex 3.019957e+00 3.888573e-01 2.202302e-02
      endloop
   endfacet
   facet normal 4.414579e-01 6.642984e-01 6.031771e-01
      outer loop
         vertex 3.104572e+00 3.344631e-01 2.000003e-02
         vertex 3.019957e+00 3.888573e-01 2.202302e-02
         vertex 2.982529e+00 4.094242e-01 2.676483e-02
      endloop
   endfacet
   facet normal 4.491888e-01 8.670886e-01 -2.153758e-01
      outer loop
         vertex 2.982529e+00 4.094242e-01 2.676483e-02
         vertex 3.019957e+00 3.888573e-01 2.202302e-02
         vertex 2.920811e+00 4.414261e-01 2.688232e-02
      endloop
   endfacet
   facet normal 4.496624e-01 8.664141e-01 2.170953e-01
      outer loop
         vertex 2.982529e+00 4.094242e-01 2.676483e-02
         vertex 2.920811e+00 4.414261e-01 2.688232e-02
         vertex 2.920790e+00 4.407001e-01 2.982227e-02
      endloop
   endfacet
   facet normal 4.047692e-01 8.870894e-01 2.218879e-01
      outer loop
         vertex 2.920790e+00 4.407001e-01 2.982227e-02
         vertex 2.920811e+00 4.414261e-01 2.688232e-02
         vertex 2.890685e+00 4.548374e-01 2.822109e-02
      endloop
   endfacet
   facet normal 3.692846e-01 8.330456e-01 4.119028e-01
      outer loop
         vertex 2.920790e+00 4.407001e-01 2.982227e-02
         vertex 2.890685e+00 4.548374e-01 2.822109e-02
         vertex 2.859242e+00 4.666500e-01 3.252013e-02
      endloop
   endfacet
   facet normal 3.124249e-01 9.190519e-01 -2.402798e-01
      outer loop
         vertex 2.859242e+00 4.666500e-01 3.252013e-02
         vertex 2.890685e+00 4.548374e-01 2.822109e-02
         vertex 2.798388e+00 4.871408e-01 3.177002e-02
      endloop
   endfacet
   facet normal 3.075927e-01 9.220924e-01 2.348029e-01
      outer loop
         vertex 2.859242e+00 4.666500e-01 3.252013e-02
         vertex 2.798388e+00 4.871408e-01 3.177002e-02
         vertex 2.798388e+00 4.863819e-01 3.475117e-02
      endloop
   endfacet
   facet normal 2.455240e-01 9.394159e-01 2.391979e-01
      outer loop
         vertex 2.798388e+00 4.863819e-01 3.475117e-02
         vertex 2.798388e+00 4.871408e-01 3.177002e-02
         vertex 2.780236e+00 4.917376e-01 3.234954e-02
      endloop
   endfacet
   facet normal 1.965218e-01 8.693800e-01 4.533845e-01
      outer loop
         vertex 2.798388e+00 4.863819e-01 3.475117e-02
         vertex 2.780236e+00 4.917376e-01 3.234954e-02
         vertex 2.738728e+00 4.990038e-01 3.640821e-02
      endloop
   endfacet
   facet normal 3.684718e-01 5.296341e-01 7.640133e-01
      outer loop
         vertex 3.103732e+00 3.263376e-01 2.726471e-02
         vertex 3.104399e+00 3.327892e-01 2.247044e-02
         vertex 2.982430e+00 4.074082e-01 2.956655e-02
      endloop
   endfacet
   facet normal 1.321822e-01 1.547173e-01 9.790763e-01
      outer loop
         vertex 2.980545e+00 3.708206e-01 4.466701e-02
         vertex 2.919486e+00 3.996994e-01 4.834693e-02
         vertex 2.917827e+00 3.536341e-01 5.585031e-02
      endloop
   endfacet
   facet normal 6.332908e-01 7.520778e-01 1.825426e-01
      outer loop
         vertex 3.221433e+00 2.493265e-01 1.107422e-02
         vertex 3.221356e+00 2.489035e-01 1.308344e-02
         vertex 3.328866e+00 1.598819e-01 6.872768e-03
      endloop
   endfacet
   facet normal 5.788995e-01 6.663381e-01 4.699668e-01
      outer loop
         vertex 3.328866e+00 1.598819e-01 6.872768e-03
         vertex 3.221356e+00 2.489035e-01 1.308344e-02
         vertex 3.328636e+00 1.590996e-01 8.265656e-03
      endloop
   endfacet
   facet normal 6.088980e-01 6.443933e-01 4.626018e-01
      outer loop
         vertex 3.328866e+00 1.598819e-01 6.872768e-03
         vertex 3.328636e+00 1.590996e-01 8.265656e-03
         vertex 3.423142e+00 7.465345e-02 1.503906e-03
      endloop
   endfacet
   facet normal 5.768083e-01 6.012431e-01 5.529909e-01
      outer loop
         vertex 3.423142e+00 7.465345e-02 1.503906e-03
         vertex 3.328636e+00 1.590996e-01 8.265656e-03
         vertex 3.422299e+00 7.283623e-02 4.358559e-03
      endloop
   endfacet
   facet normal 5.848799e-01 5.949205e-01 5.513484e-01
      outer loop
         vertex 3.423142e+00 7.465345e-02 1.503906e-03
         vertex 3.422299e+00 7.283623e-02 4.358559e-03
         vertex 3.463990e+00 3.552432e-02 3.930664e-04
      endloop
   endfacet
   facet normal 5.599935e-01 5.609072e-01 6.097462e-01
      outer loop
         vertex 3.463990e+00 3.552432e-02 3.930664e-04
         vertex 3.422299e+00 7.283623e-02 4.358559e-03
         vertex 3.500000e+00 0.000000e+00 0.000000e+00
      endloop
   endfacet
   facet normal 1.053590e-01 -2.614113e-02 9.940906e-01
      outer loop
         vertex 2.735836e+00 -1.470676e-18 6.912643e-02
         vertex 2.849352e+00 -3.647899e-18 5.709536e-02
         vertex 2.851746e+00 1.700636e-01 6.131367e-02
      endloop
   endfacet
   facet normal 7.076290e-02 -2.573019e-02 9.971613e-01
      outer loop
         vertex 2.851746e+00 1.700636e-01 6.131367e-02
         vertex 2.849352e+00 -3.647899e-18 5.709536e-02
         vertex 2.967784e+00 1.468231e-01 5.247946e-02
      endloop
   endfacet
   facet normal 7.019011e-02 -2.857599e-02 9.971242e-01
      outer loop
         vertex 2.851746e+00 1.700636e-01 6.131367e-02
         vertex 2.967784e+00 1.468231e-01 5.247946e-02
         vertex 2.975047e+00 2.739534e-01 5.561151e-02
      endloop
   endfacet
   facet normal 6.996166e-02 -2.856334e-02 9.971407e-01
      outer loop
         vertex 2.975047e+00 2.739534e-01 5.561151e-02
         vertex 2.967784e+00 1.468231e-01 5.247946e-02
         vertex 3.092938e+00 2.226996e-01 4.587184e-02
      endloop
   endfacet
   facet normal 1.110532e-01 6.701473e-02 9.915524e-01
      outer loop
         vertex 2.975047e+00 2.739534e-01 5.561151e-02
         vertex 3.092938e+00 2.226996e-01 4.587184e-02
         vertex 3.097549e+00 2.668224e-01 4.237332e-02
      endloop
   endfacet
   facet normal 1.319659e-01 6.463822e-02 9.891445e-01
      outer loop
         vertex 3.097549e+00 2.668224e-01 4.237332e-02
         vertex 3.092938e+00 2.226996e-01 4.587184e-02
         vertex 3.212538e+00 1.985864e-01 3.149122e-02
      endloop
   endfacet
   facet normal 1.910705e-01 1.677494e-01 9.671361e-01
      outer loop
         vertex 3.097549e+00 2.668224e-01 4.237332e-02
         vertex 3.212538e+00 1.985864e-01 3.149122e-02
         vertex 3.217129e+00 2.251305e-01 2.598023e-02
      endloop
   endfacet
   facet normal 2.113511e-01 1.635153e-01 9.636356e-01
      outer loop
         vertex 3.217129e+00 2.251305e-01 2.598023e-02
         vertex 3.212538e+00 1.985864e-01 3.149122e-02
         vertex 3.324587e+00 1.448625e-01 1.603220e-02
      endloop
   endfacet
   facet normal 3.166048e-01 3.128700e-01 8.954741e-01
      outer loop
         vertex 3.217129e+00 2.251305e-01 2.598023e-02
         vertex 3.324587e+00 1.448625e-01 1.603220e-02
         vertex 3.327757e+00 1.560788e-01 1.099254e-02
      endloop
   endfacet
   facet normal 4.030504e-02 1.356920e-02 9.990953e-01
      outer loop
         vertex 2.738433e+00 3.433219e-01 6.849568e-02
         vertex 2.736863e+00 1.866323e-01 7.068707e-02
         vertex 2.796864e+00 3.313648e-01 6.630087e-02
      endloop
   endfacet
   facet normal 8.084607e-02 -3.309539e-03 9.967211e-01
      outer loop
         vertex 2.796864e+00 3.313648e-01 6.630087e-02
         vertex 2.736863e+00 1.866323e-01 7.068707e-02
         vertex 2.851746e+00 1.700636e-01 6.131367e-02
      endloop
   endfacet
   facet normal 4.539397e-02 -1.543784e-02 9.988499e-01
      outer loop
         vertex 2.796864e+00 3.313648e-01 6.630087e-02
         vertex 2.851746e+00 1.700636e-01 6.131367e-02
         vertex 2.855997e+00 3.154863e-01 6.336808e-02
      endloop
   endfacet
   facet normal 5.950415e-02 -1.583972e-02 9.981024e-01
      outer loop
         vertex 2.855997e+00 3.154863e-01 6.336808e-02
         vertex 2.851746e+00 1.700636e-01 6.131367e-02
         vertex 2.975047e+00 2.739534e-01 5.561151e-02
      endloop
   endfacet
   facet normal 8.703495e-02 6.381129e-02 9.941595e-01
      outer loop
         vertex 2.855997e+00 3.154863e-01 6.336808e-02
         vertex 2.975047e+00 2.739534e-01 5.561151e-02
         vertex 2.978179e+00 3.276155e-01 5.189297e-02
      endloop
   endfacet
   facet normal 1.108131e-01 6.226619e-02 9.918888e-01
      outer loop
         vertex 2.978179e+00 3.276155e-01 5.189297e-02
         vertex 2.975047e+00 2.739534e-01 5.561151e-02
         vertex 3.097549e+00 2.668224e-01 4.237332e-02
      endloop
   endfacet
   facet normal 1.597458e-01 1.611628e-01 9.739137e-01
      outer loop
         vertex 2.978179e+00 3.276155e-01 5.189297e-02
         vertex 3.097549e+00 2.668224e-01 4.237332e-02
         vertex 3.101260e+00 3.024846e-01 3.586338e-02
      endloop
   endfacet
   facet normal 1.878010e-01 1.574395e-01 9.695069e-01
      outer loop
         vertex 3.101260e+00 3.024846e-01 3.586338e-02
         vertex 3.097549e+00 2.668224e-01 4.237332e-02
         vertex 3.217129e+00 2.251305e-01 2.598023e-02
      endloop
   endfacet
   facet normal 2.840772e-01 3.095816e-01 9.074466e-01
      outer loop
         vertex 3.101260e+00 3.024846e-01 3.586338e-02
         vertex 3.217129e+00 2.251305e-01 2.598023e-02
         vertex 3.220269e+00 2.428663e-01 1.894643e-02
      endloop
   endfacet
   facet normal 3.107942e-01 3.023377e-01 9.011098e-01
      outer loop
         vertex 3.220269e+00 2.428663e-01 1.894643e-02
         vertex 3.217129e+00 2.251305e-01 2.598023e-02
         vertex 3.327757e+00 1.560788e-01 1.099254e-02
      endloop
   endfacet
   facet normal 4.621762e-01 5.056452e-01 7.285026e-01
      outer loop
         vertex 3.220269e+00 2.428663e-01 1.894643e-02
         vertex 3.327757e+00 1.560788e-01 1.099254e-02
         vertex 3.221131e+00 2.476601e-01 1.507235e-02
      endloop
   endfacet
   facet normal -1.465382e-01 9.650722e-01 2.171688e-01
      outer loop
         vertex 1.968453e+00 4.081702e-01 3.500000e-02
         vertex 1.750000e+00 3.750000e-01 3.500000e-02
         vertex 1.968484e+00 4.058403e-01 4.537492e-02
      endloop
   endfacet
   facet normal -1.467923e-01 9.607749e-01 2.352946e-01
      outer loop
         vertex 1.968484e+00 4.058403e-01 4.537492e-02
         vertex 1.750000e+00 3.750000e-01 3.500000e-02
         vertex 1.750000e+00 3.717787e-01 4.815362e-02
      endloop
   endfacet
   facet normal -1.211731e-01 8.225737e-01 5.555984e-01
      outer loop
         vertex 1.968484e+00 4.058403e-01 4.537492e-02
         vertex 1.750000e+00 3.717787e-01 4.815362e-02
         vertex 1.968568e+00 3.990602e-01 5.543130e-02
      endloop
   endfacet
   facet normal -1.224301e-01 8.397374e-01 5.290104e-01
      outer loop
         vertex 1.750000e+00 3.717787e-01 4.815362e-02
         vertex 1.750000e+00 3.673756e-01 5.514287e-02
         vertex 1.968568e+00 3.990602e-01 5.543130e-02
      endloop
   endfacet
   facet normal -1.022623e-01 6.989875e-01 7.077845e-01
      outer loop
         vertex 1.968568e+00 3.990602e-01 5.543130e-02
         vertex 1.750000e+00 3.673756e-01 5.514287e-02
         vertex 1.750000e+00 3.554166e-01 6.695325e-02
      endloop
   endfacet
   facet normal -8.214194e-02 6.178215e-01 7.820162e-01
      outer loop
         vertex 1.968568e+00 3.990602e-01 5.543130e-02
         vertex 1.750000e+00 3.554166e-01 6.695325e-02
         vertex 1.859492e+00 3.588091e-01 7.577398e-02
      endloop
   endfacet
   facet normal -8.344279e-02 5.726679e-01 8.155298e-01
      outer loop
         vertex 1.859492e+00 3.588091e-01 7.577398e-02
         vertex 1.750000e+00 3.554166e-01 6.695325e-02
         vertex 1.750000e+00 3.455111e-01 7.390892e-02
      endloop
   endfacet
   facet normal -6.737767e-02 4.283934e-01 9.010768e-01
      outer loop
         vertex 1.859492e+00 3.588091e-01 7.577398e-02
         vertex 1.750000e+00 3.455111e-01 7.390892e-02
         vertex 1.750000e+00 3.050627e-01 9.313905e-02
      endloop
   endfacet
   facet normal 1.902943e-01 9.510581e-01 2.434680e-01
      outer loop
         vertex 2.780236e+00 4.917376e-01 3.234954e-02
         vertex 2.738723e+00 4.997502e-01 3.349609e-02
         vertex 2.738728e+00 4.990038e-01 3.640821e-02
      endloop
   endfacet
   facet normal 8.809692e-02 9.649542e-01 2.471887e-01
      outer loop
         vertex 2.738728e+00 4.990038e-01 3.640821e-02
         vertex 2.738723e+00 4.997502e-01 3.349609e-02
         vertex 2.686381e+00 5.042646e-01 3.452769e-02
      endloop
   endfacet
   facet normal 8.006322e-02 9.273333e-01 3.655719e-01
      outer loop
         vertex 2.738728e+00 4.990038e-01 3.640821e-02
         vertex 2.686381e+00 5.042646e-01 3.452769e-02
         vertex 2.680764e+00 5.036235e-01 3.738401e-02
      endloop
   endfacet
   facet normal -6.835904e-02 9.937164e-01 8.862655e-02
      outer loop
         vertex 2.680764e+00 5.036235e-01 3.738401e-02
         vertex 2.686381e+00 5.042646e-01 3.452769e-02
         vertex 2.625000e+00 5.000000e-01 3.500000e-02
      endloop
   endfacet
   facet normal -7.328700e-02 9.667968e-01 2.448122e-01
      outer loop
         vertex 2.680764e+00 5.036235e-01 3.738401e-02
         vertex 2.625000e+00 5.000000e-01 3.500000e-02
         vertex 2.625000e+00 4.993489e-01 3.757137e-02
      endloop
   endfacet
   facet normal -1.571496e-01 9.573586e-01 2.424222e-01
      outer loop
         vertex 2.625000e+00 4.993489e-01 3.757137e-02
         vertex 2.625000e+00 5.000000e-01 3.500000e-02
         vertex 2.591286e+00 4.944658e-01 3.500000e-02
      endloop
   endfacet
   facet normal -1.489362e-01 9.854996e-01 8.129349e-02
      outer loop
         vertex 2.625000e+00 4.993489e-01 3.757137e-02
         vertex 2.591286e+00 4.944658e-01 3.500000e-02
         vertex 2.406533e+00 4.663261e-01 3.764808e-02
      endloop
   endfacet
   facet normal -1.191937e-01 7.899419e-01 6.014854e-01
      outer loop
         vertex 2.406533e+00 4.663261e-01 3.764808e-02
         vertex 2.625000e+00 4.974165e-01 4.010916e-02
         vertex 2.625000e+00 4.993489e-01 3.757137e-02
      endloop
   endfacet
   facet normal -5.856877e-02 7.942480e-01 6.047643e-01
      outer loop
         vertex 2.625000e+00 4.993489e-01 3.757137e-02
         vertex 2.625000e+00 4.974165e-01 4.010916e-02
         vertex 2.680779e+00 5.015193e-01 4.012283e-02
      endloop
   endfacet
   facet normal -5.862637e-02 7.914769e-01 6.083808e-01
      outer loop
         vertex 2.625000e+00 4.993489e-01 3.757137e-02
         vertex 2.680779e+00 5.015193e-01 4.012283e-02
         vertex 2.680764e+00 5.036235e-01 3.738401e-02
      endloop
   endfacet
   facet normal 7.323927e-02 7.910495e-01 6.073522e-01
      outer loop
         vertex 2.680764e+00 5.036235e-01 3.738401e-02
         vertex 2.680779e+00 5.015193e-01 4.012283e-02
         vertex 2.738740e+00 4.968007e-01 3.927929e-02
      endloop
   endfacet
   facet normal 7.328964e-02 7.913625e-01 6.069382e-01
      outer loop
         vertex 2.680764e+00 5.036235e-01 3.738401e-02
         vertex 2.738740e+00 4.968007e-01 3.927929e-02
         vertex 2.738728e+00 4.990038e-01 3.640821e-02
      endloop
   endfacet
   facet normal 1.815500e-01 7.805377e-01 5.981643e-01
      outer loop
         vertex 2.738728e+00 4.990038e-01 3.640821e-02
         vertex 2.738740e+00 4.968007e-01 3.927929e-02
         vertex 2.798384e+00 4.841454e-01 3.769023e-02
      endloop
   endfacet
   facet normal 1.820682e-01 7.823949e-01 5.955748e-01
      outer loop
         vertex 2.738728e+00 4.990038e-01 3.640821e-02
         vertex 2.798384e+00 4.841454e-01 3.769023e-02
         vertex 2.798388e+00 4.863819e-01 3.475117e-02
      endloop
   endfacet
   facet normal 2.695457e-01 7.661973e-01 5.833411e-01
      outer loop
         vertex 2.798388e+00 4.863819e-01 3.475117e-02
         vertex 2.798384e+00 4.841454e-01 3.769023e-02
         vertex 2.859214e+00 4.644383e-01 3.546730e-02
      endloop
   endfacet
   facet normal 2.705066e-01 7.687368e-01 5.795428e-01
      outer loop
         vertex 2.798388e+00 4.863819e-01 3.475117e-02
         vertex 2.859214e+00 4.644383e-01 3.546730e-02
         vertex 2.859242e+00 4.666500e-01 3.252013e-02
      endloop
   endfacet
   facet normal 3.408732e-01 7.503218e-01 5.664121e-01
      outer loop
         vertex 2.859242e+00 4.666500e-01 3.252013e-02
         vertex 2.859214e+00 4.644383e-01 3.546730e-02
         vertex 2.920728e+00 4.385643e-01 3.272218e-02
      endloop
   endfacet
   facet normal 3.421454e-01 7.530750e-01 5.619739e-01
      outer loop
         vertex 2.859242e+00 4.666500e-01 3.252013e-02
         vertex 2.920728e+00 4.385643e-01 3.272218e-02
         vertex 2.920790e+00 4.407001e-01 2.982227e-02
      endloop
   endfacet
   facet normal 3.988583e-01 7.342629e-01 5.493360e-01
      outer loop
         vertex 2.920790e+00 4.407001e-01 2.982227e-02
         vertex 2.920728e+00 4.385643e-01 3.272218e-02
         vertex 2.982430e+00 4.074082e-01 2.956655e-02
      endloop
   endfacet
   facet normal 4.003388e-01 7.370410e-01 5.445176e-01
      outer loop
         vertex 2.920790e+00 4.407001e-01 2.982227e-02
         vertex 2.982430e+00 4.074082e-01 2.956655e-02
         vertex 2.982529e+00 4.094242e-01 2.676483e-02
      endloop
   endfacet
   facet normal 4.654045e-01 7.105444e-01 5.277550e-01
      outer loop
         vertex 2.982529e+00 4.094242e-01 2.676483e-02
         vertex 2.982430e+00 4.074082e-01 2.956655e-02
         vertex 3.104399e+00 3.327892e-01 2.247044e-02
      endloop
   endfacet
   facet normal 4.683960e-01 7.158575e-01 5.178352e-01
      outer loop
         vertex 2.982529e+00 4.094242e-01 2.676483e-02
         vertex 3.104399e+00 3.327892e-01 2.247044e-02
         vertex 3.104572e+00 3.344631e-01 2.000003e-02
      endloop
   endfacet
   facet normal -1.279935e-01 8.603321e-01 4.934029e-01
      outer loop
         vertex 2.406533e+00 4.663261e-01 3.764808e-02
         vertex 2.406493e+00 4.648184e-01 4.026678e-02
         vertex 2.625000e+00 4.974165e-01 4.010916e-02
      endloop
   endfacet
   facet normal -8.082598e-02 5.458129e-01 8.339997e-01
      outer loop
         vertex 2.625000e+00 4.974165e-01 4.010916e-02
         vertex 2.406493e+00 4.648184e-01 4.026678e-02
         vertex 2.625000e+00 4.898342e-01 4.507144e-02
      endloop
   endfacet
   facet normal -4.045075e-02 5.471563e-01 8.360524e-01
      outer loop
         vertex 2.625000e+00 4.974165e-01 4.010916e-02
         vertex 2.625000e+00 4.898342e-01 4.507144e-02
         vertex 2.680779e+00 5.015193e-01 4.012283e-02
      endloop
   endfacet
   facet normal -3.961412e-02 5.440399e-01 8.381237e-01
      outer loop
         vertex 2.680779e+00 5.015193e-01 4.012283e-02
         vertex 2.625000e+00 4.898342e-01 4.507144e-02
         vertex 2.680830e+00 4.933116e-01 4.545302e-02
      endloop
   endfacet
   facet normal 5.647262e-02 5.440144e-01 8.371733e-01
      outer loop
         vertex 2.680779e+00 5.015193e-01 4.012283e-02
         vertex 2.680830e+00 4.933116e-01 4.545302e-02
         vertex 2.738740e+00 4.968007e-01 3.927929e-02
      endloop
   endfacet
   facet normal 5.636829e-02 5.448252e-01 8.366529e-01
      outer loop
         vertex 2.738740e+00 4.968007e-01 3.927929e-02
         vertex 2.680830e+00 4.933116e-01 4.545302e-02
         vertex 2.738779e+00 4.882409e-01 4.485074e-02
      endloop
   endfacet
   facet normal 1.368613e-01 5.408176e-01 8.299309e-01
      outer loop
         vertex 2.738740e+00 4.968007e-01 3.927929e-02
         vertex 2.738779e+00 4.882409e-01 4.485074e-02
         vertex 2.798384e+00 4.841454e-01 3.769023e-02
      endloop
   endfacet
   facet normal 1.368332e-01 5.437221e-01 8.280356e-01
      outer loop
         vertex 2.798384e+00 4.841454e-01 3.769023e-02
         vertex 2.738779e+00 4.882409e-01 4.485074e-02
         vertex 2.798362e+00 4.754799e-01 4.338405e-02
      endloop
   endfacet
   facet normal 2.039543e-01 5.372233e-01 8.184093e-01
      outer loop
         vertex 2.798384e+00 4.841454e-01 3.769023e-02
         vertex 2.798362e+00 4.754799e-01 4.338405e-02
         vertex 2.859214e+00 4.644383e-01 3.546730e-02
      endloop
   endfacet
   facet normal 2.043239e-01 5.412154e-01 8.156823e-01
      outer loop
         vertex 2.859214e+00 4.644383e-01 3.546730e-02
         vertex 2.798362e+00 4.754799e-01 4.338405e-02
         vertex 2.859091e+00 4.558862e-01 4.117238e-02
      endloop
   endfacet
   facet normal 2.602145e-01 5.332512e-01 8.049420e-01
      outer loop
         vertex 2.859214e+00 4.644383e-01 3.546730e-02
         vertex 2.859091e+00 4.558862e-01 4.117238e-02
         vertex 2.920728e+00 4.385643e-01 3.272218e-02
      endloop
   endfacet
   facet normal 2.610353e-01 5.377719e-01 8.016620e-01
      outer loop
         vertex 2.920728e+00 4.385643e-01 3.272218e-02
         vertex 2.859091e+00 4.558862e-01 4.117238e-02
         vertex 2.920480e+00 4.303174e-01 3.833517e-02
      endloop
   endfacet
   facet normal 3.075855e-01 5.290398e-01 7.908907e-01
      outer loop
         vertex 2.920728e+00 4.385643e-01 3.272218e-02
         vertex 2.920480e+00 4.303174e-01 3.833517e-02
         vertex 2.982430e+00 4.074082e-01 2.956655e-02
      endloop
   endfacet
   facet normal 3.088093e-01 5.337449e-01 7.872440e-01
      outer loop
         vertex 2.982430e+00 4.074082e-01 2.956655e-02
         vertex 2.920480e+00 4.303174e-01 3.833517e-02
         vertex 2.982041e+00 3.996313e-01 3.499187e-02
      endloop
   endfacet
   facet normal 3.627937e-01 5.208919e-01 7.726916e-01
      outer loop
         vertex 2.982430e+00 4.074082e-01 2.956655e-02
         vertex 2.982041e+00 3.996313e-01 3.499187e-02
         vertex 3.103732e+00 3.263376e-01 2.726471e-02
      endloop
   endfacet
   facet normal -5.503368e-02 4.067385e-01 9.118855e-01
      outer loop
         vertex 1.750000e+00 3.050627e-01 9.313905e-02
         vertex 1.859797e+00 3.206124e-01 9.282967e-02
         vertex 1.859492e+00 3.588091e-01 7.577398e-02
      endloop
   endfacet
   facet normal -4.131588e-02 4.070995e-01 9.124489e-01
      outer loop
         vertex 1.859492e+00 3.588091e-01 7.577398e-02
         vertex 1.859797e+00 3.206124e-01 9.282967e-02
         vertex 1.968845e+00 3.734088e-01 7.421170e-02
      endloop
   endfacet
   facet normal -6.712166e-02 5.889316e-01 8.053907e-01
      outer loop
         vertex 1.859492e+00 3.588091e-01 7.577398e-02
         vertex 1.968845e+00 3.734088e-01 7.421170e-02
         vertex 1.968568e+00 3.990602e-01 5.543130e-02
      endloop
   endfacet
   facet normal -6.271979e-02 5.891318e-01 8.055991e-01
      outer loop
         vertex 1.968568e+00 3.990602e-01 5.543130e-02
         vertex 1.968845e+00 3.734088e-01 7.421170e-02
         vertex 2.187446e+00 4.290445e-01 5.054457e-02
      endloop
   endfacet
   facet normal -1.005273e-01 8.245635e-01 5.567668e-01
      outer loop
         vertex 1.968568e+00 3.990602e-01 5.543130e-02
         vertex 2.187446e+00 4.290445e-01 5.054457e-02
         vertex 1.968484e+00 4.058403e-01 4.537492e-02
      endloop
   endfacet
   facet normal -9.639173e-02 7.687133e-01 6.322882e-01
      outer loop
         vertex 1.968484e+00 4.058403e-01 4.537492e-02
         vertex 2.187446e+00 4.290445e-01 5.054457e-02
         vertex 2.187484e+00 4.353593e-01 4.287321e-02
      endloop
   endfacet
   facet normal -1.279356e-01 9.675989e-01 2.176806e-01
      outer loop
         vertex 1.968484e+00 4.058403e-01 4.537492e-02
         vertex 2.187484e+00 4.353593e-01 4.287321e-02
         vertex 1.968453e+00 4.081702e-01 3.500000e-02
      endloop
   endfacet
   facet normal -1.274532e-01 9.180005e-01 3.755406e-01
      outer loop
         vertex 1.968453e+00 4.081702e-01 3.500000e-02
         vertex 2.187484e+00 4.353593e-01 4.287321e-02
         vertex 2.187496e+00 4.369615e-01 3.896063e-02
      endloop
   endfacet
   facet normal -1.314963e-01 9.847432e-01 1.139721e-01
      outer loop
         vertex 1.968453e+00 4.081702e-01 3.500000e-02
         vertex 2.187496e+00 4.369615e-01 3.896063e-02
         vertex 2.218605e+00 4.415740e-01 3.500000e-02
      endloop
   endfacet
   facet normal -2.678626e-02 3.811995e-01 9.241047e-01
      outer loop
         vertex 1.859797e+00 3.206124e-01 9.282967e-02
         vertex 1.969183e+00 3.337338e-01 9.058768e-02
         vertex 1.968845e+00 3.734088e-01 7.421170e-02
      endloop
   endfacet
   facet normal -1.622920e-02 3.813628e-01 9.242830e-01
      outer loop
         vertex 1.968845e+00 3.734088e-01 7.421170e-02
         vertex 1.969183e+00 3.337338e-01 9.058768e-02
         vertex 2.187347e+00 4.045376e-01 6.520441e-02
      endloop
   endfacet
   facet normal -3.775042e-02 5.131011e-01 8.574976e-01
      outer loop
         vertex 1.968845e+00 3.734088e-01 7.421170e-02
         vertex 2.187347e+00 4.045376e-01 6.520441e-02
         vertex 2.187446e+00 4.290445e-01 5.054457e-02
      endloop
   endfacet
   facet normal -4.974653e-02 5.128670e-01 8.570255e-01
      outer loop
         vertex 2.187446e+00 4.290445e-01 5.054457e-02
         vertex 2.187347e+00 4.045376e-01 6.520441e-02
         vertex 2.406350e+00 4.588090e-01 4.543915e-02
      endloop
   endfacet
   facet normal -8.982811e-02 7.691710e-01 6.326980e-01
      outer loop
         vertex 2.187446e+00 4.290445e-01 5.054457e-02
         vertex 2.406350e+00 4.588090e-01 4.543915e-02
         vertex 2.187484e+00 4.353593e-01 4.287321e-02
      endloop
   endfacet
   facet normal -7.864003e-02 6.514044e-01 7.546444e-01
      outer loop
         vertex 2.187484e+00 4.353593e-01 4.287321e-02
         vertex 2.406350e+00 4.588090e-01 4.543915e-02
         vertex 2.406493e+00 4.648184e-01 4.026678e-02
      endloop
   endfacet
   facet normal -1.191345e-01 9.189483e-01 3.759536e-01
      outer loop
         vertex 2.187484e+00 4.353593e-01 4.287321e-02
         vertex 2.406493e+00 4.648184e-01 4.026678e-02
         vertex 2.187496e+00 4.369615e-01 3.896063e-02
      endloop
   endfacet
   facet normal -1.125784e-01 8.618491e-01 4.945121e-01
      outer loop
         vertex 2.187496e+00 4.369615e-01 3.896063e-02
         vertex 2.406493e+00 4.648184e-01 4.026678e-02
         vertex 2.406533e+00 4.663261e-01 3.764808e-02
      endloop
   endfacet
   facet normal -1.313091e-01 9.846144e-01 1.152930e-01
      outer loop
         vertex 2.187496e+00 4.369615e-01 3.896063e-02
         vertex 2.406533e+00 4.663261e-01 3.764808e-02
         vertex 2.218605e+00 4.415740e-01 3.500000e-02
      endloop
   endfacet
   facet normal -1.141669e-01 8.044299e-01 5.829738e-01
      outer loop
         vertex 2.218605e+00 4.415740e-01 3.500000e-02
         vertex 2.406533e+00 4.663261e-01 3.764808e-02
         vertex 2.591286e+00 4.944658e-01 3.500000e-02
      endloop
   endfacet
   facet normal 1.107511e-01 1.558914e-01 9.815458e-01
      outer loop
         vertex 2.917827e+00 3.536341e-01 5.585031e-02
         vertex 2.919486e+00 3.996994e-01 4.834693e-02
         vertex 2.857550e+00 3.758879e-01 5.911718e-02
      endloop
   endfacet
   facet normal 1.109082e-01 1.555025e-01 9.815897e-01
      outer loop
         vertex 2.857550e+00 3.758879e-01 5.911718e-02
         vertex 2.919486e+00 3.996994e-01 4.834693e-02
         vertex 2.858553e+00 4.240348e-01 5.137648e-02
      endloop
   endfacet
   facet normal 8.713555e-02 1.563609e-01 9.838489e-01
      outer loop
         vertex 2.857550e+00 3.758879e-01 5.911718e-02
         vertex 2.858553e+00 4.240348e-01 5.137648e-02
         vertex 2.797738e+00 3.937420e-01 6.157693e-02
      endloop
   endfacet
   facet normal 8.642942e-02 1.577261e-01 9.836933e-01
      outer loop
         vertex 2.797738e+00 3.937420e-01 6.157693e-02
         vertex 2.858553e+00 4.240348e-01 5.137648e-02
         vertex 2.798192e+00 4.430636e-01 5.362884e-02
      endloop
   endfacet
   facet normal 6.009320e-02 1.582698e-01 9.855656e-01
      outer loop
         vertex 2.797738e+00 3.937420e-01 6.157693e-02
         vertex 2.798192e+00 4.430636e-01 5.362884e-02
         vertex 2.738783e+00 4.065617e-01 6.311297e-02
      endloop
   endfacet
   facet normal 5.775196e-02 1.619608e-01 9.851058e-01
      outer loop
         vertex 2.738783e+00 4.065617e-01 6.311297e-02
         vertex 2.798192e+00 4.430636e-01 5.362884e-02
         vertex 2.738849e+00 4.560230e-01 5.497718e-02
      endloop
   endfacet
   facet normal 2.857011e-02 1.622034e-01 9.863437e-01
      outer loop
         vertex 2.738783e+00 4.065617e-01 6.311297e-02
         vertex 2.738849e+00 4.560230e-01 5.497718e-02
         vertex 2.681073e+00 4.137123e-01 6.360865e-02
      endloop
   endfacet
   facet normal 2.331279e-02 1.691716e-01 9.853109e-01
      outer loop
         vertex 2.681073e+00 4.137123e-01 6.360865e-02
         vertex 2.738849e+00 4.560230e-01 5.497718e-02
         vertex 2.680969e+00 4.621500e-01 5.529466e-02
      endloop
   endfacet
   facet normal -9.068672e-03 1.691433e-01 9.855498e-01
      outer loop
         vertex 2.681073e+00 4.137123e-01 6.360865e-02
         vertex 2.680969e+00 4.621500e-01 5.529466e-02
         vertex 2.625000e+00 4.145591e-01 6.294736e-02
      endloop
   endfacet
   facet normal -1.951125e-02 1.810591e-01 9.832787e-01
      outer loop
         vertex 2.625000e+00 4.145591e-01 6.294736e-02
         vertex 2.680969e+00 4.621500e-01 5.529466e-02
         vertex 2.625000e+00 4.606815e-01 5.445446e-02
      endloop
   endfacet
   facet normal -1.472261e-02 1.810739e-01 9.833593e-01
      outer loop
         vertex 2.625000e+00 4.145591e-01 6.294736e-02
         vertex 2.625000e+00 4.606815e-01 5.445446e-02
         vertex 2.515029e+00 4.070793e-01 6.267821e-02
      endloop
   endfacet
   facet normal -3.236518e-02 2.161147e-01 9.758314e-01
      outer loop
         vertex 2.515029e+00 4.070793e-01 6.267821e-02
         vertex 2.625000e+00 4.606815e-01 5.445446e-02
         vertex 2.515374e+00 4.486447e-01 5.348427e-02
      endloop
   endfacet
   facet normal 7.845794e-03 2.159031e-01 9.763833e-01
      outer loop
         vertex 2.515029e+00 4.070793e-01 6.267821e-02
         vertex 2.515374e+00 4.486447e-01 5.348427e-02
         vertex 2.405519e+00 3.955389e-01 6.611007e-02
      endloop
   endfacet
   facet normal -1.257757e-02 2.558341e-01 9.666389e-01
      outer loop
         vertex 2.405519e+00 3.955389e-01 6.611007e-02
         vertex 2.515374e+00 4.486447e-01 5.348427e-02
         vertex 2.405925e+00 4.349458e-01 5.568576e-02
      endloop
   endfacet
   facet normal 2.088109e-02 2.554767e-01 9.665897e-01
      outer loop
         vertex 2.405519e+00 3.955389e-01 6.611007e-02
         vertex 2.405925e+00 4.349458e-01 5.568576e-02
         vertex 2.187301e+00 3.652687e-01 7.882483e-02
      endloop
   endfacet
   facet normal 3.574030e-03 3.276916e-01 9.447780e-01
      outer loop
         vertex 1.969183e+00 3.337338e-01 9.058768e-02
         vertex 2.187301e+00 3.652687e-01 7.882483e-02
         vertex 2.187347e+00 4.045376e-01 6.520441e-02
      endloop
   endfacet
   facet normal -4.445868e-03 3.276988e-01 9.447718e-01
      outer loop
         vertex 2.187347e+00 4.045376e-01 6.520441e-02
         vertex 2.187301e+00 3.652687e-01 7.882483e-02
         vertex 2.405925e+00 4.349458e-01 5.568576e-02
      endloop
   endfacet
   facet normal -1.490834e-02 3.947351e-01 9.186740e-01
      outer loop
         vertex 2.187347e+00 4.045376e-01 6.520441e-02
         vertex 2.405925e+00 4.349458e-01 5.568576e-02
         vertex 2.406350e+00 4.588090e-01 4.543915e-02
      endloop
   endfacet
   facet normal -3.094846e-02 3.948314e-01 9.182322e-01
      outer loop
         vertex 2.406350e+00 4.588090e-01 4.543915e-02
         vertex 2.405925e+00 4.349458e-01 5.568576e-02
         vertex 2.515374e+00 4.486447e-01 5.348427e-02
      endloop
   endfacet
   facet normal -4.173049e-02 3.053703e-01 9.513189e-01
      outer loop
         vertex 2.406350e+00 4.588090e-01 4.543915e-02
         vertex 2.515374e+00 4.486447e-01 5.348427e-02
         vertex 2.625000e+00 4.898342e-01 4.507144e-02
      endloop
   endfacet
   facet normal -4.202728e-02 3.061090e-01 9.510683e-01
      outer loop
         vertex 2.625000e+00 4.898342e-01 4.507144e-02
         vertex 2.515374e+00 4.486447e-01 5.348427e-02
         vertex 2.625000e+00 4.606815e-01 5.445446e-02
      endloop
   endfacet
   facet normal -2.558069e-02 3.062794e-01 9.515979e-01
      outer loop
         vertex 2.625000e+00 4.898342e-01 4.507144e-02
         vertex 2.625000e+00 4.606815e-01 5.445446e-02
         vertex 2.680830e+00 4.933116e-01 4.545302e-02
      endloop
   endfacet
   facet normal -2.220907e-02 3.009984e-01 9.533660e-01
      outer loop
         vertex 2.680830e+00 4.933116e-01 4.545302e-02
         vertex 2.625000e+00 4.606815e-01 5.445446e-02
         vertex 2.680969e+00 4.621500e-01 5.529466e-02
      endloop
   endfacet
   facet normal 3.625137e-02 3.011135e-01 9.528990e-01
      outer loop
         vertex 2.680830e+00 4.933116e-01 4.545302e-02
         vertex 2.680969e+00 4.621500e-01 5.529466e-02
         vertex 2.738779e+00 4.882409e-01 4.485074e-02
      endloop
   endfacet
   facet normal 3.695649e-02 2.997166e-01 9.533122e-01
      outer loop
         vertex 2.738779e+00 4.882409e-01 4.485074e-02
         vertex 2.680969e+00 4.621500e-01 5.529466e-02
         vertex 2.738849e+00 4.560230e-01 5.497718e-02
      endloop
   endfacet
   facet normal 8.740249e-02 2.988731e-01 9.502819e-01
      outer loop
         vertex 2.738779e+00 4.882409e-01 4.485074e-02
         vertex 2.738849e+00 4.560230e-01 5.497718e-02
         vertex 2.798362e+00 4.754799e-01 4.338405e-02
      endloop
   endfacet
   facet normal 8.705370e-02 2.997874e-01 9.500259e-01
      outer loop
         vertex 2.798362e+00 4.754799e-01 4.338405e-02
         vertex 2.738849e+00 4.560230e-01 5.497718e-02
         vertex 2.798192e+00 4.430636e-01 5.362884e-02
      endloop
   endfacet
   facet normal 1.306276e-01 2.981410e-01 9.455413e-01
      outer loop
         vertex 2.798362e+00 4.754799e-01 4.338405e-02
         vertex 2.798192e+00 4.430636e-01 5.362884e-02
         vertex 2.859091e+00 4.558862e-01 4.117238e-02
      endloop
   endfacet
   facet normal 1.299935e-01 3.005090e-01 9.448788e-01
      outer loop
         vertex 2.859091e+00 4.558862e-01 4.117238e-02
         vertex 2.798192e+00 4.430636e-01 5.362884e-02
         vertex 2.858553e+00 4.240348e-01 5.137648e-02
      endloop
   endfacet
   facet normal 1.676318e-01 2.982030e-01 9.396673e-01
      outer loop
         vertex 2.859091e+00 4.558862e-01 4.117238e-02
         vertex 2.858553e+00 4.240348e-01 5.137648e-02
         vertex 2.920480e+00 4.303174e-01 3.833517e-02
      endloop
   endfacet
   facet normal 1.670924e-01 3.015206e-01 9.387042e-01
      outer loop
         vertex 2.920480e+00 4.303174e-01 3.833517e-02
         vertex 2.858553e+00 4.240348e-01 5.137648e-02
         vertex 2.919486e+00 3.996994e-01 4.834693e-02
      endloop
   endfacet
   facet normal 1.995682e-01 2.986835e-01 9.332527e-01
      outer loop
         vertex 2.920480e+00 4.303174e-01 3.833517e-02
         vertex 2.919486e+00 3.996994e-01 4.834693e-02
         vertex 2.982041e+00 3.996313e-01 3.499187e-02
      endloop
   endfacet
   facet normal 1.993115e-01 3.026461e-01 9.320302e-01
      outer loop
         vertex 2.982041e+00 3.996313e-01 3.499187e-02
         vertex 2.919486e+00 3.996994e-01 4.834693e-02
         vertex 2.980545e+00 3.708206e-01 4.466701e-02
      endloop
   endfacet
   facet normal 2.382067e-01 2.980482e-01 9.243510e-01
      outer loop
         vertex 2.982041e+00 3.996313e-01 3.499187e-02
         vertex 2.980545e+00 3.708206e-01 4.466701e-02
         vertex 3.103732e+00 3.263376e-01 2.726471e-02
      endloop
   endfacet
   facet normal 1.329494e-01 2.487720e-02 9.908106e-01
      outer loop
         vertex 2.516009e+00 9.023778e-19 1.000736e-01
         vertex 2.609115e+00 1.351526e-19 8.758038e-02
         vertex 2.515838e+00 1.009786e-01 9.756122e-02
      endloop
   endfacet
   facet normal 1.234529e-01 1.596545e-02 9.922220e-01
      outer loop
         vertex 2.515838e+00 1.009786e-01 9.756122e-02
         vertex 2.609115e+00 1.351526e-19 8.758038e-02
         vertex 2.625000e+00 1.007144e-01 8.398342e-02
      endloop
   endfacet
   facet normal 1.234454e-01 3.081713e-02 9.918727e-01
      outer loop
         vertex 2.515838e+00 1.009786e-01 9.756122e-02
         vertex 2.625000e+00 1.007144e-01 8.398342e-02
         vertex 2.625000e+00 1.945446e-01 8.106815e-02
      endloop
   endfacet
   facet normal 9.745624e-02 3.090683e-02 9.947598e-01
      outer loop
         vertex 2.625000e+00 1.945446e-01 8.106815e-02
         vertex 2.625000e+00 1.007144e-01 8.398342e-02
         vertex 2.680438e+00 1.917945e-01 7.572237e-02
      endloop
   endfacet
   facet normal 9.769994e-02 3.621406e-02 9.945568e-01
      outer loop
         vertex 2.625000e+00 1.945446e-01 8.106815e-02
         vertex 2.680438e+00 1.917945e-01 7.572237e-02
         vertex 2.681035e+00 3.508607e-01 6.987177e-02
      endloop
   endfacet
   facet normal 2.875998e-02 3.663310e-02 9.989149e-01
      outer loop
         vertex 2.681035e+00 3.508607e-01 6.987177e-02
         vertex 2.680438e+00 1.917945e-01 7.572237e-02
         vertex 2.738433e+00 3.433219e-01 6.849568e-02
      endloop
   endfacet
   facet normal 8.659456e-02 -3.855278e-02 9.954974e-01
      outer loop
         vertex 2.849352e+00 -3.647899e-18 5.709536e-02
         vertex 2.898513e+00 -4.659192e-18 5.281905e-02
         vertex 2.967784e+00 1.468231e-01 5.247946e-02
      endloop
   endfacet
   facet normal 6.850708e-02 -3.001518e-02 9.971990e-01
      outer loop
         vertex 2.967784e+00 1.468231e-01 5.247946e-02
         vertex 2.898513e+00 -4.659192e-18 5.281905e-02
         vertex 3.083110e+00 1.188952e-01 4.371600e-02
      endloop
   endfacet
   facet normal 6.917665e-02 -2.726056e-02 9.972319e-01
      outer loop
         vertex 2.967784e+00 1.468231e-01 5.247946e-02
         vertex 3.083110e+00 1.188952e-01 4.371600e-02
         vertex 3.092938e+00 2.226996e-01 4.587184e-02
      endloop
   endfacet
   facet normal 8.248368e-02 -2.849874e-02 9.961849e-01
      outer loop
         vertex 3.092938e+00 2.226996e-01 4.587184e-02
         vertex 3.083110e+00 1.188952e-01 4.371600e-02
         vertex 3.207024e+00 1.657011e-01 3.479497e-02
      endloop
   endfacet
   facet normal 1.342645e-01 7.674025e-02 9.879696e-01
      outer loop
         vertex 3.092938e+00 2.226996e-01 4.587184e-02
         vertex 3.207024e+00 1.657011e-01 3.479497e-02
         vertex 3.212538e+00 1.985864e-01 3.149122e-02
      endloop
   endfacet
   facet normal 1.520225e-01 7.352828e-02 9.856383e-01
      outer loop
         vertex 3.212538e+00 1.985864e-01 3.149122e-02
         vertex 3.207024e+00 1.657011e-01 3.479497e-02
         vertex 3.320024e+00 1.279854e-01 2.017964e-02
      endloop
   endfacet
   facet normal 2.173605e-01 1.771279e-01 9.598855e-01
      outer loop
         vertex 3.212538e+00 1.985864e-01 3.149122e-02
         vertex 3.320024e+00 1.279854e-01 2.017964e-02
         vertex 3.324587e+00 1.448625e-01 1.603220e-02
      endloop
   endfacet
   facet normal 2.304169e-01 1.730328e-01 9.575843e-01
      outer loop
         vertex 3.324587e+00 1.448625e-01 1.603220e-02
         vertex 3.320024e+00 1.279854e-01 2.017964e-02
         vertex 3.500000e+00 0.000000e+00 0.000000e+00
      endloop
   endfacet
   facet normal 7.040845e-02 -1.052927e-02 9.974627e-01
      outer loop
         vertex 3.078231e+00 -7.868507e-18 3.987490e-02
         vertex 3.276209e+00 -8.449514e-18 2.590012e-02
         vertex 3.304168e+00 5.691534e-02 2.452737e-02
      endloop
   endfacet
   facet normal 1.029219e-01 -2.657651e-02 9.943343e-01
      outer loop
         vertex 3.304168e+00 5.691534e-02 2.452737e-02
         vertex 3.276209e+00 -8.449514e-18 2.590012e-02
         vertex 3.406170e+00 2.683235e-02 1.316526e-02
      endloop
   endfacet
   facet normal 1.125128e-01 6.208883e-03 9.936309e-01
      outer loop
         vertex 3.304168e+00 5.691534e-02 2.452737e-02
         vertex 3.406170e+00 2.683235e-02 1.316526e-02
         vertex 3.314660e+00 1.069342e-01 2.302678e-02
      endloop
   endfacet
   facet normal 1.540046e-01 5.447961e-02 9.865671e-01
      outer loop
         vertex 3.314660e+00 1.069342e-01 2.302678e-02
         vertex 3.406170e+00 2.683235e-02 1.316526e-02
         vertex 3.500000e+00 0.000000e+00 0.000000e+00
      endloop
   endfacet
   facet normal 5.759350e-01 6.622999e-01 4.792262e-01
      outer loop
         vertex 3.221356e+00 2.489035e-01 1.308344e-02
         vertex 3.221131e+00 2.476601e-01 1.507235e-02
         vertex 3.328636e+00 1.590996e-01 8.265656e-03
      endloop
   endfacet
   facet normal 4.682464e-01 5.131206e-01 7.193417e-01
      outer loop
         vertex 3.328636e+00 1.590996e-01 8.265656e-03
         vertex 3.221131e+00 2.476601e-01 1.507235e-02
         vertex 3.327757e+00 1.560788e-01 1.099254e-02
      endloop
   endfacet
   facet normal 4.909141e-01 5.007366e-01 7.129279e-01
      outer loop
         vertex 3.328636e+00 1.590996e-01 8.265656e-03
         vertex 3.327757e+00 1.560788e-01 1.099254e-02
         vertex 3.422299e+00 7.283623e-02 4.358559e-03
      endloop
   endfacet
   facet normal 3.326149e-01 3.066940e-01 8.917994e-01
      outer loop
         vertex 3.422299e+00 7.283623e-02 4.358559e-03
         vertex 3.327757e+00 1.560788e-01 1.099254e-02
         vertex 3.324587e+00 1.448625e-01 1.603220e-02
      endloop
   endfacet
   facet normal 3.187564e-01 2.859697e-01 9.036679e-01
      outer loop
         vertex 3.422299e+00 7.283623e-02 4.358559e-03
         vertex 3.324587e+00 1.448625e-01 1.603220e-02
         vertex 3.500000e+00 0.000000e+00 0.000000e+00
      endloop
   endfacet
   facet normal 6.022017e-01 7.762670e-01 1.864476e-01
      outer loop
         vertex 3.221433e+00 2.493265e-01 1.107422e-02
         vertex 3.168118e+00 2.899828e-01 1.400523e-02
         vertex 3.221356e+00 2.489035e-01 1.308344e-02
      endloop
   endfacet
   facet normal 4.996575e-01 6.343170e-01 5.899020e-01
      outer loop
         vertex 3.221356e+00 2.489035e-01 1.308344e-02
         vertex 3.168118e+00 2.899828e-01 1.400523e-02
         vertex 3.104572e+00 3.344631e-01 2.000003e-02
      endloop
   endfacet
   facet normal 5.336113e-01 6.886637e-01 4.909188e-01
      outer loop
         vertex 3.221356e+00 2.489035e-01 1.308344e-02
         vertex 3.104572e+00 3.344631e-01 2.000003e-02
         vertex 3.221131e+00 2.476601e-01 1.507235e-02
      endloop
   endfacet
   facet normal 5.305648e-01 6.840225e-01 5.006139e-01
      outer loop
         vertex 3.221131e+00 2.476601e-01 1.507235e-02
         vertex 3.104572e+00 3.344631e-01 2.000003e-02
         vertex 3.104399e+00 3.327892e-01 2.247044e-02
      endloop
   endfacet
   facet normal 4.266796e-01 5.208215e-01 7.393845e-01
      outer loop
         vertex 3.221131e+00 2.476601e-01 1.507235e-02
         vertex 3.104399e+00 3.327892e-01 2.247044e-02
         vertex 3.220269e+00 2.428663e-01 1.894643e-02
      endloop
   endfacet
   facet normal 4.206440e-01 5.126882e-01 7.484714e-01
      outer loop
         vertex 3.220269e+00 2.428663e-01 1.894643e-02
         vertex 3.104399e+00 3.327892e-01 2.247044e-02
         vertex 3.103732e+00 3.263376e-01 2.726471e-02
      endloop
   endfacet
   facet normal 2.798199e-01 2.997772e-01 9.120496e-01
      outer loop
         vertex 3.220269e+00 2.428663e-01 1.894643e-02
         vertex 3.103732e+00 3.263376e-01 2.726471e-02
         vertex 3.101260e+00 3.024846e-01 3.586338e-02
      endloop
   endfacet
   facet normal 2.409070e-01 3.069412e-01 9.207339e-01
      outer loop
         vertex 3.101260e+00 3.024846e-01 3.586338e-02
         vertex 3.103732e+00 3.263376e-01 2.726471e-02
         vertex 2.980545e+00 3.708206e-01 4.466701e-02
      endloop
   endfacet
   facet normal 1.585367e-01 1.544183e-01 9.752031e-01
      outer loop
         vertex 3.101260e+00 3.024846e-01 3.586338e-02
         vertex 2.980545e+00 3.708206e-01 4.466701e-02
         vertex 2.978179e+00 3.276155e-01 5.189297e-02
      endloop
   endfacet
   facet normal 1.316551e-01 1.565027e-01 9.788636e-01
      outer loop
         vertex 2.978179e+00 3.276155e-01 5.189297e-02
         vertex 2.980545e+00 3.708206e-01 4.466701e-02
         vertex 2.917827e+00 3.536341e-01 5.585031e-02
      endloop
   endfacet
   facet normal 8.814169e-02 5.316302e-02 9.946883e-01
      outer loop
         vertex 2.978179e+00 3.276155e-01 5.189297e-02
         vertex 2.917827e+00 3.536341e-01 5.585031e-02
         vertex 2.855997e+00 3.154863e-01 6.336808e-02
      endloop
   endfacet
   facet normal 7.899398e-02 6.796344e-02 9.945556e-01
      outer loop
         vertex 2.855997e+00 3.154863e-01 6.336808e-02
         vertex 2.917827e+00 3.536341e-01 5.585031e-02
         vertex 2.857550e+00 3.758879e-01 5.911718e-02
      endloop
   endfacet
   facet normal 6.770929e-02 6.831042e-02 9.953638e-01
      outer loop
         vertex 2.855997e+00 3.154863e-01 6.336808e-02
         vertex 2.857550e+00 3.758879e-01 5.911718e-02
         vertex 2.796864e+00 3.313648e-01 6.630087e-02
      endloop
   endfacet
   facet normal 6.316257e-02 7.448446e-02 9.952199e-01
      outer loop
         vertex 2.796864e+00 3.313648e-01 6.630087e-02
         vertex 2.857550e+00 3.758879e-01 5.911718e-02
         vertex 2.797738e+00 3.937420e-01 6.157693e-02
      endloop
   endfacet
   facet normal 5.268658e-02 7.467637e-02 9.958150e-01
      outer loop
         vertex 2.796864e+00 3.313648e-01 6.630087e-02
         vertex 2.797738e+00 3.937420e-01 6.157693e-02
         vertex 2.738433e+00 3.433219e-01 6.849568e-02
      endloop
   endfacet
   facet normal 4.430569e-02 8.448265e-02 9.954394e-01
      outer loop
         vertex 2.738433e+00 3.433219e-01 6.849568e-02
         vertex 2.797738e+00 3.937420e-01 6.157693e-02
         vertex 2.738783e+00 4.065617e-01 6.311297e-02
      endloop
   endfacet
   facet normal 3.498088e-02 8.456523e-02 9.958037e-01
      outer loop
         vertex 2.738433e+00 3.433219e-01 6.849568e-02
         vertex 2.738783e+00 4.065617e-01 6.311297e-02
         vertex 2.681035e+00 3.508607e-01 6.987177e-02
      endloop
   endfacet
   facet normal 2.082725e-02 9.912410e-02 9.948571e-01
      outer loop
         vertex 2.681035e+00 3.508607e-01 6.987177e-02
         vertex 2.738783e+00 4.065617e-01 6.311297e-02
         vertex 2.681073e+00 4.137123e-01 6.360865e-02
      endloop
   endfacet
   facet normal 1.310495e-02 9.914176e-02 9.949870e-01
      outer loop
         vertex 2.681035e+00 3.508607e-01 6.987177e-02
         vertex 2.681073e+00 4.137123e-01 6.360865e-02
         vertex 2.625000e+00 3.534841e-01 7.034840e-02
      endloop
   endfacet
   facet normal -9.890557e-03 1.202937e-01 9.926891e-01
      outer loop
         vertex 2.625000e+00 3.534841e-01 7.034840e-02
         vertex 2.681073e+00 4.137123e-01 6.360865e-02
         vertex 2.625000e+00 4.145591e-01 6.294736e-02
      endloop
   endfacet
   facet normal 1.311327e-02 1.202892e-01 9.926523e-01
      outer loop
         vertex 2.625000e+00 3.534841e-01 7.034840e-02
         vertex 2.625000e+00 4.145591e-01 6.294736e-02
         vertex 2.514886e+00 3.500400e-01 7.222040e-02
      endloop
   endfacet
   facet normal -1.363738e-02 1.650164e-01 9.861965e-01
      outer loop
         vertex 2.514886e+00 3.500400e-01 7.222040e-02
         vertex 2.625000e+00 4.145591e-01 6.294736e-02
         vertex 2.515029e+00 4.070793e-01 6.267821e-02
      endloop
   endfacet
   facet normal 2.999193e-02 1.648511e-01 9.858624e-01
      outer loop
         vertex 2.514886e+00 3.500400e-01 7.222040e-02
         vertex 2.515029e+00 4.070793e-01 6.267821e-02
         vertex 2.405382e+00 3.408868e-01 7.708229e-02
      endloop
   endfacet
   facet normal 9.984207e-03 1.968033e-01 9.803921e-01
      outer loop
         vertex 2.405382e+00 3.408868e-01 7.708229e-02
         vertex 2.515029e+00 4.070793e-01 6.267821e-02
         vertex 2.405519e+00 3.955389e-01 6.611007e-02
      endloop
   endfacet
   facet normal 3.810610e-02 1.966021e-01 9.797426e-01
      outer loop
         vertex 2.405382e+00 3.408868e-01 7.708229e-02
         vertex 2.405519e+00 3.955389e-01 6.611007e-02
         vertex 2.187406e+00 3.125271e-01 9.125112e-02
      endloop
   endfacet
   facet normal 2.488738e-02 2.293034e-01 9.730368e-01
      outer loop
         vertex 2.187406e+00 3.125271e-01 9.125112e-02
         vertex 2.405519e+00 3.955389e-01 6.611007e-02
         vertex 2.187301e+00 3.652687e-01 7.882483e-02
      endloop
   endfacet
   facet normal 2.451724e-02 2.293048e-01 9.730458e-01
      outer loop
         vertex 2.187406e+00 3.125271e-01 9.125112e-02
         vertex 2.187301e+00 3.652687e-01 7.882483e-02
         vertex 1.969477e+00 2.825531e-01 1.038057e-01
      endloop
   endfacet
   facet normal 1.604720e-02 2.501114e-01 9.680841e-01
      outer loop
         vertex 1.969477e+00 2.825531e-01 1.038057e-01
         vertex 2.187301e+00 3.652687e-01 7.882483e-02
         vertex 1.969183e+00 3.337338e-01 9.058768e-02
      endloop
   endfacet
   facet normal -3.624756e-04 2.500552e-01 9.682315e-01
      outer loop
         vertex 1.969477e+00 2.825531e-01 1.038057e-01
         vertex 1.969183e+00 3.337338e-01 9.058768e-02
         vertex 1.860031e+00 2.713821e-01 1.066498e-01
      endloop
   endfacet
   facet normal -1.267952e-02 2.701977e-01 9.627214e-01
      outer loop
         vertex 1.860031e+00 2.713821e-01 1.066498e-01
         vertex 1.969183e+00 3.337338e-01 9.058768e-02
         vertex 1.859797e+00 3.206124e-01 9.282967e-02
      endloop
   endfacet
   facet normal -2.372485e-02 2.700945e-01 9.625415e-01
      outer loop
         vertex 1.860031e+00 2.713821e-01 1.066498e-01
         vertex 1.859797e+00 3.206124e-01 9.282967e-02
         vertex 1.750000e+00 2.651131e-01 1.056968e-01
      endloop
   endfacet
   facet normal -3.974914e-02 2.996362e-01 9.532251e-01
      outer loop
         vertex 1.750000e+00 2.651131e-01 1.056968e-01
         vertex 1.859797e+00 3.206124e-01 9.282967e-02
         vertex 1.750000e+00 3.050627e-01 9.313905e-02
      endloop
   endfacet
   facet normal 1.062733e-01 -4.897558e-02 9.931301e-01
      outer loop
         vertex 1.312874e+00 -6.429247e-02 1.834629e-01
         vertex 1.312964e+00 -4.996668e-18 1.866238e-01
         vertex 1.087834e+00 -4.238354e-18 2.107146e-01
      endloop
   endfacet
   facet normal -1.176737e-01 -9.676309e-01 2.232563e-01
      outer loop
         vertex 1.083506e+00 -2.817774e-01 6.497589e-02
         vertex 1.312585e+00 -3.125142e-01 5.250000e-02
         vertex 1.312528e+00 -3.065985e-01 7.810956e-02
      endloop
   endfacet
   facet normal 3.687481e-02 -3.988587e-01 9.162707e-01
      outer loop
         vertex 1.639937e+00 -2.595502e-01 1.069540e-01
         vertex 1.530414e+00 -2.500942e-01 1.154779e-01
         vertex 1.530671e+00 -2.900033e-01 9.809487e-02
      endloop
   endfacet
   facet normal -5.553700e-02 -6.812826e-01 7.299107e-01
      outer loop
         vertex 9.844391e-01 -2.445910e-01 1.293878e-01
         vertex 1.093800e+00 -2.593289e-01 1.239528e-01
         vertex 1.094041e+00 -2.319952e-01 1.494838e-01
      endloop
   endfacet
   facet normal -8.667951e-02 -7.386140e-01 6.685327e-01
      outer loop
         vertex 9.846714e-01 -2.186354e-01 1.555154e-01
         vertex 8.750000e-01 -2.072795e-01 1.538421e-01
         vertex 8.750000e-01 -2.303408e-01 1.283634e-01
      endloop
   endfacet
   facet normal -3.380869e-01 -9.280539e-01 1.562473e-01
      outer loop
         vertex 2.717289e-01 -1.348747e-01 3.871520e-02
         vertex 1.645536e-01 -9.844429e-02 2.319350e-02
         vertex 1.632158e-01 -1.000315e-01 1.087168e-02
      endloop
   endfacet
   facet normal -6.079486e-01 -6.502179e-01 4.556481e-01
      outer loop
         vertex 3.422047e-02 -2.648244e-02 7.867762e-03
         vertex 0.000000e+00 0.000000e+00 0.000000e+00
         vertex 3.349505e-02 -2.824501e-02 4.384642e-03
      endloop
   endfacet
   facet normal -4.103029e-01 -5.337950e-01 7.394014e-01
      outer loop
         vertex 1.688388e-01 -8.410545e-02 4.621759e-02
         vertex 1.717592e-01 -7.199092e-02 5.658396e-02
         vertex 7.751465e-02 -3.873561e-02 2.829447e-02
      endloop
   endfacet
   facet normal -5.336945e-01 -7.045806e-01 4.676925e-01
      outer loop
         vertex 3.422047e-02 -2.648244e-02 7.867762e-03
         vertex 3.349505e-02 -2.824501e-02 4.384642e-03
         vertex 7.371031e-02 -5.071621e-02 1.642225e-02
      endloop
   endfacet
   facet normal -4.149377e-01 -8.955977e-01 1.604103e-01
      outer loop
         vertex 1.632158e-01 -1.000315e-01 1.087168e-02
         vertex 1.645536e-01 -9.844429e-02 2.319350e-02
         vertex 1.157400e-01 -7.882571e-02 6.459961e-03
      endloop
   endfacet
   facet normal -4.164462e-01 -8.936800e-01 1.670589e-01
      outer loop
         vertex 1.157400e-01 -7.882571e-02 6.459961e-03
         vertex 1.645536e-01 -9.844429e-02 2.319350e-02
         vertex 1.163393e-01 -7.729276e-02 1.615439e-02
      endloop
   endfacet
   facet normal -4.817370e-01 -8.604794e-01 1.658452e-01
      outer loop
         vertex 1.157400e-01 -7.882571e-02 6.459961e-03
         vertex 1.163393e-01 -7.729276e-02 1.615439e-02
         vertex 7.069907e-02 -5.429224e-02 2.918467e-03
      endloop
   endfacet
   facet normal -4.816918e-01 -8.605626e-01 1.655447e-01
      outer loop
         vertex 7.069907e-02 -5.429224e-02 2.918467e-03
         vertex 1.163393e-01 -7.729276e-02 1.615439e-02
         vertex 7.246397e-02 -5.395113e-02 9.827104e-03
      endloop
   endfacet
   facet normal -5.590984e-01 -8.087077e-01 1.827590e-01
      outer loop
         vertex 7.069907e-02 -5.429224e-02 2.918467e-03
         vertex 7.246397e-02 -5.395113e-02 9.827104e-03
         vertex 3.322017e-02 -2.886317e-02 7.861328e-04
      endloop
   endfacet
   facet normal -6.479211e-01 -7.409126e-01 1.767674e-01
      outer loop
         vertex 0.000000e+00 0.000000e+00 0.000000e+00
         vertex 3.322017e-02 -2.886317e-02 7.861328e-04
         vertex 3.349505e-02 -2.824501e-02 4.384642e-03
      endloop
   endfacet
   facet normal -5.590333e-01 -8.089972e-01 1.816734e-01
      outer loop
         vertex 3.349505e-02 -2.824501e-02 4.384642e-03
         vertex 3.322017e-02 -2.886317e-02 7.861328e-04
         vertex 7.246397e-02 -5.395113e-02 9.827104e-03
      endloop
   endfacet
   facet normal -5.344090e-01 -7.145458e-01 4.514768e-01
      outer loop
         vertex 3.349505e-02 -2.824501e-02 4.384642e-03
         vertex 7.246397e-02 -5.395113e-02 9.827104e-03
         vertex 7.371031e-02 -5.071621e-02 1.642225e-02
      endloop
   endfacet
   facet normal -4.679746e-01 -7.552598e-01 4.588925e-01
      outer loop
         vertex 7.371031e-02 -5.071621e-02 1.642225e-02
         vertex 7.246397e-02 -5.395113e-02 9.827104e-03
         vertex 1.163393e-01 -7.729276e-02 1.615439e-02
      endloop
   endfacet
   facet normal -4.337064e-01 -7.013695e-01 5.656674e-01
      outer loop
         vertex 7.371031e-02 -5.071621e-02 1.642225e-02
         vertex 1.163393e-01 -7.729276e-02 1.615439e-02
         vertex 1.663206e-01 -9.298386e-02 3.502049e-02
      endloop
   endfacet
   facet normal -4.144817e-01 -8.011018e-01 4.317879e-01
      outer loop
         vertex 1.663206e-01 -9.298386e-02 3.502049e-02
         vertex 1.163393e-01 -7.729276e-02 1.615439e-02
         vertex 1.645536e-01 -9.844429e-02 2.319350e-02
      endloop
   endfacet
   facet normal -3.499955e-01 -8.294892e-01 4.352596e-01
      outer loop
         vertex 1.663206e-01 -9.298386e-02 3.502049e-02
         vertex 1.645536e-01 -9.844429e-02 2.319350e-02
         vertex 2.734758e-01 -1.278953e-01 5.465288e-02
      endloop
   endfacet
   facet normal -3.462426e-01 -8.448218e-01 4.079120e-01
      outer loop
         vertex 2.734758e-01 -1.278953e-01 5.465288e-02
         vertex 1.645536e-01 -9.844429e-02 2.319350e-02
         vertex 2.717289e-01 -1.348747e-01 3.871520e-02
      endloop
   endfacet
   facet normal -2.801571e-01 -8.676735e-01 4.106759e-01
      outer loop
         vertex 2.734758e-01 -1.278953e-01 5.465288e-02
         vertex 2.717289e-01 -1.348747e-01 3.871520e-02
         vertex 3.908209e-01 -1.565429e-01 7.417762e-02
      endloop
   endfacet
   facet normal -2.760859e-01 -8.781961e-01 3.905742e-01
      outer loop
         vertex 3.908209e-01 -1.565429e-01 7.417762e-02
         vertex 2.717289e-01 -1.348747e-01 3.871520e-02
         vertex 3.894503e-01 -1.646375e-01 5.500825e-02
      endloop
   endfacet
   facet normal -2.280505e-01 -8.910090e-01 3.925504e-01
      outer loop
         vertex 3.908209e-01 -1.565429e-01 7.417762e-02
         vertex 3.894503e-01 -1.646375e-01 5.500825e-02
         vertex 5.140009e-01 -1.800188e-01 9.245285e-02
      endloop
   endfacet
   facet normal -2.258504e-01 -8.955579e-01 3.833636e-01
      outer loop
         vertex 5.140009e-01 -1.800188e-01 9.245285e-02
         vertex 3.894503e-01 -1.646375e-01 5.500825e-02
         vertex 5.131779e-01 -1.891280e-01 7.068866e-02
      endloop
   endfacet
   facet normal -1.896068e-01 -9.031560e-01 3.851733e-01
      outer loop
         vertex 5.140009e-01 -1.800188e-01 9.245285e-02
         vertex 5.131779e-01 -1.891280e-01 7.068866e-02
         vertex 6.386607e-01 -1.994156e-01 1.083368e-01
      endloop
   endfacet
   facet normal -1.909580e-01 -9.006390e-01 3.903645e-01
      outer loop
         vertex 6.386607e-01 -1.994156e-01 1.083368e-01
         vertex 5.131779e-01 -1.891280e-01 7.068866e-02
         vertex 6.383719e-01 -2.097412e-01 8.437245e-02
      endloop
   endfacet
   facet normal -1.617891e-01 -9.055678e-01 3.921367e-01
      outer loop
         vertex 6.386607e-01 -1.994156e-01 1.083368e-01
         vertex 6.383719e-01 -2.097412e-01 8.437245e-02
         vertex 7.604455e-01 -2.158255e-01 1.206876e-01
      endloop
   endfacet
   facet normal -1.677638e-01 -8.946619e-01 4.140476e-01
      outer loop
         vertex 7.604455e-01 -2.158255e-01 1.206876e-01
         vertex 6.383719e-01 -2.097412e-01 8.437245e-02
         vertex 7.604926e-01 -2.278726e-01 9.467566e-02
      endloop
   endfacet
   facet normal -1.416917e-01 -8.983494e-01 4.158027e-01
      outer loop
         vertex 7.604455e-01 -2.158255e-01 1.206876e-01
         vertex 7.604926e-01 -2.278726e-01 9.467566e-02
         vertex 8.750000e-01 -2.303408e-01 1.283634e-01
      endloop
   endfacet
   facet normal -1.375877e-01 -7.343534e-01 6.646764e-01
      outer loop
         vertex 8.750000e-01 -2.303408e-01 1.283634e-01
         vertex 8.750000e-01 -2.072795e-01 1.538421e-01
         vertex 7.604455e-01 -2.158255e-01 1.206876e-01
      endloop
   endfacet
   facet normal -1.251574e-01 -7.664440e-01 6.299994e-01
      outer loop
         vertex 7.604455e-01 -2.158255e-01 1.206876e-01
         vertex 8.750000e-01 -2.072795e-01 1.538421e-01
         vertex 7.604198e-01 -1.960395e-01 1.447537e-01
      endloop
   endfacet
   facet normal -1.661489e-01 -7.618027e-01 6.261399e-01
      outer loop
         vertex 7.604455e-01 -2.158255e-01 1.206876e-01
         vertex 7.604198e-01 -1.960395e-01 1.447537e-01
         vertex 6.386607e-01 -1.994156e-01 1.083368e-01
      endloop
   endfacet
   facet normal -1.594729e-01 -7.797196e-01 6.054798e-01
      outer loop
         vertex 6.386607e-01 -1.994156e-01 1.083368e-01
         vertex 7.604198e-01 -1.960395e-01 1.447537e-01
         vertex 6.391293e-01 -1.820355e-01 1.308418e-01
      endloop
   endfacet
   facet normal -1.971037e-01 -7.739416e-01 6.018010e-01
      outer loop
         vertex 6.386607e-01 -1.994156e-01 1.083368e-01
         vertex 6.391293e-01 -1.820355e-01 1.308418e-01
         vertex 5.140009e-01 -1.800188e-01 9.245285e-02
      endloop
   endfacet
   facet normal -1.953771e-01 -7.789204e-01 5.959117e-01
      outer loop
         vertex 5.140009e-01 -1.800188e-01 9.245285e-02
         vertex 6.391293e-01 -1.820355e-01 1.308418e-01
         vertex 5.152271e-01 -1.645538e-01 1.130694e-01
      endloop
   endfacet
   facet normal -2.347674e-01 -7.708388e-01 5.921923e-01
      outer loop
         vertex 5.140009e-01 -1.800188e-01 9.245285e-02
         vertex 5.152271e-01 -1.645538e-01 1.130694e-01
         vertex 3.908209e-01 -1.565429e-01 7.417762e-02
      endloop
   endfacet
   facet normal -2.365910e-01 -7.647858e-01 5.992723e-01
      outer loop
         vertex 3.908209e-01 -1.565429e-01 7.417762e-02
         vertex 5.152271e-01 -1.645538e-01 1.130694e-01
         vertex 3.928121e-01 -1.428807e-01 9.239926e-02
      endloop
   endfacet
   facet normal -2.826783e-01 -7.523733e-01 5.950020e-01
      outer loop
         vertex 3.908209e-01 -1.565429e-01 7.417762e-02
         vertex 3.928121e-01 -1.428807e-01 9.239926e-02
         vertex 2.734758e-01 -1.278953e-01 5.465288e-02
      endloop
   endfacet
   facet normal -2.861420e-01 -7.373456e-01 6.119185e-01
      outer loop
         vertex 2.734758e-01 -1.278953e-01 5.465288e-02
         vertex 3.928121e-01 -1.428807e-01 9.239926e-02
         vertex 2.759831e-01 -1.163025e-01 6.979436e-02
      endloop
   endfacet
   facet normal -3.446110e-01 -7.169535e-01 6.059876e-01
      outer loop
         vertex 2.734758e-01 -1.278953e-01 5.465288e-02
         vertex 2.759831e-01 -1.163025e-01 6.979436e-02
         vertex 1.663206e-01 -9.298386e-02 3.502049e-02
      endloop
   endfacet
   facet normal -3.473832e-01 -6.951664e-01 6.293398e-01
      outer loop
         vertex 1.663206e-01 -9.298386e-02 3.502049e-02
         vertex 2.759831e-01 -1.163025e-01 6.979436e-02
         vertex 1.688388e-01 -8.410545e-02 4.621759e-02
      endloop
   endfacet
   facet normal -4.255660e-01 -6.600365e-01 6.190682e-01
      outer loop
         vertex 1.663206e-01 -9.298386e-02 3.502049e-02
         vertex 1.688388e-01 -8.410545e-02 4.621759e-02
         vertex 7.371031e-02 -5.071621e-02 1.642225e-02
      endloop
   endfacet
   facet normal -4.208526e-01 -5.675840e-01 7.076238e-01
      outer loop
         vertex 7.371031e-02 -5.071621e-02 1.642225e-02
         vertex 1.688388e-01 -8.410545e-02 4.621759e-02
         vertex 7.751465e-02 -3.873561e-02 2.829447e-02
      endloop
   endfacet
   facet normal -4.795108e-01 -5.361522e-01 6.947015e-01
      outer loop
         vertex 7.371031e-02 -5.071621e-02 1.642225e-02
         vertex 7.751465e-02 -3.873561e-02 2.829447e-02
         vertex 3.422047e-02 -2.648244e-02 7.867762e-03
      endloop
   endfacet
   facet normal -4.803798e-01 -5.203673e-01 7.060121e-01
      outer loop
         vertex 3.422047e-02 -2.648244e-02 7.867762e-03
         vertex 7.751465e-02 -3.873561e-02 2.829447e-02
         vertex 3.642774e-02 -2.007550e-02 1.409186e-02
      endloop
   endfacet
   facet normal -5.352330e-01 -4.864630e-01 6.905645e-01
      outer loop
         vertex 3.422047e-02 -2.648244e-02 7.867762e-03
         vertex 3.642774e-02 -2.007550e-02 1.409186e-02
         vertex 0.000000e+00 0.000000e+00 0.000000e+00
      endloop
   endfacet
   facet normal -3.402960e-01 -5.626540e-01 7.534050e-01
      outer loop
         vertex 1.717592e-01 -7.199092e-02 5.658396e-02
         vertex 1.688388e-01 -8.410545e-02 4.621759e-02
         vertex 2.789202e-01 -1.001285e-01 8.397257e-02
      endloop
   endfacet
   facet normal -3.380127e-01 -5.849340e-01 7.372921e-01
      outer loop
         vertex 2.789202e-01 -1.001285e-01 8.397257e-02
         vertex 1.688388e-01 -8.410545e-02 4.621759e-02
         vertex 2.759831e-01 -1.163025e-01 6.979436e-02
      endloop
   endfacet
   facet normal -2.852382e-01 -6.019919e-01 7.458183e-01
      outer loop
         vertex 2.789202e-01 -1.001285e-01 8.397257e-02
         vertex 2.759831e-01 -1.163025e-01 6.979436e-02
         vertex 3.951842e-01 -1.235111e-01 1.095644e-01
      endloop
   endfacet
   facet normal -2.824616e-01 -6.166184e-01 7.348450e-01
      outer loop
         vertex 3.951842e-01 -1.235111e-01 1.095644e-01
         vertex 2.759831e-01 -1.163025e-01 6.979436e-02
         vertex 3.928121e-01 -1.428807e-01 9.239926e-02
      endloop
   endfacet
   facet normal -2.377102e-01 -6.277547e-01 7.412273e-01
      outer loop
         vertex 3.951842e-01 -1.235111e-01 1.095644e-01
         vertex 3.928121e-01 -1.428807e-01 9.239926e-02
         vertex 5.167376e-01 -1.425011e-01 1.324634e-01
      endloop
   endfacet
   facet normal -2.365204e-01 -6.324688e-01 7.375916e-01
      outer loop
         vertex 5.167376e-01 -1.425011e-01 1.324634e-01
         vertex 3.928121e-01 -1.428807e-01 9.239926e-02
         vertex 5.152271e-01 -1.645538e-01 1.130694e-01
      endloop
   endfacet
   facet normal -1.944942e-01 -6.402351e-01 7.431494e-01
      outer loop
         vertex 5.167376e-01 -1.425011e-01 1.324634e-01
         vertex 5.152271e-01 -1.645538e-01 1.130694e-01
         vertex 6.397671e-01 -1.574612e-01 1.517739e-01
      endloop
   endfacet
   facet normal -1.967071e-01 -6.328056e-01 7.489082e-01
      outer loop
         vertex 6.397671e-01 -1.574612e-01 1.517739e-01
         vertex 5.152271e-01 -1.645538e-01 1.130694e-01
         vertex 6.391293e-01 -1.820355e-01 1.308418e-01
      endloop
   endfacet
   facet normal -1.524104e-01 -6.385673e-01 7.543228e-01
      outer loop
         vertex 6.397671e-01 -1.574612e-01 1.517739e-01
         vertex 6.391293e-01 -1.820355e-01 1.308418e-01
         vertex 7.604590e-01 -1.687540e-01 1.665998e-01
      endloop
   endfacet
   facet normal -1.596216e-01 -6.168504e-01 7.707247e-01
      outer loop
         vertex 7.604590e-01 -1.687540e-01 1.665998e-01
         vertex 6.391293e-01 -1.820355e-01 1.308418e-01
         vertex 7.604198e-01 -1.960395e-01 1.447537e-01
      endloop
   endfacet
   facet normal -1.073363e-01 -6.212989e-01 7.761872e-01
      outer loop
         vertex 7.604590e-01 -1.687540e-01 1.665998e-01
         vertex 7.604198e-01 -1.960395e-01 1.447537e-01
         vertex 8.750000e-01 -1.767420e-01 1.760452e-01
      endloop
   endfacet
   facet normal -1.209479e-01 -5.837517e-01 8.028733e-01
      outer loop
         vertex 8.750000e-01 -1.767420e-01 1.760452e-01
         vertex 7.604198e-01 -1.960395e-01 1.447537e-01
         vertex 8.750000e-01 -2.072795e-01 1.538421e-01
      endloop
   endfacet
   facet normal -5.633075e-02 -5.871350e-01 8.075267e-01
      outer loop
         vertex 8.750000e-01 -1.767420e-01 1.760452e-01
         vertex 8.750000e-01 -2.072795e-01 1.538421e-01
         vertex 9.848912e-01 -1.851294e-01 1.776126e-01
      endloop
   endfacet
   facet normal -6.954513e-02 -5.489012e-01 8.329892e-01
      outer loop
         vertex 9.848912e-01 -1.851294e-01 1.776126e-01
         vertex 8.750000e-01 -2.072795e-01 1.538421e-01
         vertex 9.846714e-01 -2.186354e-01 1.555154e-01
      endloop
   endfacet
   facet normal -8.086162e-03 -5.504972e-01 8.347978e-01
      outer loop
         vertex 9.848912e-01 -1.851294e-01 1.776126e-01
         vertex 9.846714e-01 -2.186354e-01 1.555154e-01
         vertex 1.094291e+00 -1.966030e-01 1.711062e-01
      endloop
   endfacet
   facet normal -9.805654e-02 -8.470417e-01 5.224033e-01
      outer loop
         vertex 1.093620e+00 -2.769455e-01 9.535479e-02
         vertex 1.093800e+00 -2.593289e-01 1.239528e-01
         vertex 9.842551e-01 -2.613625e-01 1.000934e-01
      endloop
   endfacet
   facet normal -9.181517e-02 -8.639216e-01 4.951862e-01
      outer loop
         vertex 9.842551e-01 -2.613625e-01 1.000934e-01
         vertex 1.093800e+00 -2.593289e-01 1.239528e-01
         vertex 9.844391e-01 -2.445910e-01 1.293878e-01
      endloop
   endfacet
   facet normal -1.289405e-01 -8.602423e-01 4.933129e-01
      outer loop
         vertex 9.842551e-01 -2.613625e-01 1.000934e-01
         vertex 9.844391e-01 -2.445910e-01 1.293878e-01
         vertex 8.750000e-01 -2.449171e-01 1.002143e-01
      endloop
   endfacet
   facet normal -1.342771e-01 -9.707353e-01 1.991044e-01
      outer loop
         vertex 1.083506e+00 -2.817774e-01 6.497589e-02
         vertex 1.093620e+00 -2.769455e-01 9.535479e-02
         vertex 9.841802e-01 -2.673161e-01 6.849609e-02
      endloop
   endfacet
   facet normal -1.308434e-01 -9.742032e-01 1.838698e-01
      outer loop
         vertex 9.841802e-01 -2.673161e-01 6.849609e-02
         vertex 1.093620e+00 -2.769455e-01 9.535479e-02
         vertex 9.842551e-01 -2.613625e-01 1.000934e-01
      endloop
   endfacet
   facet normal -1.515228e-01 -9.712960e-01 1.833711e-01
      outer loop
         vertex 9.841802e-01 -2.673161e-01 6.849609e-02
         vertex 9.842551e-01 -2.613625e-01 1.000934e-01
         vertex 8.750000e-01 -2.500000e-01 7.000000e-02
      endloop
   endfacet
   facet normal -1.466510e-01 -9.754812e-01 1.641036e-01
      outer loop
         vertex 8.750000e-01 -2.500000e-01 7.000000e-02
         vertex 9.842551e-01 -2.613625e-01 1.000934e-01
         vertex 8.750000e-01 -2.449171e-01 1.002143e-01
      endloop
   endfacet
   facet normal -1.593663e-01 -9.735397e-01 1.637770e-01
      outer loop
         vertex 8.750000e-01 -2.500000e-01 7.000000e-02
         vertex 8.750000e-01 -2.449171e-01 1.002143e-01
         vertex 8.186162e-01 -2.409042e-01 6.920307e-02
      endloop
   endfacet
   facet normal -1.564231e-01 -9.749308e-01 1.582457e-01
      outer loop
         vertex 8.186162e-01 -2.409042e-01 6.920307e-02
         vertex 8.750000e-01 -2.449171e-01 1.002143e-01
         vertex 7.605179e-01 -2.319414e-01 6.699219e-02
      endloop
   endfacet
   facet normal -1.295672e-01 -9.817353e-01 1.393134e-01
      outer loop
         vertex 1.531579e+00 -3.418351e-01 4.046875e-02
         vertex 1.531537e+00 -3.403795e-01 5.068632e-02
         vertex 1.500527e+00 -3.375298e-01 4.192850e-02
      endloop
   endfacet
   facet normal -1.931443e-01 -8.998692e-01 3.910636e-01
      outer loop
         vertex 1.500527e+00 -3.375298e-01 4.192850e-02
         vertex 1.531537e+00 -3.403795e-01 5.068632e-02
         vertex 1.531422e+00 -3.360255e-01 6.064884e-02
      endloop
   endfacet
   facet normal -1.127387e-01 -9.581720e-01 2.630522e-01
      outer loop
         vertex 1.500527e+00 -3.375298e-01 4.192850e-02
         vertex 1.531422e+00 -3.360255e-01 6.064884e-02
         vertex 1.312585e+00 -3.125142e-01 5.250000e-02
      endloop
   endfacet
   facet normal -2.045534e-02 -4.862626e-01 8.735733e-01
      outer loop
         vertex 1.640481e+00 -3.325294e-01 7.377034e-02
         vertex 1.750000e+00 -2.973890e-01 9.589522e-02
         vertex 1.640160e+00 -3.017800e-01 9.087909e-02
      endloop
   endfacet
   facet normal -3.206462e-02 -2.904281e-01 9.563594e-01
      outer loop
         vertex 1.640160e+00 -3.017800e-01 9.087909e-02
         vertex 1.750000e+00 -2.973890e-01 9.589522e-02
         vertex 1.750000e+00 -2.651131e-01 1.056968e-01
      endloop
   endfacet
   facet normal -7.307295e-03 -3.557750e-01 9.345431e-01
      outer loop
         vertex 1.640160e+00 -3.017800e-01 9.087909e-02
         vertex 1.750000e+00 -2.651131e-01 1.056968e-01
         vertex 1.639937e+00 -2.595502e-01 1.069540e-01
      endloop
   endfacet
   facet normal 1.273682e-01 -4.867718e-02 9.906603e-01
      outer loop
         vertex 1.530778e+00 -7.246564e-02 1.549973e-01
         vertex 1.530874e+00 -3.181018e-18 1.585455e-01
         vertex 1.434082e+00 -4.222791e-18 1.709900e-01
      endloop
   endfacet
   facet normal 9.784036e-02 -1.201733e-01 9.879199e-01
      outer loop
         vertex 1.640000e+00 -1.443806e-01 1.340726e-01
         vertex 1.640130e+00 -7.491546e-02 1.425097e-01
         vertex 1.530578e+00 -1.395704e-01 1.454945e-01
      endloop
   endfacet
   facet normal 1.092563e-01 -1.396906e-01 9.841492e-01
      outer loop
         vertex 1.530578e+00 -1.395704e-01 1.454945e-01
         vertex 1.640130e+00 -7.491546e-02 1.425097e-01
         vertex 1.530778e+00 -7.246564e-02 1.549973e-01
      endloop
   endfacet
   facet normal 1.231203e-01 -1.395036e-01 9.825376e-01
      outer loop
         vertex 1.530578e+00 -1.395704e-01 1.454945e-01
         vertex 1.530778e+00 -7.246564e-02 1.549973e-01
         vertex 1.312874e+00 -6.429247e-02 1.834629e-01
      endloop
   endfacet
   facet normal 1.275979e-01 -4.836756e-02 9.906459e-01
      outer loop
         vertex 1.312874e+00 -6.429247e-02 1.834629e-01
         vertex 1.530778e+00 -7.246564e-02 1.549973e-01
         vertex 1.434082e+00 -4.222791e-18 1.709900e-01
      endloop
   endfacet
   facet normal 1.278640e-01 -4.888070e-02 9.905864e-01
      outer loop
         vertex 1.312874e+00 -6.429247e-02 1.834629e-01
         vertex 1.434082e+00 -4.222791e-18 1.709900e-01
         vertex 1.312964e+00 -4.996668e-18 1.866238e-01
      endloop
   endfacet
   facet normal -4.970343e-02 -2.401224e-02 9.984753e-01
      outer loop
         vertex 7.609117e-01 -4.876398e-02 2.113093e-01
         vertex 8.750000e-01 -5.035718e-02 2.169503e-01
         vertex 9.071822e-01 -8.979666e-19 2.197633e-01
      endloop
   endfacet
   facet normal 1.792855e-02 -6.718430e-02 9.975795e-01
      outer loop
         vertex 9.071822e-01 -8.979666e-19 2.197633e-01
         vertex 8.750000e-01 -5.035718e-02 2.169503e-01
         vertex 9.851975e-01 -5.215523e-02 2.148487e-01
      endloop
   endfacet
   facet normal 5.001694e-02 -1.927812e-02 9.985623e-01
      outer loop
         vertex 9.071822e-01 -8.979666e-19 2.197633e-01
         vertex 9.851975e-01 -5.215523e-02 2.148487e-01
         vertex 1.087834e+00 -4.238354e-18 2.107146e-01
      endloop
   endfacet
   facet normal 6.384457e-02 -4.662365e-02 9.968702e-01
      outer loop
         vertex 1.087834e+00 -4.238354e-18 2.107146e-01
         vertex 9.851975e-01 -5.215523e-02 2.148487e-01
         vertex 1.094784e+00 -5.544630e-02 2.076763e-01
      endloop
   endfacet
   facet normal 1.086193e-01 -4.081294e-02 9.932453e-01
      outer loop
         vertex 1.087834e+00 -4.238354e-18 2.107146e-01
         vertex 1.094784e+00 -5.544630e-02 2.076763e-01
         vertex 1.312874e+00 -6.429247e-02 1.834629e-01
      endloop
   endfacet
   facet normal 1.033457e-01 -1.454100e-01 9.839592e-01
      outer loop
         vertex 1.312874e+00 -6.429247e-02 1.834629e-01
         vertex 1.094784e+00 -5.544630e-02 2.076763e-01
         vertex 1.312669e+00 -1.240668e-01 1.746509e-01
      endloop
   endfacet
   facet normal 1.210596e-01 -1.451777e-01 9.819715e-01
      outer loop
         vertex 1.312874e+00 -6.429247e-02 1.834629e-01
         vertex 1.312669e+00 -1.240668e-01 1.746509e-01
         vertex 1.530578e+00 -1.395704e-01 1.454945e-01
      endloop
   endfacet
   facet normal 1.137068e-01 -2.226907e-01 9.682353e-01
      outer loop
         vertex 1.530578e+00 -1.395704e-01 1.454945e-01
         vertex 1.312669e+00 -1.240668e-01 1.746509e-01
         vertex 1.530412e+00 -1.994135e-01 1.317504e-01
      endloop
   endfacet
   facet normal 9.149349e-02 -2.231449e-01 9.704820e-01
      outer loop
         vertex 1.530578e+00 -1.395704e-01 1.454945e-01
         vertex 1.530412e+00 -1.994135e-01 1.317504e-01
         vertex 1.640000e+00 -1.443806e-01 1.340726e-01
      endloop
   endfacet
   facet normal 7.671559e-02 -1.940342e-01 9.779905e-01
      outer loop
         vertex 1.640000e+00 -1.443806e-01 1.340726e-01
         vertex 1.530412e+00 -1.994135e-01 1.317504e-01
         vertex 1.639903e+00 -2.065429e-01 1.217472e-01
      endloop
   endfacet
   facet normal 1.067100e-01 -4.876879e-02 9.930934e-01
      outer loop
         vertex 1.530874e+00 -3.181018e-18 1.585455e-01
         vertex 1.530778e+00 -7.246564e-02 1.549973e-01
         vertex 1.750000e+00 0.000000e+00 1.350000e-01
      endloop
   endfacet
   facet normal 1.117942e-01 -6.455266e-02 9.916325e-01
      outer loop
         vertex 1.750000e+00 0.000000e+00 1.350000e-01
         vertex 1.530778e+00 -7.246564e-02 1.549973e-01
         vertex 1.640130e+00 -7.491546e-02 1.425097e-01
      endloop
   endfacet
   facet normal 8.634862e-02 -2.680626e-02 9.959043e-01
      outer loop
         vertex 1.750000e+00 0.000000e+00 1.350000e-01
         vertex 1.640130e+00 -7.491546e-02 1.425097e-01
         vertex 1.750000e+00 -7.553577e-02 1.329668e-01
      endloop
   endfacet
   facet normal 8.522754e-02 -1.202899e-01 9.890736e-01
      outer loop
         vertex 1.750000e+00 -7.553577e-02 1.329668e-01
         vertex 1.640130e+00 -7.491546e-02 1.425097e-01
         vertex 1.640000e+00 -1.443806e-01 1.340726e-01
      endloop
   endfacet
   facet normal 6.157818e-02 -8.241276e-02 9.946941e-01
      outer loop
         vertex 1.750000e+00 -7.553577e-02 1.329668e-01
         vertex 1.640000e+00 -1.443806e-01 1.340726e-01
         vertex 1.750000e+00 -1.459084e-01 1.271363e-01
      endloop
   endfacet
   facet normal 5.904632e-02 -1.942415e-01 9.791750e-01
      outer loop
         vertex 1.750000e+00 -1.459084e-01 1.271363e-01
         vertex 1.640000e+00 -1.443806e-01 1.340726e-01
         vertex 1.639903e+00 -2.065429e-01 1.217472e-01
      endloop
   endfacet
   facet normal 1.967363e-02 -1.238995e-01 9.920997e-01
      outer loop
         vertex 1.750000e+00 -1.459084e-01 1.271363e-01
         vertex 1.639903e+00 -2.065429e-01 1.217472e-01
         vertex 1.750000e+00 -1.713020e-01 1.239650e-01
      endloop
   endfacet
   facet normal -3.789456e-01 -1.167864e-01 9.180202e-01
      outer loop
         vertex 1.792030e-01 -2.023933e-02 7.835518e-02
         vertex 1.166556e-01 -6.285416e-18 5.511123e-02
         vertex 8.263478e-02 -1.070938e-02 3.970554e-02
      endloop
   endfacet
   facet normal -3.956083e-01 -6.146578e-02 9.163602e-01
      outer loop
         vertex 8.263478e-02 -1.070938e-02 3.970554e-02
         vertex 1.166556e-01 -6.285416e-18 5.511123e-02
         vertex 8.311933e-02 -5.288760e-18 4.063307e-02
      endloop
   endfacet
   facet normal -4.384483e-01 -5.784145e-02 8.968932e-01
      outer loop
         vertex 8.263478e-02 -1.070938e-02 3.970554e-02
         vertex 8.311933e-02 -5.288760e-18 4.063307e-02
         vertex 0.000000e+00 0.000000e+00 0.000000e+00
      endloop
   endfacet
   facet normal -3.246156e-02 -7.540931e-02 9.966241e-01
      outer loop
         vertex 9.071822e-01 -8.979666e-19 2.197633e-01
         vertex 7.609764e-01 1.684696e-18 2.150012e-01
         vertex 7.609117e-01 -4.876398e-02 2.113093e-01
      endloop
   endfacet
   facet normal -9.371481e-02 -7.503602e-02 9.927674e-01
      outer loop
         vertex 7.609117e-01 -4.876398e-02 2.113093e-01
         vertex 7.609764e-01 1.684696e-18 2.150012e-01
         vertex 7.261139e-01 1.663890e-18 2.117102e-01
      endloop
   endfacet
   facet normal -1.212506e-01 -9.464706e-02 9.880993e-01
      outer loop
         vertex 7.609117e-01 -4.876398e-02 2.113093e-01
         vertex 7.261139e-01 1.663890e-18 2.117102e-01
         vertex 6.418766e-01 -4.574559e-02 1.969915e-01
      endloop
   endfacet
   facet normal -1.272195e-01 -8.373118e-02 9.883341e-01
      outer loop
         vertex 6.418766e-01 -4.574559e-02 1.969915e-01
         vertex 7.261139e-01 1.663890e-18 2.117102e-01
         vertex 6.421075e-01 8.956339e-19 2.008968e-01
      endloop
   endfacet
   facet normal -1.792627e-01 -8.278365e-02 9.803121e-01
      outer loop
         vertex 6.418766e-01 -4.574559e-02 1.969915e-01
         vertex 6.421075e-01 8.956339e-19 2.008968e-01
         vertex 5.210416e-01 -4.134297e-02 1.752671e-01
      endloop
   endfacet
   facet normal -1.754361e-01 -9.380300e-02 9.800118e-01
      outer loop
         vertex 5.210416e-01 -4.134297e-02 1.752671e-01
         vertex 6.421075e-01 8.956339e-19 2.008968e-01
         vertex 5.311060e-01 -1.159094e-18 1.810260e-01
      endloop
   endfacet
   facet normal -2.299730e-01 -7.912857e-02 9.699748e-01
      outer loop
         vertex 5.210416e-01 -4.134297e-02 1.752671e-01
         vertex 5.311060e-01 -1.159094e-18 1.810260e-01
         vertex 4.015531e-01 -3.559707e-02 1.474061e-01
      endloop
   endfacet
   facet normal -2.279391e-01 -8.639828e-02 9.698346e-01
      outer loop
         vertex 4.015531e-01 -3.559707e-02 1.474061e-01
         vertex 5.311060e-01 -1.159094e-18 1.810260e-01
         vertex 4.021809e-01 -4.118931e-18 1.507248e-01
      endloop
   endfacet
   facet normal -2.775312e-01 -8.432794e-02 9.570085e-01
      outer loop
         vertex 4.015531e-01 -3.559707e-02 1.474061e-01
         vertex 4.021809e-01 -4.118931e-18 1.507248e-01
         vertex 2.865581e-01 -2.854888e-02 1.146787e-01
      endloop
   endfacet
   facet normal -2.701948e-01 -1.129636e-01 9.561558e-01
      outer loop
         vertex 2.865581e-01 -2.854888e-02 1.146787e-01
         vertex 4.021809e-01 -4.118931e-18 1.507248e-01
         vertex 3.216864e-01 -5.785099e-18 1.279783e-01
      endloop
   endfacet
   facet normal -3.231758e-01 -4.274932e-02 9.453729e-01
      outer loop
         vertex 2.865581e-01 -2.854888e-02 1.146787e-01
         vertex 3.216864e-01 -5.785099e-18 1.279783e-01
         vertex 1.792030e-01 -2.023933e-02 7.835518e-02
      endloop
   endfacet
   facet normal -3.185287e-01 -7.450316e-02 9.449808e-01
      outer loop
         vertex 1.792030e-01 -2.023933e-02 7.835518e-02
         vertex 3.216864e-01 -5.785099e-18 1.279783e-01
         vertex 1.799137e-01 -7.074030e-18 8.019043e-02
      endloop
   endfacet
   facet normal -3.676156e-01 -7.117171e-02 9.272504e-01
      outer loop
         vertex 1.792030e-01 -2.023933e-02 7.835518e-02
         vertex 1.799137e-01 -7.074030e-18 8.019043e-02
         vertex 1.166556e-01 -6.285416e-18 5.511123e-02
      endloop
   endfacet
   facet normal -1.123430e-01 -9.682296e-01 2.234066e-01
      outer loop
         vertex 1.312585e+00 -3.125142e-01 5.250000e-02
         vertex 1.531422e+00 -3.360255e-01 6.064884e-02
         vertex 1.312528e+00 -3.065985e-01 7.810956e-02
      endloop
   endfacet
   facet normal -4.636196e-02 -7.418195e-01 6.689951e-01
      outer loop
         vertex 1.312528e+00 -3.065985e-01 7.810956e-02
         vertex 1.531422e+00 -3.360255e-01 6.064884e-02
         vertex 1.531063e+00 -3.186976e-01 7.983804e-02
      endloop
   endfacet
   facet normal -4.955655e-02 -8.120160e-01 5.815275e-01
      outer loop
         vertex 1.312528e+00 -3.065985e-01 7.810956e-02
         vertex 1.531063e+00 -3.186976e-01 7.983804e-02
         vertex 1.312409e+00 -2.893757e-01 1.021485e-01
      endloop
   endfacet
   facet normal 1.412653e-02 -5.366179e-01 8.437071e-01
      outer loop
         vertex 1.312409e+00 -2.893757e-01 1.021485e-01
         vertex 1.531063e+00 -3.186976e-01 7.983804e-02
         vertex 1.530671e+00 -2.900033e-01 9.809487e-02
      endloop
   endfacet
   facet normal 1.273006e-02 -6.232385e-01 7.819282e-01
      outer loop
         vertex 1.312409e+00 -2.893757e-01 1.021485e-01
         vertex 1.530671e+00 -2.900033e-01 9.809487e-02
         vertex 1.312307e+00 -2.616325e-01 1.242630e-01
      endloop
   endfacet
   facet normal 5.794461e-02 -3.983455e-01 9.154033e-01
      outer loop
         vertex 1.312307e+00 -2.616325e-01 1.242630e-01
         vertex 1.530671e+00 -2.900033e-01 9.809487e-02
         vertex 1.530414e+00 -2.500942e-01 1.154779e-01
      endloop
   endfacet
   facet normal 6.023767e-02 -4.669481e-01 8.822306e-01
      outer loop
         vertex 1.312307e+00 -2.616325e-01 1.242630e-01
         vertex 1.530414e+00 -2.500942e-01 1.154779e-01
         vertex 1.312303e+00 -2.241556e-01 1.440991e-01
      endloop
   endfacet
   facet normal 8.160791e-02 -3.453777e-01 9.349088e-01
      outer loop
         vertex 1.312303e+00 -2.241556e-01 1.440991e-01
         vertex 1.530414e+00 -2.500942e-01 1.154779e-01
         vertex 1.312446e+00 -1.778466e-01 1.611942e-01
      endloop
   endfacet
   facet normal 7.879117e-02 -3.454485e-01 9.351242e-01
      outer loop
         vertex 1.312303e+00 -2.241556e-01 1.440991e-01
         vertex 1.312446e+00 -1.778466e-01 1.611942e-01
         vertex 1.094508e+00 -1.546918e-01 1.881109e-01
      endloop
   endfacet
   facet normal 9.264318e-02 -2.487764e-01 9.641201e-01
      outer loop
         vertex 1.094508e+00 -1.546918e-01 1.881109e-01
         vertex 1.312446e+00 -1.778466e-01 1.611942e-01
         vertex 1.094676e+00 -1.073249e-01 2.003171e-01
      endloop
   endfacet
   facet normal 3.972681e-02 -2.494770e-01 9.675655e-01
      outer loop
         vertex 1.094508e+00 -1.546918e-01 1.881109e-01
         vertex 1.094676e+00 -1.073249e-01 2.003171e-01
         vertex 9.850500e-01 -1.455776e-01 1.949551e-01
      endloop
   endfacet
   facet normal 4.646051e-02 -2.680349e-01 9.622883e-01
      outer loop
         vertex 9.850500e-01 -1.455776e-01 1.949551e-01
         vertex 1.094676e+00 -1.073249e-01 2.003171e-01
         vertex 9.851479e-01 -1.009670e-01 2.073761e-01
      endloop
   endfacet
   facet normal -1.937187e-02 -2.681401e-01 9.631851e-01
      outer loop
         vertex 9.850500e-01 -1.455776e-01 1.949551e-01
         vertex 9.851479e-01 -1.009670e-01 2.073761e-01
         vertex 8.750000e-01 -1.397368e-01 1.943677e-01
      endloop
   endfacet
   facet normal -3.241896e-03 -3.098088e-01 9.507933e-01
      outer loop
         vertex 8.750000e-01 -1.397368e-01 1.943677e-01
         vertex 9.851479e-01 -1.009670e-01 2.073761e-01
         vertex 8.750000e-01 -9.727228e-02 2.082045e-01
      endloop
   endfacet
   facet normal -8.561382e-02 -3.086729e-01 9.473074e-01
      outer loop
         vertex 8.750000e-01 -1.397368e-01 1.943677e-01
         vertex 8.750000e-01 -9.727228e-02 2.082045e-01
         vertex 7.605882e-01 -1.343738e-01 1.857751e-01
      endloop
   endfacet
   facet normal -6.806650e-02 -3.539944e-01 9.327673e-01
      outer loop
         vertex 7.605882e-01 -1.343738e-01 1.857751e-01
         vertex 8.750000e-01 -9.727228e-02 2.082045e-01
         vertex 7.607607e-01 -9.396618e-02 2.011228e-01
      endloop
   endfacet
   facet normal -1.408616e-01 -3.510060e-01 9.257174e-01
      outer loop
         vertex 7.605882e-01 -1.343738e-01 1.857751e-01
         vertex 7.607607e-01 -9.396618e-02 2.011228e-01
         vertex 6.405371e-01 -1.257963e-01 1.707599e-01
      endloop
   endfacet
   facet normal -1.315284e-01 -3.775578e-01 9.165972e-01
      outer loop
         vertex 6.405371e-01 -1.257963e-01 1.707599e-01
         vertex 7.607607e-01 -9.396618e-02 2.011228e-01
         vertex 6.412967e-01 -8.811774e-02 1.863892e-01
      endloop
   endfacet
   facet normal -1.886184e-01 -3.730259e-01 9.084464e-01
      outer loop
         vertex 6.405371e-01 -1.257963e-01 1.707599e-01
         vertex 6.412967e-01 -8.811774e-02 1.863892e-01
         vertex 5.183859e-01 -1.138825e-01 1.502901e-01
      endloop
   endfacet
   facet normal -1.850080e-01 -3.845464e-01 9.043761e-01
      outer loop
         vertex 5.183859e-01 -1.138825e-01 1.502901e-01
         vertex 6.412967e-01 -8.811774e-02 1.863892e-01
         vertex 5.199154e-01 -7.973344e-02 1.651233e-01
      endloop
   endfacet
   facet normal -2.333842e-01 -3.785920e-01 8.956561e-01
      outer loop
         vertex 5.183859e-01 -1.138825e-01 1.502901e-01
         vertex 5.199154e-01 -7.973344e-02 1.651233e-01
         vertex 3.976739e-01 -9.851028e-02 1.253335e-01
      endloop
   endfacet
   facet normal -2.335627e-01 -3.779268e-01 8.958905e-01
      outer loop
         vertex 3.976739e-01 -9.851028e-02 1.253335e-01
         vertex 5.199154e-01 -7.973344e-02 1.651233e-01
         vertex 3.999238e-01 -6.881972e-02 1.384449e-01
      endloop
   endfacet
   facet normal -2.786590e-01 -3.702150e-01 8.861659e-01
      outer loop
         vertex 3.976739e-01 -9.851028e-02 1.253335e-01
         vertex 3.999238e-01 -6.881972e-02 1.384449e-01
         vertex 2.819400e-01 -7.955786e-02 9.685823e-02
      endloop
   endfacet
   facet normal -2.809352e-01 -3.594914e-01 8.898547e-01
      outer loop
         vertex 2.819400e-01 -7.955786e-02 9.685823e-02
         vertex 3.999238e-01 -6.881972e-02 1.384449e-01
         vertex 2.846293e-01 -5.538307e-02 1.074736e-01
      endloop
   endfacet
   facet normal -3.277971e-01 -3.490331e-01 8.779094e-01
      outer loop
         vertex 2.819400e-01 -7.955786e-02 9.685823e-02
         vertex 2.846293e-01 -5.538307e-02 1.074736e-01
         vertex 1.747237e-01 -5.690328e-02 6.583224e-02
      endloop
   endfacet
   facet normal -3.304709e-01 -3.299344e-01 8.842694e-01
      outer loop
         vertex 1.747237e-01 -5.690328e-02 6.583224e-02
         vertex 2.846293e-01 -5.538307e-02 1.074736e-01
         vertex 1.773390e-01 -3.942992e-02 7.332922e-02
      endloop
   endfacet
   facet normal -3.848847e-01 -3.146673e-01 8.676683e-01
      outer loop
         vertex 1.747237e-01 -5.690328e-02 6.583224e-02
         vertex 1.773390e-01 -3.942992e-02 7.332922e-02
         vertex 7.956394e-02 -3.042464e-02 3.322351e-02
      endloop
   endfacet
   facet normal -3.859791e-01 -2.887204e-01 8.761625e-01
      outer loop
         vertex 7.956394e-02 -3.042464e-02 3.322351e-02
         vertex 1.773390e-01 -3.942992e-02 7.332922e-02
         vertex 8.136015e-02 -2.096674e-02 3.713144e-02
      endloop
   endfacet
   facet normal -4.559874e-01 -2.645186e-01 8.497679e-01
      outer loop
         vertex 7.956394e-02 -3.042464e-02 3.322351e-02
         vertex 8.136015e-02 -2.096674e-02 3.713144e-02
         vertex 0.000000e+00 0.000000e+00 0.000000e+00
      endloop
   endfacet
   facet normal -1.456702e-01 -9.663844e-01 2.118521e-01
      outer loop
         vertex 1.750000e+00 -3.750000e-01 3.500000e-02
         vertex 1.750000e+00 -3.724147e-01 4.679293e-02
         vertex 1.640861e+00 -3.560939e-01 4.619751e-02
      endloop
   endfacet
   facet normal -1.297459e-01 -8.489353e-01 5.123230e-01
      outer loop
         vertex 1.640861e+00 -3.560939e-01 4.619751e-02
         vertex 1.750000e+00 -3.724147e-01 4.679293e-02
         vertex 1.750000e+00 -3.673756e-01 5.514287e-02
      endloop
   endfacet
   facet normal -1.281228e-01 -8.858058e-01 4.460186e-01
      outer loop
         vertex 1.640861e+00 -3.560939e-01 4.619751e-02
         vertex 1.750000e+00 -3.673756e-01 5.514287e-02
         vertex 1.640769e+00 -3.513258e-01 5.564088e-02
      endloop
   endfacet
   facet normal -1.030676e-01 -7.226556e-01 6.834807e-01
      outer loop
         vertex 1.640769e+00 -3.513258e-01 5.564088e-02
         vertex 1.750000e+00 -3.673756e-01 5.514287e-02
         vertex 1.750000e+00 -3.591859e-01 6.380202e-02
      endloop
   endfacet
   facet normal -1.031784e-01 -6.913365e-01 7.151280e-01
      outer loop
         vertex 1.640769e+00 -3.513258e-01 5.564088e-02
         vertex 1.750000e+00 -3.591859e-01 6.380202e-02
         vertex 1.640481e+00 -3.325294e-01 7.377034e-02
      endloop
   endfacet
   facet normal -7.128896e-02 -5.928584e-01 8.021451e-01
      outer loop
         vertex 1.640481e+00 -3.325294e-01 7.377034e-02
         vertex 1.750000e+00 -3.591859e-01 6.380202e-02
         vertex 1.750000e+00 -3.455111e-01 7.390892e-02
      endloop
   endfacet
   facet normal -5.034578e-02 -4.150392e-01 9.084095e-01
      outer loop
         vertex 1.640481e+00 -3.325294e-01 7.377034e-02
         vertex 1.750000e+00 -3.455111e-01 7.390892e-02
         vertex 1.750000e+00 -2.973890e-01 9.589522e-02
      endloop
   endfacet
   facet normal 2.333605e-02 -3.555460e-01 9.343674e-01
      outer loop
         vertex 1.639937e+00 -2.595502e-01 1.069540e-01
         vertex 1.530671e+00 -2.900033e-01 9.809487e-02
         vertex 1.640160e+00 -3.017800e-01 9.087909e-02
      endloop
   endfacet
   facet normal -2.138651e-03 -5.368285e-01 8.436887e-01
      outer loop
         vertex 1.640160e+00 -3.017800e-01 9.087909e-02
         vertex 1.530671e+00 -2.900033e-01 9.809487e-02
         vertex 1.531063e+00 -3.186976e-01 7.983804e-02
      endloop
   endfacet
   facet normal -1.301847e-02 -4.862638e-01 8.737151e-01
      outer loop
         vertex 1.640160e+00 -3.017800e-01 9.087909e-02
         vertex 1.531063e+00 -3.186976e-01 7.983804e-02
         vertex 1.640481e+00 -3.325294e-01 7.377034e-02
      endloop
   endfacet
   facet normal -5.666424e-02 -7.415210e-01 6.685326e-01
      outer loop
         vertex 1.640481e+00 -3.325294e-01 7.377034e-02
         vertex 1.531063e+00 -3.186976e-01 7.983804e-02
         vertex 1.531422e+00 -3.360255e-01 6.064884e-02
      endloop
   endfacet
   facet normal -6.413603e-02 -6.933025e-01 7.177871e-01
      outer loop
         vertex 1.640481e+00 -3.325294e-01 7.377034e-02
         vertex 1.531422e+00 -3.360255e-01 6.064884e-02
         vertex 1.640769e+00 -3.513258e-01 5.564088e-02
      endloop
   endfacet
   facet normal -1.093272e-01 -9.112785e-01 3.970127e-01
      outer loop
         vertex 1.640769e+00 -3.513258e-01 5.564088e-02
         vertex 1.531422e+00 -3.360255e-01 6.064884e-02
         vertex 1.531537e+00 -3.403795e-01 5.068632e-02
      endloop
   endfacet
   facet normal -1.092446e-01 -8.877471e-01 4.471809e-01
      outer loop
         vertex 1.640769e+00 -3.513258e-01 5.564088e-02
         vertex 1.531537e+00 -3.403795e-01 5.068632e-02
         vertex 1.640861e+00 -3.560939e-01 4.619751e-02
      endloop
   endfacet
   facet normal -1.352925e-01 -9.809813e-01 1.391820e-01
      outer loop
         vertex 1.640861e+00 -3.560939e-01 4.619751e-02
         vertex 1.531537e+00 -3.403795e-01 5.068632e-02
         vertex 1.531579e+00 -3.418351e-01 4.046875e-02
      endloop
   endfacet
   facet normal -1.383749e-01 -9.547396e-01 2.632959e-01
      outer loop
         vertex 1.640861e+00 -3.560939e-01 4.619751e-02
         vertex 1.531579e+00 -3.418351e-01 4.046875e-02
         vertex 1.750000e+00 -3.750000e-01 3.500000e-02
      endloop
   endfacet
   facet normal -3.359161e-01 -9.307564e-01 1.444051e-01
      outer loop
         vertex 1.632158e-01 -1.000315e-01 1.087168e-02
         vertex 2.710732e-01 -1.372083e-01 2.214844e-02
         vertex 2.717289e-01 -1.348747e-01 3.871520e-02
      endloop
   endfacet
   facet normal -2.781441e-01 -9.495673e-01 1.447681e-01
      outer loop
         vertex 2.717289e-01 -1.348747e-01 3.871520e-02
         vertex 2.710732e-01 -1.372083e-01 2.214844e-02
         vertex 3.190086e-01 -1.504514e-01 2.738243e-02
      endloop
   endfacet
   facet normal -2.654066e-01 -9.449223e-01 1.915236e-01
      outer loop
         vertex 2.717289e-01 -1.348747e-01 3.871520e-02
         vertex 3.190086e-01 -1.504514e-01 2.738243e-02
         vertex 3.894503e-01 -1.646375e-01 5.500825e-02
      endloop
   endfacet
   facet normal -2.145147e-01 -9.756377e-01 4.598415e-02
      outer loop
         vertex 3.894503e-01 -1.646375e-01 5.500825e-02
         vertex 3.190086e-01 -1.504514e-01 2.738243e-02
         vertex 5.128772e-01 -1.921128e-01 4.785156e-02
      endloop
   endfacet
   facet normal -2.082997e-01 -9.694601e-01 1.294542e-01
      outer loop
         vertex 3.894503e-01 -1.646375e-01 5.500825e-02
         vertex 5.128772e-01 -1.921128e-01 4.785156e-02
         vertex 5.131779e-01 -1.891280e-01 7.068866e-02
      endloop
   endfacet
   facet normal -1.841886e-01 -9.742869e-01 1.297675e-01
      outer loop
         vertex 5.131779e-01 -1.891280e-01 7.068866e-02
         vertex 5.128772e-01 -1.921128e-01 4.785156e-02
         vertex 5.498344e-01 -1.986277e-01 5.139463e-02
      endloop
   endfacet
   facet normal -1.761366e-01 -9.736636e-01 1.447585e-01
      outer loop
         vertex 5.131779e-01 -1.891280e-01 7.068866e-02
         vertex 5.498344e-01 -1.986277e-01 5.139463e-02
         vertex 6.383719e-01 -2.097412e-01 8.437245e-02
      endloop
   endfacet
   facet normal -1.630160e-01 -9.807898e-01 1.071312e-01
      outer loop
         vertex 6.383719e-01 -2.097412e-01 8.437245e-02
         vertex 5.498344e-01 -1.986277e-01 5.139463e-02
         vertex 7.605179e-01 -2.319414e-01 6.699219e-02
      endloop
   endfacet
   facet normal -1.571740e-01 -9.770943e-01 1.434677e-01
      outer loop
         vertex 6.383719e-01 -2.097412e-01 8.437245e-02
         vertex 7.605179e-01 -2.319414e-01 6.699219e-02
         vertex 7.604926e-01 -2.278726e-01 9.467566e-02
      endloop
   endfacet
   facet normal -1.524942e-01 -9.778194e-01 1.435786e-01
      outer loop
         vertex 7.604926e-01 -2.278726e-01 9.467566e-02
         vertex 7.605179e-01 -2.319414e-01 6.699219e-02
         vertex 8.750000e-01 -2.449171e-01 1.002143e-01
      endloop
   endfacet
   facet normal -1.526134e-01 -8.776034e-01 4.544463e-01
      outer loop
         vertex 7.604926e-01 -2.278726e-01 9.467566e-02
         vertex 8.750000e-01 -2.449171e-01 1.002143e-01
         vertex 8.750000e-01 -2.303408e-01 1.283634e-01
      endloop
   endfacet
   facet normal -1.190796e-01 -8.816871e-01 4.565610e-01
      outer loop
         vertex 8.750000e-01 -2.303408e-01 1.283634e-01
         vertex 8.750000e-01 -2.449171e-01 1.002143e-01
         vertex 9.844391e-01 -2.445910e-01 1.293878e-01
      endloop
   endfacet
   facet normal -9.844047e-02 -7.055546e-01 7.017850e-01
      outer loop
         vertex 8.750000e-01 -2.303408e-01 1.283634e-01
         vertex 9.844391e-01 -2.445910e-01 1.293878e-01
         vertex 9.846714e-01 -2.186354e-01 1.555154e-01
      endloop
   endfacet
   facet normal -4.770037e-02 -7.084185e-01 7.041789e-01
      outer loop
         vertex 9.846714e-01 -2.186354e-01 1.555154e-01
         vertex 9.844391e-01 -2.445910e-01 1.293878e-01
         vertex 1.094041e+00 -2.319952e-01 1.494838e-01
      endloop
   endfacet
   facet normal -1.660636e-02 -5.211858e-01 8.532817e-01
      outer loop
         vertex 9.846714e-01 -2.186354e-01 1.555154e-01
         vertex 1.094041e+00 -2.319952e-01 1.494838e-01
         vertex 1.094291e+00 -1.966030e-01 1.711062e-01
      endloop
   endfacet
   facet normal 1.550601e-03 -1.911431e-01 9.815609e-01
      outer loop
         vertex 1.750000e+00 -2.651131e-01 1.056968e-01
         vertex 1.750000e+00 -1.713020e-01 1.239650e-01
         vertex 1.639937e+00 -2.595502e-01 1.069540e-01
      endloop
   endfacet
   facet normal 6.647929e-02 -2.681732e-01 9.610742e-01
      outer loop
         vertex 1.639937e+00 -2.595502e-01 1.069540e-01
         vertex 1.750000e+00 -1.713020e-01 1.239650e-01
         vertex 1.639903e+00 -2.065429e-01 1.217472e-01
      endloop
   endfacet
   facet normal 5.168934e-02 -2.684172e-01 9.619150e-01
      outer loop
         vertex 1.639937e+00 -2.595502e-01 1.069540e-01
         vertex 1.639903e+00 -2.065429e-01 1.217472e-01
         vertex 1.530414e+00 -2.500942e-01 1.154779e-01
      endloop
   endfacet
   facet normal 6.693093e-02 -3.050185e-01 9.499916e-01
      outer loop
         vertex 1.530414e+00 -2.500942e-01 1.154779e-01
         vertex 1.639903e+00 -2.065429e-01 1.217472e-01
         vertex 1.530412e+00 -1.994135e-01 1.317504e-01
      endloop
   endfacet
   facet normal 9.789742e-02 -3.042342e-01 9.475535e-01
      outer loop
         vertex 1.530414e+00 -2.500942e-01 1.154779e-01
         vertex 1.530412e+00 -1.994135e-01 1.317504e-01
         vertex 1.312446e+00 -1.778466e-01 1.611942e-01
      endloop
   endfacet
   facet normal 1.063651e-01 -2.417725e-01 9.644856e-01
      outer loop
         vertex 1.312446e+00 -1.778466e-01 1.611942e-01
         vertex 1.530412e+00 -1.994135e-01 1.317504e-01
         vertex 1.312669e+00 -1.240668e-01 1.746509e-01
      endloop
   endfacet
   facet normal 9.510222e-02 -2.420055e-01 9.656029e-01
      outer loop
         vertex 1.312446e+00 -1.778466e-01 1.611942e-01
         vertex 1.312669e+00 -1.240668e-01 1.746509e-01
         vertex 1.094676e+00 -1.073249e-01 2.003171e-01
      endloop
   endfacet
   facet normal 1.051777e-01 -1.398847e-01 9.845658e-01
      outer loop
         vertex 1.094676e+00 -1.073249e-01 2.003171e-01
         vertex 1.312669e+00 -1.240668e-01 1.746509e-01
         vertex 1.094784e+00 -5.544630e-02 2.076763e-01
      endloop
   endfacet
   facet normal 5.556478e-02 -1.403455e-01 9.885422e-01
      outer loop
         vertex 1.094676e+00 -1.073249e-01 2.003171e-01
         vertex 1.094784e+00 -5.544630e-02 2.076763e-01
         vertex 9.851479e-01 -1.009670e-01 2.073761e-01
      endloop
   endfacet
   facet normal 6.004038e-02 -1.511127e-01 9.866915e-01
      outer loop
         vertex 9.851479e-01 -1.009670e-01 2.073761e-01
         vertex 1.094784e+00 -5.544630e-02 2.076763e-01
         vertex 9.851975e-01 -5.215523e-02 2.148487e-01
      endloop
   endfacet
   facet normal 2.357473e-03 -1.513280e-01 9.884808e-01
      outer loop
         vertex 9.851479e-01 -1.009670e-01 2.073761e-01
         vertex 9.851975e-01 -5.215523e-02 2.148487e-01
         vertex 8.750000e-01 -9.727228e-02 2.082045e-01
      endloop
   endfacet
   facet normal 1.575581e-02 -1.832375e-01 9.829424e-01
      outer loop
         vertex 8.750000e-01 -9.727228e-02 2.082045e-01
         vertex 9.851975e-01 -5.215523e-02 2.148487e-01
         vertex 8.750000e-01 -5.035718e-02 2.169503e-01
      endloop
   endfacet
   facet normal -6.609845e-02 -1.828595e-01 9.809146e-01
      outer loop
         vertex 8.750000e-01 -9.727228e-02 2.082045e-01
         vertex 8.750000e-01 -5.035718e-02 2.169503e-01
         vertex 7.607607e-01 -9.396618e-02 2.011228e-01
      endloop
   endfacet
   facet normal -5.123606e-02 -2.193895e-01 9.742911e-01
      outer loop
         vertex 7.607607e-01 -9.396618e-02 2.011228e-01
         vertex 8.750000e-01 -5.035718e-02 2.169503e-01
         vertex 7.609117e-01 -4.876398e-02 2.113093e-01
      endloop
   endfacet
   facet normal -1.299560e-01 -2.175637e-01 9.673559e-01
      outer loop
         vertex 7.607607e-01 -9.396618e-02 2.011228e-01
         vertex 7.609117e-01 -4.876398e-02 2.113093e-01
         vertex 6.412967e-01 -8.811774e-02 1.863892e-01
      endloop
   endfacet
   facet normal -1.219305e-01 -2.393542e-01 9.632458e-01
      outer loop
         vertex 6.412967e-01 -8.811774e-02 1.863892e-01
         vertex 7.609117e-01 -4.876398e-02 2.113093e-01
         vertex 6.418766e-01 -4.574559e-02 1.969915e-01
      endloop
   endfacet
   facet normal -1.834953e-01 -2.362505e-01 9.542092e-01
      outer loop
         vertex 6.412967e-01 -8.811774e-02 1.863892e-01
         vertex 6.418766e-01 -4.574559e-02 1.969915e-01
         vertex 5.199154e-01 -7.973344e-02 1.651233e-01
      endloop
   endfacet
   facet normal -1.801834e-01 -2.463340e-01 9.522885e-01
      outer loop
         vertex 5.199154e-01 -7.973344e-02 1.651233e-01
         vertex 6.418766e-01 -4.574559e-02 1.969915e-01
         vertex 5.210416e-01 -4.134297e-02 1.752671e-01
      endloop
   endfacet
   facet normal -2.315129e-01 -2.421650e-01 9.422090e-01
      outer loop
         vertex 5.199154e-01 -7.973344e-02 1.651233e-01
         vertex 5.210416e-01 -4.134297e-02 1.752671e-01
         vertex 3.999238e-01 -6.881972e-02 1.384449e-01
      endloop
   endfacet
   facet normal -2.313415e-01 -2.427686e-01 9.420958e-01
      outer loop
         vertex 3.999238e-01 -6.881972e-02 1.384449e-01
         vertex 5.210416e-01 -4.134297e-02 1.752671e-01
         vertex 4.015531e-01 -3.559707e-02 1.474061e-01
      endloop
   endfacet
   facet normal -2.777258e-01 -2.374603e-01 9.308496e-01
      outer loop
         vertex 3.999238e-01 -6.881972e-02 1.384449e-01
         vertex 4.015531e-01 -3.559707e-02 1.474061e-01
         vertex 2.846293e-01 -5.538307e-02 1.074736e-01
      endloop
   endfacet
   facet normal -2.794029e-01 -2.302103e-01 9.321680e-01
      outer loop
         vertex 2.846293e-01 -5.538307e-02 1.074736e-01
         vertex 4.015531e-01 -3.559707e-02 1.474061e-01
         vertex 2.865581e-01 -2.854888e-02 1.146787e-01
      endloop
   endfacet
   facet normal -3.255923e-01 -2.232917e-01 9.187657e-01
      outer loop
         vertex 2.846293e-01 -5.538307e-02 1.074736e-01
         vertex 2.865581e-01 -2.854888e-02 1.146787e-01
         vertex 1.773390e-01 -3.942992e-02 7.332922e-02
      endloop
   endfacet
   facet normal -3.279004e-01 -2.094122e-01 9.212100e-01
      outer loop
         vertex 1.773390e-01 -3.942992e-02 7.332922e-02
         vertex 2.865581e-01 -2.854888e-02 1.146787e-01
         vertex 1.792030e-01 -2.023933e-02 7.835518e-02
      endloop
   endfacet
   facet normal -3.791809e-01 -1.997919e-01 9.034960e-01
      outer loop
         vertex 1.773390e-01 -3.942992e-02 7.332922e-02
         vertex 1.792030e-01 -2.023933e-02 7.835518e-02
         vertex 8.136015e-02 -2.096674e-02 3.713144e-02
      endloop
   endfacet
   facet normal -3.807708e-01 -1.802775e-01 9.069254e-01
      outer loop
         vertex 8.136015e-02 -2.096674e-02 3.713144e-02
         vertex 1.792030e-01 -2.023933e-02 7.835518e-02
         vertex 8.263478e-02 -1.070938e-02 3.970554e-02
      endloop
   endfacet
   facet normal -4.444701e-01 -1.656896e-01 8.803370e-01
      outer loop
         vertex 8.136015e-02 -2.096674e-02 3.713144e-02
         vertex 8.263478e-02 -1.070938e-02 3.970554e-02
         vertex 0.000000e+00 0.000000e+00 0.000000e+00
      endloop
   endfacet
   facet normal -1.166824e-01 -9.740815e-01 1.937791e-01
      outer loop
         vertex 1.083506e+00 -2.817774e-01 6.497589e-02
         vertex 1.312528e+00 -3.065985e-01 7.810956e-02
         vertex 1.093620e+00 -2.769455e-01 9.535479e-02
      endloop
   endfacet
   facet normal -6.413804e-02 -8.113752e-01 5.809962e-01
      outer loop
         vertex 1.093620e+00 -2.769455e-01 9.535479e-02
         vertex 1.312528e+00 -3.065985e-01 7.810956e-02
         vertex 1.312409e+00 -2.893757e-01 1.021485e-01
      endloop
   endfacet
   facet normal -6.452247e-02 -8.494653e-01 5.236846e-01
      outer loop
         vertex 1.093620e+00 -2.769455e-01 9.535479e-02
         vertex 1.312409e+00 -2.893757e-01 1.021485e-01
         vertex 1.093800e+00 -2.593289e-01 1.239528e-01
      endloop
   endfacet
   facet normal -7.681309e-03 -6.233163e-01 7.819321e-01
      outer loop
         vertex 1.093800e+00 -2.593289e-01 1.239528e-01
         vertex 1.312409e+00 -2.893757e-01 1.021485e-01
         vertex 1.312307e+00 -2.616325e-01 1.242630e-01
      endloop
   endfacet
   facet normal -8.233055e-03 -6.825349e-01 7.308066e-01
      outer loop
         vertex 1.093800e+00 -2.593289e-01 1.239528e-01
         vertex 1.312307e+00 -2.616325e-01 1.242630e-01
         vertex 1.094041e+00 -2.319952e-01 1.494838e-01
      endloop
   endfacet
   facet normal 3.857845e-02 -4.674513e-01 8.831767e-01
      outer loop
         vertex 1.094041e+00 -2.319952e-01 1.494838e-01
         vertex 1.312307e+00 -2.616325e-01 1.242630e-01
         vertex 1.312303e+00 -2.241556e-01 1.440991e-01
      endloop
   endfacet
   facet normal 3.975105e-02 -5.211358e-01 8.525476e-01
      outer loop
         vertex 1.094041e+00 -2.319952e-01 1.494838e-01
         vertex 1.312303e+00 -2.241556e-01 1.440991e-01
         vertex 1.094291e+00 -1.966030e-01 1.711062e-01
      endloop
   endfacet
   facet normal 6.707153e-02 -3.754160e-01 9.244264e-01
      outer loop
         vertex 1.094291e+00 -1.966030e-01 1.711062e-01
         vertex 1.312303e+00 -2.241556e-01 1.440991e-01
         vertex 1.094508e+00 -1.546918e-01 1.881109e-01
      endloop
   endfacet
   facet normal 1.566933e-02 -3.759877e-01 9.264922e-01
      outer loop
         vertex 1.094291e+00 -1.966030e-01 1.711062e-01
         vertex 1.094508e+00 -1.546918e-01 1.881109e-01
         vertex 9.848912e-01 -1.851294e-01 1.776126e-01
      endloop
   endfacet
   facet normal 2.381215e-02 -4.015336e-01 9.155347e-01
      outer loop
         vertex 9.848912e-01 -1.851294e-01 1.776126e-01
         vertex 1.094508e+00 -1.546918e-01 1.881109e-01
         vertex 9.850500e-01 -1.455776e-01 1.949551e-01
      endloop
   endfacet
   facet normal -4.366016e-02 -4.010373e-01 9.150207e-01
      outer loop
         vertex 9.848912e-01 -1.851294e-01 1.776126e-01
         vertex 9.850500e-01 -1.455776e-01 1.949551e-01
         vertex 8.750000e-01 -1.767420e-01 1.760452e-01
      endloop
   endfacet
   facet normal -2.832168e-02 -4.435425e-01 8.958057e-01
      outer loop
         vertex 8.750000e-01 -1.767420e-01 1.760452e-01
         vertex 9.850500e-01 -1.455776e-01 1.949551e-01
         vertex 8.750000e-01 -1.397368e-01 1.943677e-01
      endloop
   endfacet
   facet normal -1.042743e-01 -4.413016e-01 8.912799e-01
      outer loop
         vertex 8.750000e-01 -1.767420e-01 1.760452e-01
         vertex 8.750000e-01 -1.397368e-01 1.943677e-01
         vertex 7.604590e-01 -1.687540e-01 1.665998e-01
      endloop
   endfacet
   facet normal -8.807792e-02 -4.849576e-01 8.700910e-01
      outer loop
         vertex 7.604590e-01 -1.687540e-01 1.665998e-01
         vertex 8.750000e-01 -1.397368e-01 1.943677e-01
         vertex 7.605882e-01 -1.343738e-01 1.857751e-01
      endloop
   endfacet
   facet normal -1.510933e-01 -4.810778e-01 8.635595e-01
      outer loop
         vertex 7.604590e-01 -1.687540e-01 1.665998e-01
         vertex 7.605882e-01 -1.343738e-01 1.857751e-01
         vertex 6.397671e-01 -1.574612e-01 1.517739e-01
      endloop
   endfacet
   facet normal -1.425483e-01 -5.064356e-01 8.504134e-01
      outer loop
         vertex 6.397671e-01 -1.574612e-01 1.517739e-01
         vertex 7.605882e-01 -1.343738e-01 1.857751e-01
         vertex 6.405371e-01 -1.257963e-01 1.707599e-01
      endloop
   endfacet
   facet normal -1.933287e-01 -5.010751e-01 8.435329e-01
      outer loop
         vertex 6.397671e-01 -1.574612e-01 1.517739e-01
         vertex 6.405371e-01 -1.257963e-01 1.707599e-01
         vertex 5.167376e-01 -1.425011e-01 1.324634e-01
      endloop
   endfacet
   facet normal -1.903113e-01 -5.111346e-01 8.381665e-01
      outer loop
         vertex 5.167376e-01 -1.425011e-01 1.324634e-01
         vertex 6.405371e-01 -1.257963e-01 1.707599e-01
         vertex 5.183859e-01 -1.138825e-01 1.502901e-01
      endloop
   endfacet
   facet normal -2.352980e-01 -5.040734e-01 8.309903e-01
      outer loop
         vertex 5.167376e-01 -1.425011e-01 1.324634e-01
         vertex 5.183859e-01 -1.138825e-01 1.502901e-01
         vertex 3.951842e-01 -1.235111e-01 1.095644e-01
      endloop
   endfacet
   facet normal -2.359502e-01 -5.015076e-01 8.323567e-01
      outer loop
         vertex 3.951842e-01 -1.235111e-01 1.095644e-01
         vertex 5.183859e-01 -1.138825e-01 1.502901e-01
         vertex 3.976739e-01 -9.851028e-02 1.253335e-01
      endloop
   endfacet
   facet normal -2.803707e-01 -4.919621e-01 8.242363e-01
      outer loop
         vertex 3.951842e-01 -1.235111e-01 1.095644e-01
         vertex 3.976739e-01 -9.851028e-02 1.253335e-01
         vertex 2.789202e-01 -1.001285e-01 8.397257e-02
      endloop
   endfacet
   facet normal -2.828957e-01 -4.790029e-01 8.309791e-01
      outer loop
         vertex 2.789202e-01 -1.001285e-01 8.397257e-02
         vertex 3.976739e-01 -9.851028e-02 1.253335e-01
         vertex 2.819400e-01 -7.955786e-02 9.685823e-02
      endloop
   endfacet
   facet normal -3.318994e-01 -4.652927e-01 8.205763e-01
      outer loop
         vertex 2.789202e-01 -1.001285e-01 8.397257e-02
         vertex 2.819400e-01 -7.955786e-02 9.685823e-02
         vertex 1.717592e-01 -7.199092e-02 5.658396e-02
      endloop
   endfacet
   facet normal -3.343700e-01 -4.438980e-01 8.313551e-01
      outer loop
         vertex 1.717592e-01 -7.199092e-02 5.658396e-02
         vertex 2.819400e-01 -7.955786e-02 9.685823e-02
         vertex 1.747237e-01 -5.690328e-02 6.583224e-02
      endloop
   endfacet
   facet normal -3.941318e-01 -4.227698e-01 8.160428e-01
      outer loop
         vertex 1.717592e-01 -7.199092e-02 5.658396e-02
         vertex 1.747237e-01 -5.690328e-02 6.583224e-02
         vertex 7.751465e-02 -3.873561e-02 2.829447e-02
      endloop
   endfacet
   facet normal -3.942483e-01 -3.949324e-01 8.298172e-01
      outer loop
         vertex 7.751465e-02 -3.873561e-02 2.829447e-02
         vertex 1.747237e-01 -5.690328e-02 6.583224e-02
         vertex 7.956394e-02 -3.042464e-02 3.322351e-02
      endloop
   endfacet
   facet normal -4.494299e-01 -3.711056e-01 8.125844e-01
      outer loop
         vertex 7.751465e-02 -3.873561e-02 2.829447e-02
         vertex 7.956394e-02 -3.042464e-02 3.322351e-02
         vertex 3.642774e-02 -2.007550e-02 1.409186e-02
      endloop
   endfacet
   facet normal -4.322374e-01 -1.615696e-01 8.871675e-01
      outer loop
         vertex 3.642774e-02 -2.007550e-02 1.409186e-02
         vertex 7.956394e-02 -3.042464e-02 3.322351e-02
         vertex 0.000000e+00 0.000000e+00 0.000000e+00
      endloop
   endfacet
   facet normal -6.431095e-01 -7.450129e-01 -1.771042e-01
      outer loop
         vertex 3.322017e-02 -2.886317e-02 7.861328e-04
         vertex 0.000000e+00 0.000000e+00 0.000000e+00
         vertex 3.349505e-02 -2.824501e-02 -2.812377e-03
      endloop
   endfacet
   facet normal -1.409192e-01 -9.646888e-01 -2.225247e-01
      outer loop
         vertex 1.500527e+00 -3.375298e-01 4.192850e-02
         vertex 1.312585e+00 -3.125142e-01 5.250000e-02
         vertex 1.312528e+00 -3.065985e-01 2.689044e-02
      endloop
   endfacet
   facet normal -1.415439e-01 -9.646023e-01 -2.225033e-01
      outer loop
         vertex 1.312528e+00 -3.065985e-01 2.689044e-02
         vertex 1.312585e+00 -3.125142e-01 5.250000e-02
         vertex 1.083506e+00 -2.817774e-01 6.497589e-02
      endloop
   endfacet
   facet normal -4.068811e-03 -5.440941e-02 -9.985104e-01
      outer loop
         vertex 1.094822e+00 -1.707618e-18 -8.107768e-02
         vertex 1.261422e+00 -6.944198e-19 -8.175655e-02
         vertex 1.312874e+00 -6.429247e-02 -7.846288e-02
      endloop
   endfacet
   facet normal 6.700550e-03 -7.561489e-02 -9.971146e-01
      outer loop
         vertex 6.418766e-01 -4.574559e-02 -7.886655e-02
         vertex 7.009851e-01 9.528010e-19 -8.193840e-02
         vertex 8.750000e-01 -5.035718e-02 -7.695026e-02
      endloop
   endfacet
   facet normal 2.176380e-03 -9.112215e-02 -9.958373e-01
      outer loop
         vertex 8.750000e-01 -5.035718e-02 -7.695026e-02
         vertex 7.009851e-01 9.528010e-19 -8.193840e-02
         vertex 1.094822e+00 -1.707618e-18 -8.107768e-02
      endloop
   endfacet
   facet normal -4.258524e-01 -1.061684e-01 -8.985422e-01
      outer loop
         vertex 3.864604e-02 -1.079591e-02 -1.704018e-02
         vertex 0.000000e+00 0.000000e+00 0.000000e+00
         vertex 3.965736e-02 -2.223461e-18 -1.879509e-02
      endloop
   endfacet
   facet normal -1.685034e-01 -4.908542e-01 -8.547917e-01
      outer loop
         vertex 1.717592e-01 -7.199092e-02 -3.470896e-02
         vertex 1.747237e-01 -5.690328e-02 -4.395724e-02
         vertex 2.789202e-01 -1.001285e-01 -3.967569e-02
      endloop
   endfacet
   facet normal -1.744119e-01 -5.042052e-01 -8.457881e-01
      outer loop
         vertex 2.789202e-01 -1.001285e-01 -3.967569e-02
         vertex 1.747237e-01 -5.690328e-02 -4.395724e-02
         vertex 2.819400e-01 -7.955786e-02 -5.256136e-02
      endloop
   endfacet
   facet normal -1.031836e-01 -5.171010e-01 -8.496821e-01
      outer loop
         vertex 2.789202e-01 -1.001285e-01 -3.967569e-02
         vertex 2.819400e-01 -7.955786e-02 -5.256136e-02
         vertex 3.951842e-01 -1.235111e-01 -3.956436e-02
      endloop
   endfacet
   facet normal -1.058920e-01 -5.229242e-01 -8.457761e-01
      outer loop
         vertex 3.951842e-01 -1.235111e-01 -3.956436e-02
         vertex 2.819400e-01 -7.955786e-02 -5.256136e-02
         vertex 3.976739e-01 -9.851028e-02 -5.533350e-02
      endloop
   endfacet
   facet normal -6.294111e-02 -5.279396e-01 -8.469464e-01
      outer loop
         vertex 3.951842e-01 -1.235111e-01 -3.956436e-02
         vertex 3.976739e-01 -9.851028e-02 -5.533350e-02
         vertex 5.167376e-01 -1.425011e-01 -3.676032e-02
      endloop
   endfacet
   facet normal -3.364269e-01 -1.203081e-01 -9.339930e-01
      outer loop
         vertex 3.965736e-02 -2.223461e-18 -1.879509e-02
         vertex 8.136015e-02 -2.096674e-02 -3.111582e-02
         vertex 3.864604e-02 -1.079591e-02 -1.704018e-02
      endloop
   endfacet
   facet normal -3.672396e-01 -3.492531e-01 -8.620657e-01
      outer loop
         vertex 3.864604e-02 -1.079591e-02 -1.704018e-02
         vertex 8.136015e-02 -2.096674e-02 -3.111582e-02
         vertex 7.751465e-02 -3.873561e-02 -2.227884e-02
      endloop
   endfacet
   facet normal -3.599340e-01 -3.376518e-01 -8.697349e-01
      outer loop
         vertex 3.864604e-02 -1.079591e-02 -1.704018e-02
         vertex 7.751465e-02 -3.873561e-02 -2.227884e-02
         vertex 3.642774e-02 -2.007550e-02 -1.251960e-02
      endloop
   endfacet
   facet normal -4.538103e-01 -3.002361e-01 -8.389961e-01
      outer loop
         vertex 3.642774e-02 -2.007550e-02 -1.251960e-02
         vertex 0.000000e+00 0.000000e+00 0.000000e+00
         vertex 3.864604e-02 -1.079591e-02 -1.704018e-02
      endloop
   endfacet
   facet normal -8.799353e-02 -3.968106e-01 -9.136731e-01
      outer loop
         vertex 3.999238e-01 -6.881972e-02 -6.844487e-02
         vertex 3.976739e-01 -9.851028e-02 -5.533350e-02
         vertex 2.846293e-01 -5.538307e-02 -6.317672e-02
      endloop
   endfacet
   facet normal -8.620925e-02 -3.925026e-01 -9.157017e-01
      outer loop
         vertex 2.846293e-01 -5.538307e-02 -6.317672e-02
         vertex 3.976739e-01 -9.851028e-02 -5.533350e-02
         vertex 2.819400e-01 -7.955786e-02 -5.256136e-02
      endloop
   endfacet
   facet normal -1.563668e-01 -3.824749e-01 -9.106385e-01
      outer loop
         vertex 2.846293e-01 -5.538307e-02 -6.317672e-02
         vertex 2.819400e-01 -7.955786e-02 -5.256136e-02
         vertex 1.773390e-01 -3.942992e-02 -5.145422e-02
      endloop
   endfacet
   facet normal -1.518124e-01 -3.704450e-01 -9.163643e-01
      outer loop
         vertex 1.773390e-01 -3.942992e-02 -5.145422e-02
         vertex 2.819400e-01 -7.955786e-02 -5.256136e-02
         vertex 1.747237e-01 -5.690328e-02 -4.395724e-02
      endloop
   endfacet
   facet normal -4.094953e-02 -4.433483e-01 -8.954135e-01
      outer loop
         vertex 8.750000e-01 -1.397368e-01 -5.436773e-02
         vertex 8.750000e-01 -1.767420e-01 -3.604522e-02
         vertex 7.605882e-01 -1.343738e-01 -5.179077e-02
      endloop
   endfacet
   facet normal -6.000442e-02 -4.860535e-01 -8.718667e-01
      outer loop
         vertex 7.605882e-01 -1.343738e-01 -5.179077e-02
         vertex 8.750000e-01 -1.767420e-01 -3.604522e-02
         vertex 7.604590e-01 -1.687540e-01 -3.261541e-02
      endloop
   endfacet
   facet normal -2.864377e-02 -4.868212e-01 -8.730318e-01
      outer loop
         vertex 7.605882e-01 -1.343738e-01 -5.179077e-02
         vertex 7.604590e-01 -1.687540e-01 -3.261541e-02
         vertex 6.405371e-01 -1.257963e-01 -5.263493e-02
      endloop
   endfacet
   facet normal -4.066632e-02 -5.130863e-01 -8.573731e-01
      outer loop
         vertex 6.405371e-01 -1.257963e-01 -5.263493e-02
         vertex 7.604590e-01 -1.687540e-01 -3.261541e-02
         vertex 6.397671e-01 -1.574612e-01 -3.364889e-02
      endloop
   endfacet
   facet normal -6.162670e-02 -5.251534e-01 -8.487733e-01
      outer loop
         vertex 5.167376e-01 -1.425011e-01 -3.676032e-02
         vertex 3.976739e-01 -9.851028e-02 -5.533350e-02
         vertex 5.183859e-01 -1.138825e-01 -5.458693e-02
      endloop
   endfacet
   facet normal -4.536413e-02 -4.006706e-01 -9.150985e-01
      outer loop
         vertex 5.183859e-01 -1.138825e-01 -5.458693e-02
         vertex 3.976739e-01 -9.851028e-02 -5.533350e-02
         vertex 3.999238e-01 -6.881972e-02 -6.844487e-02
      endloop
   endfacet
   facet normal -2.813785e-02 -3.606665e-01 -9.322703e-01
      outer loop
         vertex 5.183859e-01 -1.138825e-01 -5.458693e-02
         vertex 3.999238e-01 -6.881972e-02 -6.844487e-02
         vertex 6.412967e-01 -8.811774e-02 -6.826420e-02
      endloop
   endfacet
   facet normal -1.865838e-02 -2.424536e-01 -9.699836e-01
      outer loop
         vertex 6.412967e-01 -8.811774e-02 -6.826420e-02
         vertex 3.999238e-01 -6.881972e-02 -6.844487e-02
         vertex 6.418766e-01 -4.574559e-02 -7.886655e-02
      endloop
   endfacet
   facet normal -2.739953e-03 -2.427000e-01 -9.700975e-01
      outer loop
         vertex 6.412967e-01 -8.811774e-02 -6.826420e-02
         vertex 6.418766e-01 -4.574559e-02 -7.886655e-02
         vertex 7.607607e-01 -9.396618e-02 -6.713845e-02
      endloop
   endfacet
   facet normal 3.488983e-03 -2.281970e-01 -9.736087e-01
      outer loop
         vertex 7.607607e-01 -9.396618e-02 -6.713845e-02
         vertex 6.418766e-01 -4.574559e-02 -7.886655e-02
         vertex 8.750000e-01 -5.035718e-02 -7.695026e-02
      endloop
   endfacet
   facet normal -1.447540e-02 -1.832414e-01 -9.829614e-01
      outer loop
         vertex 7.607607e-01 -9.396618e-02 -6.713845e-02
         vertex 8.750000e-01 -5.035718e-02 -7.695026e-02
         vertex 8.750000e-01 -9.727228e-02 -6.820446e-02
      endloop
   endfacet
   facet normal -1.783536e-02 -3.097611e-01 -9.506471e-01
      outer loop
         vertex 8.750000e-01 -9.727228e-02 -6.820446e-02
         vertex 8.750000e-01 -1.397368e-01 -5.436773e-02
         vertex 7.607607e-01 -9.396618e-02 -6.713845e-02
      endloop
   endfacet
   facet normal -3.766750e-02 -3.546794e-01 -9.342289e-01
      outer loop
         vertex 7.607607e-01 -9.396618e-02 -6.713845e-02
         vertex 8.750000e-01 -1.397368e-01 -5.436773e-02
         vertex 7.605882e-01 -1.343738e-01 -5.179077e-02
      endloop
   endfacet
   facet normal -8.571451e-03 -3.550269e-01 -9.348168e-01
      outer loop
         vertex 7.607607e-01 -9.396618e-02 -6.713845e-02
         vertex 7.605882e-01 -1.343738e-01 -5.179077e-02
         vertex 6.412967e-01 -8.811774e-02 -6.826420e-02
      endloop
   endfacet
   facet normal -2.084921e-02 -3.827079e-01 -9.236341e-01
      outer loop
         vertex 6.412967e-01 -8.811774e-02 -6.826420e-02
         vertex 7.605882e-01 -1.343738e-01 -5.179077e-02
         vertex 6.405371e-01 -1.257963e-01 -5.263493e-02
      endloop
   endfacet
   facet normal -2.256318e-02 -3.826642e-01 -9.236120e-01
      outer loop
         vertex 6.412967e-01 -8.811774e-02 -6.826420e-02
         vertex 6.405371e-01 -1.257963e-01 -5.263493e-02
         vertex 5.183859e-01 -1.138825e-01 -5.458693e-02
      endloop
   endfacet
   facet normal -3.635656e-02 -5.132489e-01 -8.574694e-01
      outer loop
         vertex 5.183859e-01 -1.138825e-01 -5.458693e-02
         vertex 6.405371e-01 -1.257963e-01 -5.263493e-02
         vertex 6.397671e-01 -1.574612e-01 -3.364889e-02
      endloop
   endfacet
   facet normal -4.254335e-02 -5.264728e-01 -8.491269e-01
      outer loop
         vertex 5.183859e-01 -1.138825e-01 -5.458693e-02
         vertex 6.397671e-01 -1.574612e-01 -3.364889e-02
         vertex 5.167376e-01 -1.425011e-01 -3.676032e-02
      endloop
   endfacet
   facet normal -3.287837e-01 -1.022495e-01 -9.388537e-01
      outer loop
         vertex 3.965736e-02 -2.223461e-18 -1.879509e-02
         vertex 9.683770e-02 -4.080804e-18 -3.881947e-02
         vertex 8.136015e-02 -2.096674e-02 -3.111582e-02
      endloop
   endfacet
   facet normal -2.244927e-01 -1.857594e-01 -9.566067e-01
      outer loop
         vertex 8.136015e-02 -2.096674e-02 -3.111582e-02
         vertex 9.683770e-02 -4.080804e-18 -3.881947e-02
         vertex 1.799137e-01 -5.041540e-18 -5.831543e-02
      endloop
   endfacet
   facet normal -2.496127e-01 -7.875116e-02 -9.651382e-01
      outer loop
         vertex 8.136015e-02 -2.096674e-02 -3.111582e-02
         vertex 1.799137e-01 -5.041540e-18 -5.831543e-02
         vertex 1.792030e-01 -2.023933e-02 -5.648018e-02
      endloop
   endfacet
   facet normal -1.643498e-01 -8.335344e-02 -9.828740e-01
      outer loop
         vertex 1.792030e-01 -2.023933e-02 -5.648018e-02
         vertex 1.799137e-01 -5.041540e-18 -5.831543e-02
         vertex 2.143446e-01 -5.048108e-18 -6.407273e-02
      endloop
   endfacet
   facet normal -1.372268e-01 -1.301036e-01 -9.819582e-01
      outer loop
         vertex 1.792030e-01 -2.023933e-02 -5.648018e-02
         vertex 2.143446e-01 -5.048108e-18 -6.407273e-02
         vertex 2.865581e-01 -2.854888e-02 -7.038187e-02
      endloop
   endfacet
   facet normal -1.214788e-01 -8.879864e-02 -9.886140e-01
      outer loop
         vertex 2.865581e-01 -2.854888e-02 -7.038187e-02
         vertex 2.143446e-01 -5.048108e-18 -6.407273e-02
         vertex 2.872965e-01 -4.573978e-18 -7.303691e-02
      endloop
   endfacet
   facet normal -6.625537e-02 -9.069744e-02 -9.936721e-01
      outer loop
         vertex 2.865581e-01 -2.854888e-02 -7.038187e-02
         vertex 2.872965e-01 -4.573978e-18 -7.303691e-02
         vertex 4.015531e-01 -3.559707e-02 -7.740611e-02
      endloop
   endfacet
   facet normal -6.562931e-02 -8.866029e-02 -9.938975e-01
      outer loop
         vertex 4.015531e-01 -3.559707e-02 -7.740611e-02
         vertex 2.872965e-01 -4.573978e-18 -7.303691e-02
         vertex 4.061274e-01 -2.973744e-18 -8.088358e-02
      endloop
   endfacet
   facet normal -7.964245e-03 -9.621024e-02 -9.953292e-01
      outer loop
         vertex 4.015531e-01 -3.559707e-02 -7.740611e-02
         vertex 4.061274e-01 -2.973744e-18 -8.088358e-02
         vertex 6.421075e-01 4.878910e-19 -8.277181e-02
      endloop
   endfacet
   facet normal -1.601906e-02 -1.403985e-01 -9.899655e-01
      outer loop
         vertex 1.094784e+00 -5.544630e-02 -7.861383e-02
         vertex 1.094676e+00 -1.073249e-01 -7.125457e-02
         vertex 9.851479e-01 -1.009670e-01 -7.038394e-02
      endloop
   endfacet
   facet normal -2.217342e-02 -2.494072e-01 -9.681448e-01
      outer loop
         vertex 9.851479e-01 -1.009670e-01 -7.038394e-02
         vertex 1.094676e+00 -1.073249e-01 -7.125457e-02
         vertex 1.094508e+00 -1.546918e-01 -5.904837e-02
      endloop
   endfacet
   facet normal -3.186689e-02 -2.680288e-01 -9.628837e-01
      outer loop
         vertex 9.851479e-01 -1.009670e-01 -7.038394e-02
         vertex 1.094508e+00 -1.546918e-01 -5.904837e-02
         vertex 9.850500e-01 -1.455776e-01 -5.796287e-02
      endloop
   endfacet
   facet normal -4.044745e-02 -3.754766e-01 -9.259489e-01
      outer loop
         vertex 9.850500e-01 -1.455776e-01 -5.796287e-02
         vertex 1.094508e+00 -1.546918e-01 -5.904837e-02
         vertex 1.094291e+00 -1.966030e-01 -4.204373e-02
      endloop
   endfacet
   facet normal -5.393361e-02 -4.008012e-01 -9.145762e-01
      outer loop
         vertex 9.850500e-01 -1.455776e-01 -5.796287e-02
         vertex 1.094291e+00 -1.966030e-01 -4.204373e-02
         vertex 9.848912e-01 -1.851294e-01 -4.062044e-02
      endloop
   endfacet
   facet normal -8.589122e-03 -4.438543e-02 -9.989776e-01
      outer loop
         vertex 1.094822e+00 -1.707618e-18 -8.107768e-02
         vertex 1.094784e+00 -5.544630e-02 -7.861383e-02
         vertex 8.750000e-01 -5.035718e-02 -7.695026e-02
      endloop
   endfacet
   facet normal -1.100412e-02 -1.521744e-01 -9.882924e-01
      outer loop
         vertex 8.750000e-01 -5.035718e-02 -7.695026e-02
         vertex 1.094784e+00 -5.544630e-02 -7.861383e-02
         vertex 9.851479e-01 -1.009670e-01 -7.038394e-02
      endloop
   endfacet
   facet normal -2.559059e-02 -1.832006e-01 -9.827424e-01
      outer loop
         vertex 8.750000e-01 -5.035718e-02 -7.695026e-02
         vertex 9.851479e-01 -1.009670e-01 -7.038394e-02
         vertex 8.750000e-01 -9.727228e-02 -6.820446e-02
      endloop
   endfacet
   facet normal -2.804649e-02 -2.680673e-01 -9.629919e-01
      outer loop
         vertex 8.750000e-01 -9.727228e-02 -6.820446e-02
         vertex 9.851479e-01 -1.009670e-01 -7.038394e-02
         vertex 9.850500e-01 -1.455776e-01 -5.796287e-02
      endloop
   endfacet
   facet normal -4.745046e-02 -3.094614e-01 -9.497274e-01
      outer loop
         vertex 8.750000e-01 -9.727228e-02 -6.820446e-02
         vertex 9.850500e-01 -1.455776e-01 -5.796287e-02
         vertex 8.750000e-01 -1.397368e-01 -5.436773e-02
      endloop
   endfacet
   facet normal -5.115779e-02 -4.008692e-01 -9.147058e-01
      outer loop
         vertex 8.750000e-01 -1.397368e-01 -5.436773e-02
         vertex 9.850500e-01 -1.455776e-01 -5.796287e-02
         vertex 9.848912e-01 -1.851294e-01 -4.062044e-02
      endloop
   endfacet
   facet normal -7.099814e-02 -4.426007e-01 -8.939037e-01
      outer loop
         vertex 8.750000e-01 -1.397368e-01 -5.436773e-02
         vertex 9.848912e-01 -1.851294e-01 -4.062044e-02
         vertex 8.750000e-01 -1.767420e-01 -3.604522e-02
      endloop
   endfacet
   facet normal -1.480890e-01 -9.690234e-01 -1.976446e-01
      outer loop
         vertex 1.093620e+00 -2.769455e-01 3.370771e-02
         vertex 1.083506e+00 -2.817774e-01 6.497589e-02
         vertex 9.841802e-01 -2.673161e-01 6.849609e-02
      endloop
   endfacet
   facet normal -1.424102e-01 -9.799974e-01 -1.390121e-01
      outer loop
         vertex 1.531537e+00 -3.403795e-01 3.025118e-02
         vertex 1.531579e+00 -3.418351e-01 4.046875e-02
         vertex 1.500527e+00 -3.375298e-01 4.192850e-02
      endloop
   endfacet
   facet normal -2.280799e-01 -8.931177e-01 -3.877116e-01
      outer loop
         vertex 1.531537e+00 -3.403795e-01 3.025118e-02
         vertex 1.500527e+00 -3.375298e-01 4.192850e-02
         vertex 1.531422e+00 -3.360255e-01 2.028866e-02
      endloop
   endfacet
   facet normal -1.363452e-01 -9.556371e-01 -2.610894e-01
      outer loop
         vertex 1.531422e+00 -3.360255e-01 2.028866e-02
         vertex 1.500527e+00 -3.375298e-01 4.192850e-02
         vertex 1.312528e+00 -3.065985e-01 2.689044e-02
      endloop
   endfacet
   facet normal -1.192443e-01 -7.379999e-01 -6.641814e-01
      outer loop
         vertex 1.531422e+00 -3.360255e-01 2.028866e-02
         vertex 1.312528e+00 -3.065985e-01 2.689044e-02
         vertex 1.531063e+00 -3.186976e-01 1.099466e-03
      endloop
   endfacet
   facet normal -1.474769e-01 -9.695361e-01 -1.955770e-01
      outer loop
         vertex 9.841802e-01 -2.673161e-01 6.849609e-02
         vertex 8.750000e-01 -2.449171e-01 3.978569e-02
         vertex 1.093620e+00 -2.769455e-01 3.370771e-02
      endloop
   endfacet
   facet normal -1.379455e-01 -8.428925e-01 -5.200993e-01
      outer loop
         vertex 1.093620e+00 -2.769455e-01 3.370771e-02
         vertex 8.750000e-01 -2.449171e-01 3.978569e-02
         vertex 1.093800e+00 -2.593289e-01 5.109712e-03
      endloop
   endfacet
   facet normal -1.214938e-01 -8.447715e-01 -5.211529e-01
      outer loop
         vertex 1.093620e+00 -2.769455e-01 3.370771e-02
         vertex 1.093800e+00 -2.593289e-01 5.109712e-03
         vertex 1.312409e+00 -2.893757e-01 2.851499e-03
      endloop
   endfacet
   facet normal -9.336751e-02 -6.208034e-01 -7.783865e-01
      outer loop
         vertex 1.312409e+00 -2.893757e-01 2.851499e-03
         vertex 1.093800e+00 -2.593289e-01 5.109712e-03
         vertex 1.312307e+00 -2.616325e-01 -1.926296e-02
      endloop
   endfacet
   facet normal -7.326942e-02 -6.218060e-01 -7.797364e-01
      outer loop
         vertex 1.312409e+00 -2.893757e-01 2.851499e-03
         vertex 1.312307e+00 -2.616325e-01 -1.926296e-02
         vertex 1.530671e+00 -2.900033e-01 -1.715737e-02
      endloop
   endfacet
   facet normal -4.303373e-02 -3.991918e-01 -9.158570e-01
      outer loop
         vertex 1.530671e+00 -2.900033e-01 -1.715737e-02
         vertex 1.312307e+00 -2.616325e-01 -1.926296e-02
         vertex 1.530414e+00 -2.500942e-01 -3.454039e-02
      endloop
   endfacet
   facet normal -1.020220e-01 -6.898427e-01 -7.167346e-01
      outer loop
         vertex 8.750000e-01 -2.072795e-01 -1.384205e-02
         vertex 9.846714e-01 -2.186354e-01 -1.852323e-02
         vertex 1.093800e+00 -2.593289e-01 5.109712e-03
      endloop
   endfacet
   facet normal -9.557649e-02 -6.790235e-01 -7.278683e-01
      outer loop
         vertex 1.093800e+00 -2.593289e-01 5.109712e-03
         vertex 9.846714e-01 -2.186354e-01 -1.852323e-02
         vertex 1.094041e+00 -2.319952e-01 -2.042126e-02
      endloop
   endfacet
   facet normal -8.840205e-02 -6.795096e-01 -7.283212e-01
      outer loop
         vertex 1.093800e+00 -2.593289e-01 5.109712e-03
         vertex 1.094041e+00 -2.319952e-01 -2.042126e-02
         vertex 1.312307e+00 -2.616325e-01 -1.926296e-02
      endloop
   endfacet
   facet normal -5.872938e-02 -4.670005e-01 -8.823046e-01
      outer loop
         vertex 1.312307e+00 -2.616325e-01 -1.926296e-02
         vertex 1.094041e+00 -2.319952e-01 -2.042126e-02
         vertex 1.312303e+00 -2.241556e-01 -3.909907e-02
      endloop
   endfacet
   facet normal -3.713499e-02 -4.674835e-01 -8.832215e-01
      outer loop
         vertex 1.312307e+00 -2.616325e-01 -1.926296e-02
         vertex 1.312303e+00 -2.241556e-01 -3.909907e-02
         vertex 1.530414e+00 -2.500942e-01 -3.454039e-02
      endloop
   endfacet
   facet normal -2.156480e-02 -3.461717e-01 -9.379233e-01
      outer loop
         vertex 1.530414e+00 -2.500942e-01 -3.454039e-02
         vertex 1.312303e+00 -2.241556e-01 -3.909907e-02
         vertex 1.312446e+00 -1.778466e-01 -5.619424e-02
      endloop
   endfacet
   facet normal -6.741449e-03 -3.057005e-01 -9.521039e-01
      outer loop
         vertex 1.530414e+00 -2.500942e-01 -3.454039e-02
         vertex 1.312446e+00 -1.778466e-01 -5.619424e-02
         vertex 1.530412e+00 -1.994135e-01 -5.081288e-02
      endloop
   endfacet
   facet normal -6.706577e-05 -2.427346e-01 -9.700927e-01
      outer loop
         vertex 1.530412e+00 -1.994135e-01 -5.081288e-02
         vertex 1.312446e+00 -1.778466e-01 -5.619424e-02
         vertex 1.312669e+00 -1.240668e-01 -6.965093e-02
      endloop
   endfacet
   facet normal 6.855826e-03 -2.238549e-01 -9.745984e-01
      outer loop
         vertex 1.530412e+00 -1.994135e-01 -5.081288e-02
         vertex 1.312669e+00 -1.240668e-01 -6.965093e-02
         vertex 1.530578e+00 -1.395704e-01 -6.455703e-02
      endloop
   endfacet
   facet normal 1.274570e-02 -1.458751e-01 -9.892209e-01
      outer loop
         vertex 1.530578e+00 -1.395704e-01 -6.455703e-02
         vertex 1.312669e+00 -1.240668e-01 -6.965093e-02
         vertex 1.312874e+00 -6.429247e-02 -7.846288e-02
      endloop
   endfacet
   facet normal 1.474464e-02 -1.402395e-01 -9.900078e-01
      outer loop
         vertex 1.530578e+00 -1.395704e-01 -6.455703e-02
         vertex 1.312874e+00 -6.429247e-02 -7.846288e-02
         vertex 1.530778e+00 -7.246564e-02 -7.405978e-02
      endloop
   endfacet
   facet normal 1.883537e-02 -3.611326e-02 -9.991702e-01
      outer loop
         vertex 1.530778e+00 -7.246564e-02 -7.405978e-02
         vertex 1.312874e+00 -6.429247e-02 -7.846288e-02
         vertex 1.261422e+00 -6.944198e-19 -8.175655e-02
      endloop
   endfacet
   facet normal 1.965388e-02 -3.308031e-02 -9.992594e-01
      outer loop
         vertex 1.530778e+00 -7.246564e-02 -7.405978e-02
         vertex 1.261422e+00 -6.944198e-19 -8.175655e-02
         vertex 1.586890e+00 1.435510e-18 -7.535510e-02
      endloop
   endfacet
   facet normal -5.449355e-01 -8.184386e-01 -1.822184e-01
      outer loop
         vertex 3.322017e-02 -2.886317e-02 7.861328e-04
         vertex 3.349505e-02 -2.824501e-02 -2.812377e-03
         vertex 7.069907e-02 -5.429224e-02 2.918467e-03
      endloop
   endfacet
   facet normal -1.567275e-01 -9.739562e-01 -1.638471e-01
      outer loop
         vertex 9.841802e-01 -2.673161e-01 6.849609e-02
         vertex 8.750000e-01 -2.500000e-01 7.000000e-02
         vertex 8.750000e-01 -2.449171e-01 3.978569e-02
      endloop
   endfacet
   facet normal -1.548493e-01 -9.742483e-01 -1.638962e-01
      outer loop
         vertex 8.750000e-01 -2.449171e-01 3.978569e-02
         vertex 8.750000e-01 -2.500000e-01 7.000000e-02
         vertex 8.186162e-01 -2.409042e-01 6.920307e-02
      endloop
   endfacet
   facet normal -1.450929e-01 -9.787982e-01 -1.445755e-01
      outer loop
         vertex 8.750000e-01 -2.449171e-01 3.978569e-02
         vertex 8.186162e-01 -2.409042e-01 6.920307e-02
         vertex 7.604926e-01 -2.278726e-01 3.930871e-02
      endloop
   endfacet
   facet normal -1.455369e-01 -9.788558e-01 -1.437373e-01
      outer loop
         vertex 7.604926e-01 -2.278726e-01 3.930871e-02
         vertex 8.186162e-01 -2.409042e-01 6.920307e-02
         vertex 7.605179e-01 -2.319414e-01 6.699219e-02
      endloop
   endfacet
   facet normal -1.389245e-01 -9.797950e-01 -1.438813e-01
      outer loop
         vertex 7.604926e-01 -2.278726e-01 3.930871e-02
         vertex 7.605179e-01 -2.319414e-01 6.699219e-02
         vertex 6.383719e-01 -2.097412e-01 3.375255e-02
      endloop
   endfacet
   facet normal -1.466384e-01 -9.822275e-01 -1.171597e-01
      outer loop
         vertex 6.383719e-01 -2.097412e-01 3.375255e-02
         vertex 7.605179e-01 -2.319414e-01 6.699219e-02
         vertex 5.498344e-01 -1.986277e-01 5.139463e-02
      endloop
   endfacet
   facet normal -1.511363e-01 -9.782235e-01 -1.422552e-01
      outer loop
         vertex 6.383719e-01 -2.097412e-01 3.375255e-02
         vertex 5.498344e-01 -1.986277e-01 5.139463e-02
         vertex 5.131779e-01 -1.891280e-01 2.501447e-02
      endloop
   endfacet
   facet normal -1.600298e-01 -9.785142e-01 -1.300019e-01
      outer loop
         vertex 5.131779e-01 -1.891280e-01 2.501447e-02
         vertex 5.498344e-01 -1.986277e-01 5.139463e-02
         vertex 5.128772e-01 -1.921128e-01 4.785156e-02
      endloop
   endfacet
   facet normal -1.824013e-01 -9.746204e-01 -1.297876e-01
      outer loop
         vertex 5.131779e-01 -1.891280e-01 2.501447e-02
         vertex 5.128772e-01 -1.921128e-01 4.785156e-02
         vertex 3.894503e-01 -1.646375e-01 1.499175e-02
      endloop
   endfacet
   facet normal -2.051300e-01 -9.776097e-01 -4.691437e-02
      outer loop
         vertex 3.894503e-01 -1.646375e-01 1.499175e-02
         vertex 5.128772e-01 -1.921128e-01 4.785156e-02
         vertex 3.190086e-01 -1.504514e-01 2.738243e-02
      endloop
   endfacet
   facet normal -2.260973e-01 -9.549938e-01 -1.920073e-01
      outer loop
         vertex 3.894503e-01 -1.646375e-01 1.499175e-02
         vertex 3.190086e-01 -1.504514e-01 2.738243e-02
         vertex 2.717289e-01 -1.348747e-01 5.581671e-03
      endloop
   endfacet
   facet normal -2.487746e-01 -9.576842e-01 -1.447490e-01
      outer loop
         vertex 2.717289e-01 -1.348747e-01 5.581671e-03
         vertex 3.190086e-01 -1.504514e-01 2.738243e-02
         vertex 2.710732e-01 -1.372083e-01 2.214844e-02
      endloop
   endfacet
   facet normal -3.100856e-01 -9.396424e-01 -1.446344e-01
      outer loop
         vertex 2.717289e-01 -1.348747e-01 5.581671e-03
         vertex 2.710732e-01 -1.372083e-01 2.214844e-02
         vertex 1.645536e-01 -9.844429e-02 -1.318497e-03
      endloop
   endfacet
   facet normal -3.072713e-01 -9.387572e-01 -1.559465e-01
      outer loop
         vertex 1.645536e-01 -9.844429e-02 -1.318497e-03
         vertex 2.710732e-01 -1.372083e-01 2.214844e-02
         vertex 1.632158e-01 -1.000315e-01 1.087168e-02
      endloop
   endfacet
   facet normal -3.911360e-01 -9.061578e-01 -1.609055e-01
      outer loop
         vertex 1.645536e-01 -9.844429e-02 -1.318497e-03
         vertex 1.632158e-01 -1.000315e-01 1.087168e-02
         vertex 1.163393e-01 -7.729276e-02 -3.234466e-03
      endloop
   endfacet
   facet normal -3.890804e-01 -9.058853e-01 -1.672972e-01
      outer loop
         vertex 1.163393e-01 -7.729276e-02 -3.234466e-03
         vertex 1.632158e-01 -1.000315e-01 1.087168e-02
         vertex 1.157400e-01 -7.882571e-02 6.459961e-03
      endloop
   endfacet
   facet normal -4.614232e-01 -8.714499e-01 -1.663241e-01
      outer loop
         vertex 1.163393e-01 -7.729276e-02 -3.234466e-03
         vertex 1.157400e-01 -7.882571e-02 6.459961e-03
         vertex 7.246397e-02 -5.395113e-02 -3.811479e-03
      endloop
   endfacet
   facet normal -4.430271e-01 -6.105647e-01 -6.564585e-01
      outer loop
         vertex 3.422047e-02 -2.648244e-02 -6.295497e-03
         vertex 3.524764e-02 -2.371332e-02 -9.564234e-03
         vertex 7.371031e-02 -5.071621e-02 -1.040662e-02
      endloop
   endfacet
   facet normal -4.499065e-01 -6.208146e-01 -6.420073e-01
      outer loop
         vertex 7.371031e-02 -5.071621e-02 -1.040662e-02
         vertex 3.524764e-02 -2.371332e-02 -9.564234e-03
         vertex 7.547823e-02 -4.557586e-02 -1.661621e-02
      endloop
   endfacet
   facet normal -3.644792e-01 -6.637020e-01 -6.531880e-01
      outer loop
         vertex 7.371031e-02 -5.071621e-02 -1.040662e-02
         vertex 7.547823e-02 -4.557586e-02 -1.661621e-02
         vertex 1.179251e-01 -7.283783e-02 -1.260081e-02
      endloop
   endfacet
   facet normal -3.028752e-01 -5.826584e-01 -7.541722e-01
      outer loop
         vertex 1.179251e-01 -7.283783e-02 -1.260081e-02
         vertex 7.547823e-02 -4.557586e-02 -1.661621e-02
         vertex 1.688388e-01 -8.410545e-02 -2.434259e-02
      endloop
   endfacet
   facet normal -9.035512e-02 -7.383717e-01 -6.683136e-01
      outer loop
         vertex 8.750000e-01 -2.072795e-01 -1.384205e-02
         vertex 8.750000e-01 -2.303408e-01 1.163663e-02
         vertex 7.604198e-01 -1.960395e-01 -1.076929e-02
      endloop
   endfacet
   facet normal -1.064792e-01 -7.681167e-01 -6.313944e-01
      outer loop
         vertex 7.604198e-01 -1.960395e-01 -1.076929e-02
         vertex 8.750000e-01 -2.303408e-01 1.163663e-02
         vertex 7.604455e-01 -2.158255e-01 1.329682e-02
      endloop
   endfacet
   facet normal -7.874933e-02 -7.700948e-01 -6.330502e-01
      outer loop
         vertex 7.604198e-01 -1.960395e-01 -1.076929e-02
         vertex 7.604455e-01 -2.158255e-01 1.329682e-02
         vertex 6.391293e-01 -1.820355e-01 -1.271681e-02
      endloop
   endfacet
   facet normal -8.853248e-02 -7.874570e-01 -6.099782e-01
      outer loop
         vertex 6.391293e-01 -1.820355e-01 -1.271681e-02
         vertex 7.604455e-01 -2.158255e-01 1.329682e-02
         vertex 6.386607e-01 -1.994156e-01 9.788224e-03
      endloop
   endfacet
   facet normal -8.821806e-02 -7.874823e-01 -6.099912e-01
      outer loop
         vertex 6.391293e-01 -1.820355e-01 -1.271681e-02
         vertex 6.386607e-01 -1.994156e-01 9.788224e-03
         vertex 5.152271e-01 -1.645538e-01 -1.736625e-02
      endloop
   endfacet
   facet normal -9.201111e-02 -7.939221e-01 -6.010171e-01
      outer loop
         vertex 5.152271e-01 -1.645538e-01 -1.736625e-02
         vertex 6.386607e-01 -1.994156e-01 9.788224e-03
         vertex 5.140009e-01 -1.800188e-01 3.250272e-03
      endloop
   endfacet
   facet normal -1.154094e-01 -7.912978e-01 -6.004402e-01
      outer loop
         vertex 5.152271e-01 -1.645538e-01 -1.736625e-02
         vertex 5.140009e-01 -1.800188e-01 3.250272e-03
         vertex 3.928121e-01 -1.428807e-01 -2.239926e-02
      endloop
   endfacet
   facet normal -1.139264e-01 -7.888614e-01 -6.039192e-01
      outer loop
         vertex 3.928121e-01 -1.428807e-01 -2.239926e-02
         vertex 5.140009e-01 -1.800188e-01 3.250272e-03
         vertex 3.908209e-01 -1.565429e-01 -4.177612e-03
      endloop
   endfacet
   facet normal -1.616771e-01 -7.809990e-01 -6.032422e-01
      outer loop
         vertex 3.928121e-01 -1.428807e-01 -2.239926e-02
         vertex 3.908209e-01 -1.565429e-01 -4.177612e-03
         vertex 2.759831e-01 -1.163025e-01 -2.549749e-02
      endloop
   endfacet
   facet normal -1.559198e-01 -7.716605e-01 -6.166272e-01
      outer loop
         vertex 2.759831e-01 -1.163025e-01 -2.549749e-02
         vertex 3.908209e-01 -1.565429e-01 -4.177612e-03
         vertex 2.734758e-01 -1.278953e-01 -1.035601e-02
      endloop
   endfacet
   facet normal -2.329557e-01 -7.531547e-01 -6.152151e-01
      outer loop
         vertex 2.759831e-01 -1.163025e-01 -2.549749e-02
         vertex 2.734758e-01 -1.278953e-01 -1.035601e-02
         vertex 1.688388e-01 -8.410545e-02 -2.434259e-02
      endloop
   endfacet
   facet normal -2.240466e-01 -7.384898e-01 -6.359528e-01
      outer loop
         vertex 1.688388e-01 -8.410545e-02 -2.434259e-02
         vertex 2.734758e-01 -1.278953e-01 -1.035601e-02
         vertex 1.663206e-01 -9.298386e-02 -1.314548e-02
      endloop
   endfacet
   facet normal -3.035852e-01 -7.121686e-01 -6.329707e-01
      outer loop
         vertex 1.688388e-01 -8.410545e-02 -2.434259e-02
         vertex 1.663206e-01 -9.298386e-02 -1.314548e-02
         vertex 1.179251e-01 -7.283783e-02 -1.260081e-02
      endloop
   endfacet
   facet normal -1.174260e-01 -7.362751e-01 -6.664159e-01
      outer loop
         vertex 8.750000e-01 -2.072795e-01 -1.384205e-02
         vertex 1.093800e+00 -2.593289e-01 5.109712e-03
         vertex 8.750000e-01 -2.303408e-01 1.163663e-02
      endloop
   endfacet
   facet normal -1.302468e-01 -8.804411e-01 -4.559157e-01
      outer loop
         vertex 8.750000e-01 -2.303408e-01 1.163663e-02
         vertex 1.093800e+00 -2.593289e-01 5.109712e-03
         vertex 8.750000e-01 -2.449171e-01 3.978569e-02
      endloop
   endfacet
   facet normal -1.183465e-01 -8.817649e-01 -4.566012e-01
      outer loop
         vertex 8.750000e-01 -2.303408e-01 1.163663e-02
         vertex 8.750000e-01 -2.449171e-01 3.978569e-02
         vertex 7.604455e-01 -2.158255e-01 1.329682e-02
      endloop
   endfacet
   facet normal -1.321627e-01 -8.995380e-01 -4.163705e-01
      outer loop
         vertex 7.604455e-01 -2.158255e-01 1.329682e-02
         vertex 8.750000e-01 -2.449171e-01 3.978569e-02
         vertex 7.604926e-01 -2.278726e-01 3.930871e-02
      endloop
   endfacet
   facet normal -1.095133e-01 -9.020244e-01 -4.175630e-01
      outer loop
         vertex 7.604455e-01 -2.158255e-01 1.329682e-02
         vertex 7.604926e-01 -2.278726e-01 3.930871e-02
         vertex 6.386607e-01 -1.994156e-01 9.788224e-03
      endloop
   endfacet
   facet normal -1.173992e-01 -9.115115e-01 -3.941627e-01
      outer loop
         vertex 6.386607e-01 -1.994156e-01 9.788224e-03
         vertex 7.604926e-01 -2.278726e-01 3.930871e-02
         vertex 6.383719e-01 -2.097412e-01 3.375255e-02
      endloop
   endfacet
   facet normal -1.210977e-01 -9.110873e-01 -3.940245e-01
      outer loop
         vertex 6.386607e-01 -1.994156e-01 9.788224e-03
         vertex 6.383719e-01 -2.097412e-01 3.375255e-02
         vertex 5.140009e-01 -1.800188e-01 3.250272e-03
      endloop
   endfacet
   facet normal -1.234296e-01 -9.137388e-01 -3.871002e-01
      outer loop
         vertex 5.140009e-01 -1.800188e-01 3.250272e-03
         vertex 6.383719e-01 -2.097412e-01 3.375255e-02
         vertex 5.131779e-01 -1.891280e-01 2.501447e-02
      endloop
   endfacet
   facet normal -1.501173e-01 -9.099758e-01 -3.865344e-01
      outer loop
         vertex 5.140009e-01 -1.800188e-01 3.250272e-03
         vertex 5.131779e-01 -1.891280e-01 2.501447e-02
         vertex 3.908209e-01 -1.565429e-01 -4.177612e-03
      endloop
   endfacet
   facet normal -1.476990e-01 -9.073018e-01 -3.936857e-01
      outer loop
         vertex 3.908209e-01 -1.565429e-01 -4.177612e-03
         vertex 5.131779e-01 -1.891280e-01 2.501447e-02
         vertex 3.894503e-01 -1.646375e-01 1.499175e-02
      endloop
   endfacet
   facet normal -1.984604e-01 -8.977444e-01 -3.932791e-01
      outer loop
         vertex 3.908209e-01 -1.565429e-01 -4.177612e-03
         vertex 3.894503e-01 -1.646375e-01 1.499175e-02
         vertex 2.734758e-01 -1.278953e-01 -1.035601e-02
      endloop
   endfacet
   facet normal -1.923874e-01 -8.909823e-01 -4.112634e-01
      outer loop
         vertex 2.734758e-01 -1.278953e-01 -1.035601e-02
         vertex 3.894503e-01 -1.646375e-01 1.499175e-02
         vertex 2.717289e-01 -1.348747e-01 5.581671e-03
      endloop
   endfacet
   facet normal -2.727358e-01 -8.699484e-01 -4.108587e-01
      outer loop
         vertex 2.734758e-01 -1.278953e-01 -1.035601e-02
         vertex 2.717289e-01 -1.348747e-01 5.581671e-03
         vertex 1.663206e-01 -9.298386e-02 -1.314548e-02
      endloop
   endfacet
   facet normal -2.642248e-01 -8.600120e-01 -4.365372e-01
      outer loop
         vertex 1.663206e-01 -9.298386e-02 -1.314548e-02
         vertex 2.717289e-01 -1.348747e-01 5.581671e-03
         vertex 1.645536e-01 -9.844429e-02 -1.318497e-03
      endloop
   endfacet
   facet normal -3.501690e-01 -8.294193e-01 -4.352532e-01
      outer loop
         vertex 1.663206e-01 -9.298386e-02 -1.314548e-02
         vertex 1.645536e-01 -9.844429e-02 -1.318497e-03
         vertex 1.179251e-01 -7.283783e-02 -1.260081e-02
      endloop
   endfacet
   facet normal -3.436659e-01 -8.241546e-01 -4.501810e-01
      outer loop
         vertex 1.179251e-01 -7.283783e-02 -1.260081e-02
         vertex 1.645536e-01 -9.844429e-02 -1.318497e-03
         vertex 1.163393e-01 -7.729276e-02 -3.234466e-03
      endloop
   endfacet
   facet normal -4.179052e-01 -7.909412e-01 -4.469533e-01
      outer loop
         vertex 1.179251e-01 -7.283783e-02 -1.260081e-02
         vertex 1.163393e-01 -7.729276e-02 -3.234466e-03
         vertex 7.371031e-02 -5.071621e-02 -1.040662e-02
      endloop
   endfacet
   facet normal -4.115778e-01 -7.850861e-01 -4.628645e-01
      outer loop
         vertex 7.371031e-02 -5.071621e-02 -1.040662e-02
         vertex 1.163393e-01 -7.729276e-02 -3.234466e-03
         vertex 7.246397e-02 -5.395113e-02 -3.811479e-03
      endloop
   endfacet
   facet normal -4.995439e-01 -7.367087e-01 -4.557590e-01
      outer loop
         vertex 7.371031e-02 -5.071621e-02 -1.040662e-02
         vertex 7.246397e-02 -5.395113e-02 -3.811479e-03
         vertex 3.422047e-02 -2.648244e-02 -6.295497e-03
      endloop
   endfacet
   facet normal -1.376153e-01 -9.711830e-01 -1.945907e-01
      outer loop
         vertex 1.083506e+00 -2.817774e-01 6.497589e-02
         vertex 1.093620e+00 -2.769455e-01 3.370771e-02
         vertex 1.312528e+00 -3.065985e-01 2.689044e-02
      endloop
   endfacet
   facet normal -1.272367e-01 -8.065899e-01 -5.772551e-01
      outer loop
         vertex 1.312528e+00 -3.065985e-01 2.689044e-02
         vertex 1.093620e+00 -2.769455e-01 3.370771e-02
         vertex 1.312409e+00 -2.893757e-01 2.851499e-03
      endloop
   endfacet
   facet normal -1.129827e-01 -8.079584e-01 -5.783062e-01
      outer loop
         vertex 1.312528e+00 -3.065985e-01 2.689044e-02
         vertex 1.312409e+00 -2.893757e-01 2.851499e-03
         vertex 1.531063e+00 -3.186976e-01 1.099466e-03
      endloop
   endfacet
   facet normal -7.860261e-02 -5.359126e-01 -8.406065e-01
      outer loop
         vertex 1.531063e+00 -3.186976e-01 1.099466e-03
         vertex 1.312409e+00 -2.893757e-01 2.851499e-03
         vertex 1.530671e+00 -2.900033e-01 -1.715737e-02
      endloop
   endfacet
   facet normal -6.317730e-02 -5.363511e-01 -8.416270e-01
      outer loop
         vertex 1.531063e+00 -3.186976e-01 1.099466e-03
         vertex 1.530671e+00 -2.900033e-01 -1.715737e-02
         vertex 1.640160e+00 -3.017800e-01 -1.787128e-02
      endloop
   endfacet
   facet normal -4.889866e-02 -3.991157e-01 -9.155957e-01
      outer loop
         vertex 1.640160e+00 -3.017800e-01 -1.787128e-02
         vertex 1.530671e+00 -2.900033e-01 -1.715737e-02
         vertex 1.530414e+00 -2.500942e-01 -3.454039e-02
      endloop
   endfacet
   facet normal -2.564619e-02 -3.557522e-01 -9.342284e-01
      outer loop
         vertex 1.640160e+00 -3.017800e-01 -1.787128e-02
         vertex 1.530414e+00 -2.500942e-01 -3.454039e-02
         vertex 1.639937e+00 -2.595502e-01 -3.394614e-02
      endloop
   endfacet
   facet normal -2.122356e-02 -3.056392e-01 -9.519108e-01
      outer loop
         vertex 1.639937e+00 -2.595502e-01 -3.394614e-02
         vertex 1.530414e+00 -2.500942e-01 -3.454039e-02
         vertex 1.530412e+00 -1.994135e-01 -5.081288e-02
      endloop
   endfacet
   facet normal 7.377581e-04 -2.688064e-01 -9.631939e-01
      outer loop
         vertex 1.639937e+00 -2.595502e-01 -3.394614e-02
         vertex 1.530412e+00 -1.994135e-01 -5.081288e-02
         vertex 1.639903e+00 -2.065429e-01 -4.873934e-02
      endloop
   endfacet
   facet normal 3.881324e-03 -2.238506e-01 -9.746157e-01
      outer loop
         vertex 1.639903e+00 -2.065429e-01 -4.873934e-02
         vertex 1.530412e+00 -1.994135e-01 -5.081288e-02
         vertex 1.530578e+00 -1.395704e-01 -6.455703e-02
      endloop
   endfacet
   facet normal 2.274828e-02 -1.944760e-01 -9.806435e-01
      outer loop
         vertex 1.639903e+00 -2.065429e-01 -4.873934e-02
         vertex 1.530578e+00 -1.395704e-01 -6.455703e-02
         vertex 1.640000e+00 -1.443806e-01 -6.106481e-02
      endloop
   endfacet
   facet normal 2.542442e-02 -1.402405e-01 -9.897910e-01
      outer loop
         vertex 1.640000e+00 -1.443806e-01 -6.106481e-02
         vertex 1.530578e+00 -1.395704e-01 -6.455703e-02
         vertex 1.530778e+00 -7.246564e-02 -7.405978e-02
      endloop
   endfacet
   facet normal 5.912089e-02 -8.985955e-02 -9.941982e-01
      outer loop
         vertex 1.640000e+00 -1.443806e-01 -6.106481e-02
         vertex 1.530778e+00 -7.246564e-02 -7.405978e-02
         vertex 1.750000e+00 -3.260173e-02 -6.462657e-02
      endloop
   endfacet
   facet normal 5.369232e-02 -5.939313e-02 -9.967896e-01
      outer loop
         vertex 1.750000e+00 -3.260173e-02 -6.462657e-02
         vertex 1.530778e+00 -7.246564e-02 -7.405978e-02
         vertex 1.586890e+00 1.435510e-18 -7.535510e-02
      endloop
   endfacet
   facet normal 6.335364e-02 -1.143033e-02 -9.979257e-01
      outer loop
         vertex 1.750000e+00 -3.260173e-02 -6.462657e-02
         vertex 1.586890e+00 1.435510e-18 -7.535510e-02
         vertex 1.750000e+00 0.000000e+00 -6.500000e-02
      endloop
   endfacet
   facet normal -2.744656e-01 -4.627601e-01 -8.429245e-01
      outer loop
         vertex 1.717592e-01 -7.199092e-02 -3.470896e-02
         vertex 7.751465e-02 -3.873561e-02 -2.227884e-02
         vertex 1.747237e-01 -5.690328e-02 -4.395724e-02
      endloop
   endfacet
   facet normal -2.685684e-01 -3.817152e-01 -8.844007e-01
      outer loop
         vertex 1.747237e-01 -5.690328e-02 -4.395724e-02
         vertex 7.751465e-02 -3.873561e-02 -2.227884e-02
         vertex 8.136015e-02 -2.096674e-02 -3.111582e-02
      endloop
   endfacet
   facet normal -2.579455e-01 -3.480864e-01 -9.012769e-01
      outer loop
         vertex 1.747237e-01 -5.690328e-02 -4.395724e-02
         vertex 8.136015e-02 -2.096674e-02 -3.111582e-02
         vertex 1.773390e-01 -3.942992e-02 -5.145422e-02
      endloop
   endfacet
   facet normal -2.430293e-01 -2.235976e-01 -9.438967e-01
      outer loop
         vertex 1.773390e-01 -3.942992e-02 -5.145422e-02
         vertex 8.136015e-02 -2.096674e-02 -3.111582e-02
         vertex 1.792030e-01 -2.023933e-02 -5.648018e-02
      endloop
   endfacet
   facet normal -1.404012e-01 -2.380584e-01 -9.610493e-01
      outer loop
         vertex 1.773390e-01 -3.942992e-02 -5.145422e-02
         vertex 1.792030e-01 -2.023933e-02 -5.648018e-02
         vertex 2.846293e-01 -5.538307e-02 -6.317672e-02
      endloop
   endfacet
   facet normal -1.432222e-01 -2.470325e-01 -9.583644e-01
      outer loop
         vertex 2.846293e-01 -5.538307e-02 -6.317672e-02
         vertex 1.792030e-01 -2.023933e-02 -5.648018e-02
         vertex 2.865581e-01 -2.854888e-02 -7.038187e-02
      endloop
   endfacet
   facet normal -7.363407e-02 -2.536770e-01 -9.644822e-01
      outer loop
         vertex 2.846293e-01 -5.538307e-02 -6.317672e-02
         vertex 2.865581e-01 -2.854888e-02 -7.038187e-02
         vertex 3.999238e-01 -6.881972e-02 -6.844487e-02
      endloop
   endfacet
   facet normal -7.457509e-02 -2.562893e-01 -9.637190e-01
      outer loop
         vertex 3.999238e-01 -6.881972e-02 -6.844487e-02
         vertex 2.865581e-01 -2.854888e-02 -7.038187e-02
         vertex 4.015531e-01 -3.559707e-02 -7.740611e-02
      endloop
   endfacet
   facet normal -1.683104e-02 -2.596190e-01 -9.655644e-01
      outer loop
         vertex 3.999238e-01 -6.881972e-02 -6.844487e-02
         vertex 4.015531e-01 -3.559707e-02 -7.740611e-02
         vertex 6.418766e-01 -4.574559e-02 -7.886655e-02
      endloop
   endfacet
   facet normal -9.644435e-03 -8.500742e-02 -9.963336e-01
      outer loop
         vertex 6.418766e-01 -4.574559e-02 -7.886655e-02
         vertex 4.015531e-01 -3.559707e-02 -7.740611e-02
         vertex 6.421075e-01 4.878910e-19 -8.277181e-02
      endloop
   endfacet
   facet normal 1.410214e-02 -8.512191e-02 -9.962707e-01
      outer loop
         vertex 6.418766e-01 -4.574559e-02 -7.886655e-02
         vertex 6.421075e-01 4.878910e-19 -8.277181e-02
         vertex 7.009851e-01 9.528010e-19 -8.193840e-02
      endloop
   endfacet
   facet normal -1.516621e-01 -9.600611e-01 -2.351197e-01
      outer loop
         vertex 1.750000e+00 -3.750000e-01 3.500000e-02
         vertex 1.531579e+00 -3.418351e-01 4.046875e-02
         vertex 1.750000e+00 -3.717787e-01 2.184637e-02
      endloop
   endfacet
   facet normal -1.461202e-01 -9.794641e-01 -1.389206e-01
      outer loop
         vertex 1.750000e+00 -3.717787e-01 2.184637e-02
         vertex 1.531579e+00 -3.418351e-01 4.046875e-02
         vertex 1.531537e+00 -3.403795e-01 3.025118e-02
      endloop
   endfacet
   facet normal -1.407007e-01 -8.376856e-01 -5.277179e-01
      outer loop
         vertex 1.750000e+00 -3.717787e-01 2.184637e-02
         vertex 1.531537e+00 -3.403795e-01 3.025118e-02
         vertex 1.750000e+00 -3.673756e-01 1.485713e-02
      endloop
   endfacet
   facet normal -1.400339e-01 -9.078714e-01 -3.951710e-01
      outer loop
         vertex 1.750000e+00 -3.673756e-01 1.485713e-02
         vertex 1.531537e+00 -3.403795e-01 3.025118e-02
         vertex 1.531422e+00 -3.360255e-01 2.028866e-02
      endloop
   endfacet
   facet normal -1.176408e-01 -6.977921e-01 -7.065740e-01
      outer loop
         vertex 1.750000e+00 -3.673756e-01 1.485713e-02
         vertex 1.531422e+00 -3.360255e-01 2.028866e-02
         vertex 1.750000e+00 -3.554166e-01 3.046748e-03
      endloop
   endfacet
   facet normal -1.178831e-01 -7.381079e-01 -6.643044e-01
      outer loop
         vertex 1.750000e+00 -3.554166e-01 3.046748e-03
         vertex 1.531422e+00 -3.360255e-01 2.028866e-02
         vertex 1.531063e+00 -3.186976e-01 1.099466e-03
      endloop
   endfacet
   facet normal -8.875042e-02 -5.724040e-01 -8.151546e-01
      outer loop
         vertex 1.750000e+00 -3.554166e-01 3.046748e-03
         vertex 1.531063e+00 -3.186976e-01 1.099466e-03
         vertex 1.750000e+00 -3.455111e-01 -3.908915e-03
      endloop
   endfacet
   facet normal -7.838606e-02 -4.764701e-01 -8.756894e-01
      outer loop
         vertex 1.750000e+00 -3.455111e-01 -3.908915e-03
         vertex 1.531063e+00 -3.186976e-01 1.099466e-03
         vertex 1.640160e+00 -3.017800e-01 -1.787128e-02
      endloop
   endfacet
   facet normal -5.605716e-02 -4.286940e-01 -9.017090e-01
      outer loop
         vertex 1.750000e+00 -3.455111e-01 -3.908915e-03
         vertex 1.640160e+00 -3.017800e-01 -1.787128e-02
         vertex 1.750000e+00 -3.050627e-01 -2.313905e-02
      endloop
   endfacet
   facet normal -5.537149e-02 -3.554609e-01 -9.330496e-01
      outer loop
         vertex 1.750000e+00 -3.050627e-01 -2.313905e-02
         vertex 1.640160e+00 -3.017800e-01 -1.787128e-02
         vertex 1.639937e+00 -2.595502e-01 -3.394614e-02
      endloop
   endfacet
   facet normal -3.031633e-02 -2.997354e-01 -9.535406e-01
      outer loop
         vertex 1.750000e+00 -3.050627e-01 -2.313905e-02
         vertex 1.639937e+00 -2.595502e-01 -3.394614e-02
         vertex 1.750000e+00 -2.651131e-01 -3.569681e-02
      endloop
   endfacet
   facet normal -2.889540e-02 -2.687116e-01 -9.627872e-01
      outer loop
         vertex 1.750000e+00 -2.651131e-01 -3.569681e-02
         vertex 1.639937e+00 -2.595502e-01 -3.394614e-02
         vertex 1.639903e+00 -2.065429e-01 -4.873934e-02
      endloop
   endfacet
   facet normal 8.390521e-03 -2.022981e-01 -9.792880e-01
      outer loop
         vertex 1.750000e+00 -2.651131e-01 -3.569681e-02
         vertex 1.639903e+00 -2.065429e-01 -4.873934e-02
         vertex 1.750000e+00 -1.899733e-01 -5.121894e-02
      endloop
   endfacet
   facet normal 7.180826e-03 -1.944980e-01 -9.808766e-01
      outer loop
         vertex 1.750000e+00 -1.899733e-01 -5.121894e-02
         vertex 1.639903e+00 -2.065429e-01 -4.873934e-02
         vertex 1.640000e+00 -1.443806e-01 -6.106481e-02
      endloop
   endfacet
   facet normal 3.352848e-02 -1.330182e-01 -9.905463e-01
      outer loop
         vertex 1.750000e+00 -1.899733e-01 -5.121894e-02
         vertex 1.640000e+00 -1.443806e-01 -6.106481e-02
         vertex 1.750000e+00 -1.459084e-01 -5.713630e-02
      endloop
   endfacet
   facet normal 3.469880e-02 -6.592246e-02 -9.972213e-01
      outer loop
         vertex 1.750000e+00 -1.459084e-01 -5.713630e-02
         vertex 1.640000e+00 -1.443806e-01 -6.106481e-02
         vertex 1.750000e+00 -3.260173e-02 -6.462657e-02
      endloop
   endfacet
   facet normal -1.109209e-03 -4.439218e-02 -9.990136e-01
      outer loop
         vertex 1.094822e+00 -1.707618e-18 -8.107768e-02
         vertex 1.312874e+00 -6.429247e-02 -7.846288e-02
         vertex 1.094784e+00 -5.544630e-02 -7.861383e-02
      endloop
   endfacet
   facet normal -5.230225e-03 -1.458246e-01 -9.892966e-01
      outer loop
         vertex 1.094784e+00 -5.544630e-02 -7.861383e-02
         vertex 1.312874e+00 -6.429247e-02 -7.846288e-02
         vertex 1.312669e+00 -1.240668e-01 -6.965093e-02
      endloop
   endfacet
   facet normal -3.502456e-03 -1.404412e-01 -9.900828e-01
      outer loop
         vertex 1.094784e+00 -5.544630e-02 -7.861383e-02
         vertex 1.312669e+00 -1.240668e-01 -6.965093e-02
         vertex 1.094676e+00 -1.073249e-01 -7.125457e-02
      endloop
   endfacet
   facet normal -1.150134e-02 -2.426740e-01 -9.700397e-01
      outer loop
         vertex 1.094676e+00 -1.073249e-01 -7.125457e-02
         vertex 1.312669e+00 -1.240668e-01 -6.965093e-02
         vertex 1.312446e+00 -1.778466e-01 -5.619424e-02
      endloop
   endfacet
   facet normal -1.382436e-02 -2.494724e-01 -9.682832e-01
      outer loop
         vertex 1.094676e+00 -1.073249e-01 -7.125457e-02
         vertex 1.312446e+00 -1.778466e-01 -5.619424e-02
         vertex 1.094508e+00 -1.546918e-01 -5.904837e-02
      endloop
   endfacet
   facet normal -2.449316e-02 -3.461403e-01 -9.378630e-01
      outer loop
         vertex 1.094508e+00 -1.546918e-01 -5.904837e-02
         vertex 1.312446e+00 -1.778466e-01 -5.619424e-02
         vertex 1.312303e+00 -2.241556e-01 -3.909907e-02
      endloop
   endfacet
   facet normal -3.495694e-02 -3.755789e-01 -9.261309e-01
      outer loop
         vertex 1.094508e+00 -1.546918e-01 -5.904837e-02
         vertex 1.312303e+00 -2.241556e-01 -3.909907e-02
         vertex 1.094291e+00 -1.966030e-01 -4.204373e-02
      endloop
   endfacet
   facet normal -5.424417e-02 -5.202961e-01 -8.522614e-01
      outer loop
         vertex 1.094291e+00 -1.966030e-01 -4.204373e-02
         vertex 1.312303e+00 -2.241556e-01 -3.909907e-02
         vertex 1.094041e+00 -2.319952e-01 -2.042126e-02
      endloop
   endfacet
   facet normal -6.560467e-02 -5.198820e-01 -8.517152e-01
      outer loop
         vertex 1.094291e+00 -1.966030e-01 -4.204373e-02
         vertex 1.094041e+00 -2.319952e-01 -2.042126e-02
         vertex 9.848912e-01 -1.851294e-01 -4.062044e-02
      endloop
   endfacet
   facet normal -8.142639e-02 -5.483515e-01 -8.322742e-01
      outer loop
         vertex 9.848912e-01 -1.851294e-01 -4.062044e-02
         vertex 1.094041e+00 -2.319952e-01 -2.042126e-02
         vertex 9.846714e-01 -2.186354e-01 -1.852323e-02
      endloop
   endfacet
   facet normal -7.653447e-02 -5.485872e-01 -8.325831e-01
      outer loop
         vertex 9.848912e-01 -1.851294e-01 -4.062044e-02
         vertex 9.846714e-01 -2.186354e-01 -1.852323e-02
         vertex 8.750000e-01 -1.767420e-01 -3.604522e-02
      endloop
   endfacet
   facet normal -9.498271e-02 -5.854101e-01 -8.051542e-01
      outer loop
         vertex 8.750000e-01 -1.767420e-01 -3.604522e-02
         vertex 9.846714e-01 -2.186354e-01 -1.852323e-02
         vertex 8.750000e-01 -2.072795e-01 -1.384205e-02
      endloop
   endfacet
   facet normal -6.509247e-02 -5.868217e-01 -8.070956e-01
      outer loop
         vertex 8.750000e-01 -1.767420e-01 -3.604522e-02
         vertex 8.750000e-01 -2.072795e-01 -1.384205e-02
         vertex 7.604590e-01 -1.687540e-01 -3.261541e-02
      endloop
   endfacet
   facet normal -8.196357e-02 -6.228290e-01 -7.780527e-01
      outer loop
         vertex 7.604590e-01 -1.687540e-01 -3.261541e-02
         vertex 8.750000e-01 -2.072795e-01 -1.384205e-02
         vertex 7.604198e-01 -1.960395e-01 -1.076929e-02
      endloop
   endfacet
   facet normal -5.172143e-02 -6.241218e-01 -7.796133e-01
      outer loop
         vertex 7.604590e-01 -1.687540e-01 -3.261541e-02
         vertex 7.604198e-01 -1.960395e-01 -1.076929e-02
         vertex 6.397671e-01 -1.574612e-01 -3.364889e-02
      endloop
   endfacet
   facet normal -6.240096e-02 -6.462353e-01 -7.605827e-01
      outer loop
         vertex 6.397671e-01 -1.574612e-01 -3.364889e-02
         vertex 7.604198e-01 -1.960395e-01 -1.076929e-02
         vertex 6.391293e-01 -1.820355e-01 -1.271681e-02
      endloop
   endfacet
   facet normal -5.936307e-02 -6.464012e-01 -7.606849e-01
      outer loop
         vertex 6.397671e-01 -1.574612e-01 -3.364889e-02
         vertex 6.391293e-01 -1.820355e-01 -1.271681e-02
         vertex 5.167376e-01 -1.425011e-01 -3.676032e-02
      endloop
   endfacet
   facet normal -6.442948e-02 -6.565276e-01 -7.515453e-01
      outer loop
         vertex 5.167376e-01 -1.425011e-01 -3.676032e-02
         vertex 6.391293e-01 -1.820355e-01 -1.271681e-02
         vertex 5.152271e-01 -1.645538e-01 -1.736625e-02
      endloop
   endfacet
   facet normal -8.495855e-02 -6.547165e-01 -7.510848e-01
      outer loop
         vertex 5.167376e-01 -1.425011e-01 -3.676032e-02
         vertex 5.152271e-01 -1.645538e-01 -1.736625e-02
         vertex 3.951842e-01 -1.235111e-01 -3.956436e-02
      endloop
   endfacet
   facet normal -8.508935e-02 -6.549710e-01 -7.508480e-01
      outer loop
         vertex 3.951842e-01 -1.235111e-01 -3.956436e-02
         vertex 5.152271e-01 -1.645538e-01 -1.736625e-02
         vertex 3.928121e-01 -1.428807e-01 -2.239926e-02
      endloop
   endfacet
   facet normal -1.297418e-01 -6.486806e-01 -7.499204e-01
      outer loop
         vertex 3.951842e-01 -1.235111e-01 -3.956436e-02
         vertex 3.928121e-01 -1.428807e-01 -2.239926e-02
         vertex 2.789202e-01 -1.001285e-01 -3.967569e-02
      endloop
   endfacet
   facet normal -1.257328e-01 -6.409487e-01 -7.572160e-01
      outer loop
         vertex 2.789202e-01 -1.001285e-01 -3.967569e-02
         vertex 3.928121e-01 -1.428807e-01 -2.239926e-02
         vertex 2.759831e-01 -1.163025e-01 -2.549749e-02
      endloop
   endfacet
   facet normal -1.991555e-01 -6.252845e-01 -7.545571e-01
      outer loop
         vertex 2.789202e-01 -1.001285e-01 -3.967569e-02
         vertex 2.759831e-01 -1.163025e-01 -2.549749e-02
         vertex 1.717592e-01 -7.199092e-02 -3.470896e-02
      endloop
   endfacet
   facet normal -1.918753e-01 -6.109663e-01 -7.680522e-01
      outer loop
         vertex 1.717592e-01 -7.199092e-02 -3.470896e-02
         vertex 2.759831e-01 -1.163025e-01 -2.549749e-02
         vertex 1.688388e-01 -8.410545e-02 -2.434259e-02
      endloop
   endfacet
   facet normal -3.034192e-01 -5.762281e-01 -7.588794e-01
      outer loop
         vertex 1.717592e-01 -7.199092e-02 -3.470896e-02
         vertex 1.688388e-01 -8.410545e-02 -2.434259e-02
         vertex 7.751465e-02 -3.873561e-02 -2.227884e-02
      endloop
   endfacet
   facet normal -2.938429e-01 -5.561081e-01 -7.774317e-01
      outer loop
         vertex 7.751465e-02 -3.873561e-02 -2.227884e-02
         vertex 1.688388e-01 -8.410545e-02 -2.434259e-02
         vertex 7.547823e-02 -4.557586e-02 -1.661621e-02
      endloop
   endfacet
   facet normal -4.100657e-01 -5.060651e-01 -7.587781e-01
      outer loop
         vertex 7.751465e-02 -3.873561e-02 -2.227884e-02
         vertex 7.547823e-02 -4.557586e-02 -1.661621e-02
         vertex 3.642774e-02 -2.007550e-02 -1.251960e-02
      endloop
   endfacet
   facet normal -4.036368e-01 -4.944489e-01 -7.698036e-01
      outer loop
         vertex 3.642774e-02 -2.007550e-02 -1.251960e-02
         vertex 7.547823e-02 -4.557586e-02 -1.661621e-02
         vertex 3.524764e-02 -2.371332e-02 -9.564234e-03
      endloop
   endfacet
   facet normal -4.998158e-01 -4.426654e-01 -7.444673e-01
      outer loop
         vertex 3.642774e-02 -2.007550e-02 -1.251960e-02
         vertex 3.524764e-02 -2.371332e-02 -9.564234e-03
         vertex 0.000000e+00 0.000000e+00 0.000000e+00
      endloop
   endfacet
   facet normal -5.421405e-01 -5.494079e-01 -6.357945e-01
      outer loop
         vertex 3.422047e-02 -2.648244e-02 -6.295497e-03
         vertex 0.000000e+00 0.000000e+00 0.000000e+00
         vertex 3.524764e-02 -2.371332e-02 -9.564234e-03
      endloop
   endfacet
   facet normal -4.617076e-01 -8.715029e-01 -1.652539e-01
      outer loop
         vertex 1.157400e-01 -7.882571e-02 6.459961e-03
         vertex 7.069907e-02 -5.429224e-02 2.918467e-03
         vertex 7.246397e-02 -5.395113e-02 -3.811479e-03
      endloop
   endfacet
   facet normal -5.445010e-01 -8.182689e-01 -1.842680e-01
      outer loop
         vertex 7.246397e-02 -5.395113e-02 -3.811479e-03
         vertex 7.069907e-02 -5.429224e-02 2.918467e-03
         vertex 3.349505e-02 -2.824501e-02 -2.812377e-03
      endloop
   endfacet
   facet normal -4.937588e-01 -7.301514e-01 -4.723148e-01
      outer loop
         vertex 7.246397e-02 -5.395113e-02 -3.811479e-03
         vertex 3.349505e-02 -2.824501e-02 -2.812377e-03
         vertex 3.422047e-02 -2.648244e-02 -6.295497e-03
      endloop
   endfacet
   facet normal -5.952078e-01 -6.602323e-01 -4.580622e-01
      outer loop
         vertex 3.422047e-02 -2.648244e-02 -6.295497e-03
         vertex 3.349505e-02 -2.824501e-02 -2.812377e-03
         vertex 0.000000e+00 0.000000e+00 0.000000e+00
      endloop
   endfacet
   facet normal 1.205653e-01 4.622040e-02 -9.916288e-01
      outer loop
         vertex 3.413200e+00 5.037506e-02 -8.205351e-03
         vertex 3.500000e+00 0.000000e+00 0.000000e+00
         vertex 3.406170e+00 2.683235e-02 -1.015745e-02
      endloop
   endfacet
   facet normal 1.194282e-01 2.489714e-02 -9.925306e-01
      outer loop
         vertex 2.552881e+00 1.350822e-18 -2.563696e-02
         vertex 2.516009e+00 1.778769e-18 -3.007364e-02
         vertex 2.515838e+00 1.009786e-01 -2.756122e-02
      endloop
   endfacet
   facet normal 8.508997e-02 6.704852e-02 -9.941148e-01
      outer loop
         vertex 2.680438e+00 1.917945e-01 -6.508505e-03
         vertex 2.625000e+00 1.945446e-01 -1.106815e-02
         vertex 2.625000e+00 3.534841e-01 -3.484067e-04
      endloop
   endfacet
   facet normal 1.642325e-01 1.933108e-01 -9.672945e-01
      outer loop
         vertex 3.416886e+00 6.009736e-02 -6.363763e-03
         vertex 3.320024e+00 1.279854e-01 -9.242143e-03
         vertex 3.324587e+00 1.448625e-01 -5.094700e-03
      endloop
   endfacet
   facet normal -1.927523e-02 8.489936e-02 -9.962031e-01
      outer loop
         vertex 2.681073e+00 4.137123e-01 5.605222e-03
         vertex 2.738783e+00 4.065617e-01 3.879223e-03
         vertex 2.738433e+00 3.433219e-01 -1.503490e-03
      endloop
   endfacet
   facet normal 1.489193e-04 1.202997e-01 -9.927376e-01
      outer loop
         vertex 2.681035e+00 3.508607e-01 -6.579013e-04
         vertex 2.625000e+00 3.534841e-01 -3.484067e-04
         vertex 2.625000e+00 4.145591e-01 7.052648e-03
      endloop
   endfacet
   facet normal -1.467145e-01 9.662337e-01 -2.118190e-01
      outer loop
         vertex 1.750000e+00 3.724147e-01 2.320707e-02
         vertex 1.750000e+00 3.750000e-01 3.500000e-02
         vertex 1.968453e+00 4.081702e-01 3.500000e-02
      endloop
   endfacet
   facet normal 1.604721e-02 2.501114e-01 -9.680841e-01
      outer loop
         vertex 1.969477e+00 2.825531e-01 -3.380570e-02
         vertex 1.969183e+00 3.337338e-01 -2.058768e-02
         vertex 2.187301e+00 3.652687e-01 -8.824823e-03
      endloop
   endfacet
   facet normal 3.574042e-03 3.276916e-01 -9.447780e-01
      outer loop
         vertex 2.187301e+00 3.652687e-01 -8.824823e-03
         vertex 1.969183e+00 3.337338e-01 -2.058768e-02
         vertex 2.187347e+00 4.045376e-01 4.795587e-03
      endloop
   endfacet
   facet normal -4.445859e-03 3.276988e-01 -9.447718e-01
      outer loop
         vertex 2.187301e+00 3.652687e-01 -8.824823e-03
         vertex 2.187347e+00 4.045376e-01 4.795587e-03
         vertex 2.405925e+00 4.349458e-01 1.431424e-02
      endloop
   endfacet
   facet normal -1.490836e-02 3.947352e-01 -9.186740e-01
      outer loop
         vertex 2.405925e+00 4.349458e-01 1.431424e-02
         vertex 2.187347e+00 4.045376e-01 4.795587e-03
         vertex 2.406350e+00 4.588090e-01 2.456086e-02
      endloop
   endfacet
   facet normal 1.352327e-02 1.649505e-01 -9.862091e-01
      outer loop
         vertex 2.405519e+00 3.955389e-01 3.889933e-03
         vertex 2.515029e+00 4.070793e-01 7.321792e-03
         vertex 2.514886e+00 3.500400e-01 -2.220402e-03
      endloop
   endfacet
   facet normal -1.047342e-01 8.241872e-01 -5.565485e-01
      outer loop
         vertex 1.968568e+00 3.990602e-01 1.456870e-02
         vertex 1.968484e+00 4.058403e-01 2.462509e-02
         vertex 2.187484e+00 4.353593e-01 2.712679e-02
      endloop
   endfacet
   facet normal -1.195639e-01 9.189009e-01 -3.759329e-01
      outer loop
         vertex 2.187484e+00 4.353593e-01 2.712679e-02
         vertex 1.968484e+00 4.058403e-01 2.462509e-02
         vertex 2.187496e+00 4.369615e-01 3.103937e-02
      endloop
   endfacet
   facet normal -1.209178e-01 9.187506e-01 -3.758673e-01
      outer loop
         vertex 2.187484e+00 4.353593e-01 2.712679e-02
         vertex 2.187496e+00 4.369615e-01 3.103937e-02
         vertex 2.406533e+00 4.663261e-01 3.235192e-02
      endloop
   endfacet
   facet normal -6.271981e-02 5.891318e-01 -8.055991e-01
      outer loop
         vertex 1.968845e+00 3.734088e-01 -4.211702e-03
         vertex 1.968568e+00 3.990602e-01 1.456870e-02
         vertex 2.187446e+00 4.290445e-01 1.945542e-02
      endloop
   endfacet
   facet normal -9.123269e-02 7.690759e-01 -6.326127e-01
      outer loop
         vertex 2.187446e+00 4.290445e-01 1.945542e-02
         vertex 1.968568e+00 3.990602e-01 1.456870e-02
         vertex 2.187484e+00 4.353593e-01 2.712679e-02
      endloop
   endfacet
   facet normal -9.588011e-02 7.687502e-01 -6.323212e-01
      outer loop
         vertex 2.187446e+00 4.290445e-01 1.945542e-02
         vertex 2.187484e+00 4.353593e-01 2.712679e-02
         vertex 2.406493e+00 4.648184e-01 2.973322e-02
      endloop
   endfacet
   facet normal -1.100715e-01 8.620759e-01 -4.946811e-01
      outer loop
         vertex 2.406493e+00 4.648184e-01 2.973322e-02
         vertex 2.187484e+00 4.353593e-01 2.712679e-02
         vertex 2.406533e+00 4.663261e-01 3.235192e-02
      endloop
   endfacet
   facet normal -1.298420e-01 8.601360e-01 -4.932617e-01
      outer loop
         vertex 2.406493e+00 4.648184e-01 2.973322e-02
         vertex 2.406533e+00 4.663261e-01 3.235192e-02
         vertex 2.625000e+00 4.993489e-01 3.242863e-02
      endloop
   endfacet
   facet normal -4.081092e-03 8.483098e-02 -9.963870e-01
      outer loop
         vertex 2.738433e+00 3.433219e-01 -1.503490e-03
         vertex 2.738783e+00 4.065617e-01 3.879223e-03
         vertex 2.796864e+00 3.313648e-01 -2.760832e-03
      endloop
   endfacet
   facet normal -1.593673e-02 7.572803e-02 -9.970011e-01
      outer loop
         vertex 2.796864e+00 3.313648e-01 -2.760832e-03
         vertex 2.738783e+00 4.065617e-01 3.879223e-03
         vertex 2.797738e+00 3.937420e-01 1.963105e-03
      endloop
   endfacet
   facet normal -5.749410e-03 7.559440e-02 -9.971221e-01
      outer loop
         vertex 2.796864e+00 3.313648e-01 -2.760832e-03
         vertex 2.797738e+00 3.937420e-01 1.963105e-03
         vertex 2.855997e+00 3.154863e-01 -4.305583e-03
      endloop
   endfacet
   facet normal 1.261043e-01 1.382728e-01 -9.823331e-01
      outer loop
         vertex 3.416886e+00 6.009736e-02 -6.363763e-03
         vertex 3.413200e+00 5.037506e-02 -8.205351e-03
         vertex 3.320024e+00 1.279854e-01 -9.242143e-03
      endloop
   endfacet
   facet normal 1.009857e-01 1.080272e-01 -9.890056e-01
      outer loop
         vertex 3.320024e+00 1.279854e-01 -9.242143e-03
         vertex 3.413200e+00 5.037506e-02 -8.205351e-03
         vertex 3.314660e+00 1.069342e-01 -1.208928e-02
      endloop
   endfacet
   facet normal 7.616967e-02 1.145522e-01 -9.904928e-01
      outer loop
         vertex 3.320024e+00 1.279854e-01 -9.242143e-03
         vertex 3.314660e+00 1.069342e-01 -1.208928e-02
         vertex 3.212538e+00 1.985864e-01 -9.342780e-03
      endloop
   endfacet
   facet normal 5.468368e-02 9.072813e-02 -9.943732e-01
      outer loop
         vertex 3.212538e+00 1.985864e-01 -9.342780e-03
         vertex 3.314660e+00 1.069342e-01 -1.208928e-02
         vertex 3.207024e+00 1.657011e-01 -1.264654e-02
      endloop
   endfacet
   facet normal 3.844543e-02 9.350162e-02 -9.948766e-01
      outer loop
         vertex 3.212538e+00 1.985864e-01 -9.342780e-03
         vertex 3.207024e+00 1.657011e-01 -1.264654e-02
         vertex 3.097549e+00 2.668224e-01 -7.373320e-03
      endloop
   endfacet
   facet normal 2.279162e-02 7.665484e-02 -9.967972e-01
      outer loop
         vertex 3.097549e+00 2.668224e-01 -7.373320e-03
         vertex 3.207024e+00 1.657011e-01 -1.264654e-02
         vertex 3.092938e+00 2.226996e-01 -1.087184e-02
      endloop
   endfacet
   facet normal 1.180205e-02 7.781137e-02 -9.968982e-01
      outer loop
         vertex 3.097549e+00 2.668224e-01 -7.373320e-03
         vertex 3.092938e+00 2.226996e-01 -1.087184e-02
         vertex 2.978179e+00 3.276155e-01 -4.041404e-03
      endloop
   endfacet
   facet normal 3.629296e-03 6.891856e-02 -9.976157e-01
      outer loop
         vertex 2.978179e+00 3.276155e-01 -4.041404e-03
         vertex 3.092938e+00 2.226996e-01 -1.087184e-02
         vertex 2.975047e+00 2.739534e-01 -7.759947e-03
      endloop
   endfacet
   facet normal -2.463118e-03 6.927267e-02 -9.975947e-01
      outer loop
         vertex 2.978179e+00 3.276155e-01 -4.041404e-03
         vertex 2.975047e+00 2.739534e-01 -7.759947e-03
         vertex 2.917827e+00 3.536341e-01 -2.085664e-03
      endloop
   endfacet
   facet normal -5.554166e-03 6.706279e-02 -9.977333e-01
      outer loop
         vertex 2.917827e+00 3.536341e-01 -2.085664e-03
         vertex 2.975047e+00 2.739534e-01 -7.759947e-03
         vertex 2.855997e+00 3.154863e-01 -4.305583e-03
      endloop
   endfacet
   facet normal -7.619834e-03 7.039666e-02 -9.974900e-01
      outer loop
         vertex 2.917827e+00 3.536341e-01 -2.085664e-03
         vertex 2.855997e+00 3.154863e-01 -4.305583e-03
         vertex 2.857550e+00 3.758879e-01 -5.467591e-05
      endloop
   endfacet
   facet normal -1.259815e-02 7.052047e-02 -9.974308e-01
      outer loop
         vertex 2.857550e+00 3.758879e-01 -5.467591e-05
         vertex 2.855997e+00 3.154863e-01 -4.305583e-03
         vertex 2.797738e+00 3.937420e-01 1.963105e-03
      endloop
   endfacet
   facet normal 1.386252e-01 2.008406e-01 -9.697660e-01
      outer loop
         vertex 3.324587e+00 1.448625e-01 -5.094700e-03
         vertex 3.320024e+00 1.279854e-01 -9.242143e-03
         vertex 3.217129e+00 2.251305e-01 -3.831795e-03
      endloop
   endfacet
   facet normal 1.203342e-01 1.818109e-01 -9.759429e-01
      outer loop
         vertex 3.217129e+00 2.251305e-01 -3.831795e-03
         vertex 3.320024e+00 1.279854e-01 -9.242143e-03
         vertex 3.212538e+00 1.985864e-01 -9.342780e-03
      endloop
   endfacet
   facet normal 9.901978e-02 1.858366e-01 -9.775786e-01
      outer loop
         vertex 3.217129e+00 2.251305e-01 -3.831795e-03
         vertex 3.212538e+00 1.985864e-01 -9.342780e-03
         vertex 3.101260e+00 3.024846e-01 -8.633794e-04
      endloop
   endfacet
   facet normal 8.432664e-02 1.704404e-01 -9.817531e-01
      outer loop
         vertex 3.101260e+00 3.024846e-01 -8.633794e-04
         vertex 3.212538e+00 1.985864e-01 -9.342780e-03
         vertex 3.097549e+00 2.668224e-01 -7.373320e-03
      endloop
   endfacet
   facet normal 6.479136e-02 1.726723e-01 -9.828460e-01
      outer loop
         vertex 3.101260e+00 3.024846e-01 -8.633794e-04
         vertex 3.097549e+00 2.668224e-01 -7.373320e-03
         vertex 2.980545e+00 3.708206e-01 3.184556e-03
      endloop
   endfacet
   facet normal 5.489095e-02 1.617828e-01 -9.852986e-01
      outer loop
         vertex 2.980545e+00 3.708206e-01 3.184556e-03
         vertex 3.097549e+00 2.668224e-01 -7.373320e-03
         vertex 2.978179e+00 3.276155e-01 -4.041404e-03
      endloop
   endfacet
   facet normal 4.086738e-02 1.626411e-01 -9.858386e-01
      outer loop
         vertex 2.980545e+00 3.708206e-01 3.184556e-03
         vertex 2.978179e+00 3.276155e-01 -4.041404e-03
         vertex 2.919486e+00 3.996994e-01 5.417720e-03
      endloop
   endfacet
   facet normal 3.673715e-02 1.593695e-01 -9.865352e-01
      outer loop
         vertex 2.919486e+00 3.996994e-01 5.417720e-03
         vertex 2.978179e+00 3.276155e-01 -4.041404e-03
         vertex 2.917827e+00 3.536341e-01 -2.085664e-03
      endloop
   endfacet
   facet normal 2.706985e-02 1.597583e-01 -9.867849e-01
      outer loop
         vertex 2.919486e+00 3.996994e-01 5.417720e-03
         vertex 2.917827e+00 3.536341e-01 -2.085664e-03
         vertex 2.858553e+00 4.240348e-01 7.686016e-03
      endloop
   endfacet
   facet normal 2.513700e-02 1.581735e-01 -9.870913e-01
      outer loop
         vertex 2.858553e+00 4.240348e-01 7.686016e-03
         vertex 2.917827e+00 3.536341e-01 -2.085664e-03
         vertex 2.857550e+00 3.758879e-01 -5.467591e-05
      endloop
   endfacet
   facet normal 1.355426e-02 1.584442e-01 -9.872749e-01
      outer loop
         vertex 2.858553e+00 4.240348e-01 7.686016e-03
         vertex 2.857550e+00 3.758879e-01 -5.467591e-05
         vertex 2.798192e+00 4.430636e-01 9.911196e-03
      endloop
   endfacet
   facet normal 1.414515e-02 1.589530e-01 -9.871848e-01
      outer loop
         vertex 2.798192e+00 4.430636e-01 9.911196e-03
         vertex 2.857550e+00 3.758879e-01 -5.467591e-05
         vertex 2.797738e+00 3.937420e-01 1.963105e-03
      endloop
   endfacet
   facet normal -2.562133e-04 1.590979e-01 -9.872628e-01
      outer loop
         vertex 2.798192e+00 4.430636e-01 9.911196e-03
         vertex 2.797738e+00 3.937420e-01 1.963105e-03
         vertex 2.738849e+00 4.560230e-01 1.201501e-02
      endloop
   endfacet
   facet normal 3.222056e-03 1.623017e-01 -9.867359e-01
      outer loop
         vertex 2.738849e+00 4.560230e-01 1.201501e-02
         vertex 2.797738e+00 3.937420e-01 1.963105e-03
         vertex 2.738783e+00 4.065617e-01 3.879223e-03
      endloop
   endfacet
   facet normal -1.527785e-02 1.623077e-01 -9.866219e-01
      outer loop
         vertex 2.738849e+00 4.560230e-01 1.201501e-02
         vertex 2.738783e+00 4.065617e-01 3.879223e-03
         vertex 2.680969e+00 4.621500e-01 1.391921e-02
      endloop
   endfacet
   facet normal -8.518074e-03 1.691452e-01 -9.855543e-01
      outer loop
         vertex 2.680969e+00 4.621500e-01 1.391921e-02
         vertex 2.738783e+00 4.065617e-01 3.879223e-03
         vertex 2.681073e+00 4.137123e-01 5.605222e-03
      endloop
   endfacet
   facet normal -3.305769e-02 1.690078e-01 -9.850602e-01
      outer loop
         vertex 2.680969e+00 4.621500e-01 1.391921e-02
         vertex 2.681073e+00 4.137123e-01 5.605222e-03
         vertex 2.625000e+00 4.606815e-01 1.554554e-02
      endloop
   endfacet
   facet normal -1.622919e-02 3.813628e-01 -9.242830e-01
      outer loop
         vertex 1.969183e+00 3.337338e-01 -2.058768e-02
         vertex 1.968845e+00 3.734088e-01 -4.211702e-03
         vertex 2.187347e+00 4.045376e-01 4.795587e-03
      endloop
   endfacet
   facet normal -3.775042e-02 5.131011e-01 -8.574976e-01
      outer loop
         vertex 2.187347e+00 4.045376e-01 4.795587e-03
         vertex 1.968845e+00 3.734088e-01 -4.211702e-03
         vertex 2.187446e+00 4.290445e-01 1.945542e-02
      endloop
   endfacet
   facet normal -4.974651e-02 5.128670e-01 -8.570255e-01
      outer loop
         vertex 2.187347e+00 4.045376e-01 4.795587e-03
         vertex 2.187446e+00 4.290445e-01 1.945542e-02
         vertex 2.406350e+00 4.588090e-01 2.456086e-02
      endloop
   endfacet
   facet normal -7.099572e-02 6.516743e-01 -7.551690e-01
      outer loop
         vertex 2.406350e+00 4.588090e-01 2.456086e-02
         vertex 2.187446e+00 4.290445e-01 1.945542e-02
         vertex 2.406493e+00 4.648184e-01 2.973322e-02
      endloop
   endfacet
   facet normal -9.652029e-02 6.506220e-01 -7.532429e-01
      outer loop
         vertex 2.406350e+00 4.588090e-01 2.456086e-02
         vertex 2.406493e+00 4.648184e-01 2.973322e-02
         vertex 2.625000e+00 4.974165e-01 2.989084e-02
      endloop
   endfacet
   facet normal -1.174391e-01 7.901084e-01 -6.016118e-01
      outer loop
         vertex 2.625000e+00 4.974165e-01 2.989084e-02
         vertex 2.406493e+00 4.648184e-01 2.973322e-02
         vertex 2.625000e+00 4.993489e-01 3.242863e-02
      endloop
   endfacet
   facet normal -6.705621e-02 7.938232e-01 -6.044404e-01
      outer loop
         vertex 2.625000e+00 4.974165e-01 2.989084e-02
         vertex 2.625000e+00 4.993489e-01 3.242863e-02
         vertex 2.680779e+00 5.015193e-01 2.909104e-02
      endloop
   endfacet
   facet normal -6.716533e-02 7.910281e-01 -6.080817e-01
      outer loop
         vertex 2.680779e+00 5.015193e-01 2.909104e-02
         vertex 2.625000e+00 4.993489e-01 3.242863e-02
         vertex 2.680764e+00 5.036235e-01 3.182986e-02
      endloop
   endfacet
   facet normal 5.002413e-02 7.921266e-01 -6.083034e-01
      outer loop
         vertex 2.680779e+00 5.015193e-01 2.909104e-02
         vertex 2.680764e+00 5.036235e-01 3.182986e-02
         vertex 2.738740e+00 4.968007e-01 2.771289e-02
      endloop
   endfacet
   facet normal 5.009295e-02 7.924521e-01 -6.078737e-01
      outer loop
         vertex 2.738740e+00 4.968007e-01 2.771289e-02
         vertex 2.680764e+00 5.036235e-01 3.182986e-02
         vertex 2.738728e+00 4.990038e-01 3.058398e-02
      endloop
   endfacet
   facet normal 1.477538e-01 7.849441e-01 -6.016907e-01
      outer loop
         vertex 2.738740e+00 4.968007e-01 2.771289e-02
         vertex 2.738728e+00 4.990038e-01 3.058398e-02
         vertex 2.798384e+00 4.841454e-01 2.584981e-02
      endloop
   endfacet
   facet normal 1.484560e-01 7.868946e-01 -5.989639e-01
      outer loop
         vertex 2.798384e+00 4.841454e-01 2.584981e-02
         vertex 2.738728e+00 4.990038e-01 3.058398e-02
         vertex 2.798388e+00 4.863819e-01 2.878886e-02
      endloop
   endfacet
   facet normal 2.290677e-01 7.745121e-01 -5.896261e-01
      outer loop
         vertex 2.798384e+00 4.841454e-01 2.584981e-02
         vertex 2.798388e+00 4.863819e-01 2.878886e-02
         vertex 2.859214e+00 4.644383e-01 2.359520e-02
      endloop
   endfacet
   facet normal 2.303976e-01 7.772270e-01 -5.855212e-01
      outer loop
         vertex 2.859214e+00 4.644383e-01 2.359520e-02
         vertex 2.798388e+00 4.863819e-01 2.878886e-02
         vertex 2.859242e+00 4.666500e-01 2.654237e-02
      endloop
   endfacet
   facet normal 2.968097e-01 7.623892e-01 -5.750363e-01
      outer loop
         vertex 2.859214e+00 4.644383e-01 2.359520e-02
         vertex 2.859242e+00 4.666500e-01 2.654237e-02
         vertex 2.920728e+00 4.385643e-01 2.104247e-02
      endloop
   endfacet
   facet normal 2.986178e-01 7.653817e-01 -5.701037e-01
      outer loop
         vertex 2.920728e+00 4.385643e-01 2.104247e-02
         vertex 2.859242e+00 4.666500e-01 2.654237e-02
         vertex 2.920790e+00 4.407001e-01 2.394238e-02
      endloop
   endfacet
   facet normal 3.534830e-01 7.495710e-01 -5.596365e-01
      outer loop
         vertex 2.920728e+00 4.385643e-01 2.104247e-02
         vertex 2.920790e+00 4.407001e-01 2.394238e-02
         vertex 2.982430e+00 4.074082e-01 1.828501e-02
      endloop
   endfacet
   facet normal 1.728673e-01 8.800100e-01 -4.423792e-01
      outer loop
         vertex 2.738728e+00 4.990038e-01 3.058398e-02
         vertex 2.780236e+00 4.917376e-01 3.234954e-02
         vertex 2.798388e+00 4.863819e-01 2.878886e-02
      endloop
   endfacet
   facet normal 2.310928e-01 9.428486e-01 -2.400680e-01
      outer loop
         vertex 2.798388e+00 4.863819e-01 2.878886e-02
         vertex 2.780236e+00 4.917376e-01 3.234954e-02
         vertex 2.798388e+00 4.871408e-01 3.177002e-02
      endloop
   endfacet
   facet normal 2.918281e-01 9.268929e-01 -2.360209e-01
      outer loop
         vertex 2.798388e+00 4.863819e-01 2.878886e-02
         vertex 2.798388e+00 4.871408e-01 3.177002e-02
         vertex 2.859242e+00 4.666500e-01 2.654237e-02
      endloop
   endfacet
   facet normal 3.281729e-01 9.096894e-01 2.544951e-01
      outer loop
         vertex 2.859242e+00 4.666500e-01 2.654237e-02
         vertex 2.798388e+00 4.871408e-01 3.177002e-02
         vertex 2.890685e+00 4.548374e-01 2.822109e-02
      endloop
   endfacet
   facet normal 3.401915e-01 8.476565e-01 -4.071218e-01
      outer loop
         vertex 2.859242e+00 4.666500e-01 2.654237e-02
         vertex 2.890685e+00 4.548374e-01 2.822109e-02
         vertex 2.920790e+00 4.407001e-01 2.394238e-02
      endloop
   endfacet
   facet normal 5.601978e-01 8.047049e-01 -1.965410e-01
      outer loop
         vertex 3.104572e+00 3.344631e-01 1.499997e-02
         vertex 3.104631e+00 3.350327e-01 1.750000e-02
         vertex 3.168118e+00 2.899828e-01 1.400523e-02
      endloop
   endfacet
   facet normal 4.488456e-01 6.548279e-01 -6.080609e-01
      outer loop
         vertex 3.104572e+00 3.344631e-01 1.499997e-02
         vertex 3.168118e+00 2.899828e-01 1.400523e-02
         vertex 3.221356e+00 2.489035e-01 9.064994e-03
      endloop
   endfacet
   facet normal 4.598683e-01 5.324562e-01 -7.106416e-01
      outer loop
         vertex 3.422922e+00 7.418665e-02 6.406645e-05
         vertex 3.422299e+00 7.283623e-02 -1.350747e-03
         vertex 3.328636e+00 1.590996e-01 2.671843e-03
      endloop
   endfacet
   facet normal 4.502095e-01 5.225928e-01 -7.240222e-01
      outer loop
         vertex 3.328636e+00 1.590996e-01 2.671843e-03
         vertex 3.422299e+00 7.283623e-02 -1.350747e-03
         vertex 3.327757e+00 1.560788e-01 -5.504081e-05
      endloop
   endfacet
   facet normal 4.149822e-01 5.401608e-01 -7.321312e-01
      outer loop
         vertex 3.328636e+00 1.590996e-01 2.671843e-03
         vertex 3.327757e+00 1.560788e-01 -5.504081e-05
         vertex 3.221131e+00 2.476601e-01 7.076088e-03
      endloop
   endfacet
   facet normal 4.049850e-01 5.295515e-01 -7.453605e-01
      outer loop
         vertex 3.221131e+00 2.476601e-01 7.076088e-03
         vertex 3.327757e+00 1.560788e-01 -5.504081e-05
         vertex 3.220269e+00 2.428663e-01 3.202008e-03
      endloop
   endfacet
   facet normal 3.625169e-01 5.455030e-01 -7.556507e-01
      outer loop
         vertex 3.221131e+00 2.476601e-01 7.076088e-03
         vertex 3.220269e+00 2.428663e-01 3.202008e-03
         vertex 3.104399e+00 3.327892e-01 1.252956e-02
      endloop
   endfacet
   facet normal 3.528271e-01 5.343117e-01 -7.681302e-01
      outer loop
         vertex 3.104399e+00 3.327892e-01 1.252956e-02
         vertex 3.220269e+00 2.428663e-01 3.202008e-03
         vertex 3.103732e+00 3.263376e-01 7.735290e-03
      endloop
   endfacet
   facet normal 2.990638e-01 5.490363e-01 -7.804614e-01
      outer loop
         vertex 3.104399e+00 3.327892e-01 1.252956e-02
         vertex 3.103732e+00 3.263376e-01 7.735290e-03
         vertex 2.982430e+00 4.074082e-01 1.828501e-02
      endloop
   endfacet
   facet normal 2.904958e-01 5.376581e-01 -7.915402e-01
      outer loop
         vertex 2.982430e+00 4.074082e-01 1.828501e-02
         vertex 3.103732e+00 3.263376e-01 7.735290e-03
         vertex 2.982041e+00 3.996313e-01 1.285970e-02
      endloop
   endfacet
   facet normal 2.404972e-01 5.472351e-01 -8.016825e-01
      outer loop
         vertex 2.982430e+00 4.074082e-01 1.828501e-02
         vertex 2.982041e+00 3.996313e-01 1.285970e-02
         vertex 2.920728e+00 4.385643e-01 2.104247e-02
      endloop
   endfacet
   facet normal 2.364205e-01 5.418374e-01 -8.065467e-01
      outer loop
         vertex 2.920728e+00 4.385643e-01 2.104247e-02
         vertex 2.982041e+00 3.996313e-01 1.285970e-02
         vertex 2.920480e+00 4.303174e-01 1.542947e-02
      endloop
   endfacet
   facet normal 1.965916e-01 5.476306e-01 -8.132973e-01
      outer loop
         vertex 2.920728e+00 4.385643e-01 2.104247e-02
         vertex 2.920480e+00 4.303174e-01 1.542947e-02
         vertex 2.859214e+00 4.644383e-01 2.359520e-02
      endloop
   endfacet
   facet normal 1.932184e-01 5.425756e-01 -8.174830e-01
      outer loop
         vertex 2.859214e+00 4.644383e-01 2.359520e-02
         vertex 2.920480e+00 4.303174e-01 1.542947e-02
         vertex 2.859091e+00 4.558862e-01 1.789012e-02
      endloop
   endfacet
   facet normal 1.468335e-01 5.474779e-01 -8.238373e-01
      outer loop
         vertex 2.859214e+00 4.644383e-01 2.359520e-02
         vertex 2.859091e+00 4.558862e-01 1.789012e-02
         vertex 2.798384e+00 4.841454e-01 2.584981e-02
      endloop
   endfacet
   facet normal 1.443709e-01 5.431206e-01 -8.271499e-01
      outer loop
         vertex 2.798384e+00 4.841454e-01 2.584981e-02
         vertex 2.859091e+00 4.558862e-01 1.789012e-02
         vertex 2.798362e+00 4.754799e-01 2.015599e-02
      endloop
   endfacet
   facet normal 9.000454e-02 5.467430e-01 -8.324489e-01
      outer loop
         vertex 2.798384e+00 4.841454e-01 2.584981e-02
         vertex 2.798362e+00 4.754799e-01 2.015599e-02
         vertex 2.738740e+00 4.968007e-01 2.771289e-02
      endloop
   endfacet
   facet normal 8.862310e-02 5.436496e-01 -8.346203e-01
      outer loop
         vertex 2.738740e+00 4.968007e-01 2.771289e-02
         vertex 2.798362e+00 4.754799e-01 2.015599e-02
         vertex 2.738779e+00 4.882409e-01 2.214144e-02
      endloop
   endfacet
   facet normal 2.448327e-02 5.454267e-01 -8.378008e-01
      outer loop
         vertex 2.738740e+00 4.968007e-01 2.771289e-02
         vertex 2.738779e+00 4.882409e-01 2.214144e-02
         vertex 2.680779e+00 5.015193e-01 2.909104e-02
      endloop
   endfacet
   facet normal 2.422384e-02 5.445842e-01 -8.383563e-01
      outer loop
         vertex 2.680779e+00 5.015193e-01 2.909104e-02
         vertex 2.738779e+00 4.882409e-01 2.214144e-02
         vertex 2.680830e+00 4.933116e-01 2.376085e-02
      endloop
   endfacet
   facet normal -5.200122e-02 5.436770e-01 -8.376821e-01
      outer loop
         vertex 2.680779e+00 5.015193e-01 2.909104e-02
         vertex 2.680830e+00 4.933116e-01 2.376085e-02
         vertex 2.625000e+00 4.974165e-01 2.989084e-02
      endloop
   endfacet
   facet normal -5.154015e-02 5.468764e-01 -8.356254e-01
      outer loop
         vertex 2.625000e+00 4.974165e-01 2.989084e-02
         vertex 2.680830e+00 4.933116e-01 2.376085e-02
         vertex 2.625000e+00 4.898342e-01 2.492856e-02
      endloop
   endfacet
   facet normal -7.607376e-02 5.460174e-01 -8.343128e-01
      outer loop
         vertex 2.625000e+00 4.974165e-01 2.989084e-02
         vertex 2.625000e+00 4.898342e-01 2.492856e-02
         vertex 2.406350e+00 4.588090e-01 2.456086e-02
      endloop
   endfacet
   facet normal -4.173049e-02 3.053703e-01 -9.513189e-01
      outer loop
         vertex 2.406350e+00 4.588090e-01 2.456086e-02
         vertex 2.625000e+00 4.898342e-01 2.492856e-02
         vertex 2.515374e+00 4.486447e-01 1.651573e-02
      endloop
   endfacet
   facet normal -3.094845e-02 3.948316e-01 -9.182321e-01
      outer loop
         vertex 2.406350e+00 4.588090e-01 2.456086e-02
         vertex 2.515374e+00 4.486447e-01 1.651573e-02
         vertex 2.405925e+00 4.349458e-01 1.431424e-02
      endloop
   endfacet
   facet normal 5.177444e-01 8.314358e-01 -2.016314e-01
      outer loop
         vertex 3.104631e+00 3.350327e-01 1.750000e-02
         vertex 3.104572e+00 3.344631e-01 1.499997e-02
         vertex 3.019957e+00 3.888573e-01 2.202302e-02
      endloop
   endfacet
   facet normal 3.966998e-01 6.945924e-01 -6.001422e-01
      outer loop
         vertex 3.019957e+00 3.888573e-01 2.202302e-02
         vertex 3.104572e+00 3.344631e-01 1.499997e-02
         vertex 2.982529e+00 4.094242e-01 2.108673e-02
      endloop
   endfacet
   facet normal 4.651366e-01 8.566187e-01 2.232762e-01
      outer loop
         vertex 3.019957e+00 3.888573e-01 2.202302e-02
         vertex 2.982529e+00 4.094242e-01 2.108673e-02
         vertex 2.920811e+00 4.414261e-01 2.688232e-02
      endloop
   endfacet
   facet normal 8.345665e-02 3.094628e-02 -9.960308e-01
      outer loop
         vertex 2.625000e+00 1.945446e-01 -1.106815e-02
         vertex 2.680438e+00 1.917945e-01 -6.508505e-03
         vertex 2.625000e+00 1.007144e-01 -1.398342e-02
      endloop
   endfacet
   facet normal -4.363043e-02 -3.114113e-02 -9.985623e-01
      outer loop
         vertex 3.078231e+00 -2.341877e-17 -4.874899e-03
         vertex 2.964000e+00 -1.768605e-17 1.162296e-04
         vertex 2.967784e+00 1.468231e-01 -4.627903e-03
      endloop
   endfacet
   facet normal -3.014250e-02 -3.150443e-02 -9.990490e-01
      outer loop
         vertex 2.967784e+00 1.468231e-01 -4.627903e-03
         vertex 2.964000e+00 -1.768605e-17 1.162296e-04
         vertex 2.934921e+00 -1.597185e-17 9.935838e-04
      endloop
   endfacet
   facet normal -2.691933e-02 -3.222850e-02 -9.991179e-01
      outer loop
         vertex 2.967784e+00 1.468231e-01 -4.627903e-03
         vertex 2.934921e+00 -1.597185e-17 9.935838e-04
         vertex 2.851746e+00 1.700636e-01 -2.251165e-03
      endloop
   endfacet
   facet normal -1.137325e-02 -2.463503e-02 -9.996318e-01
      outer loop
         vertex 2.851746e+00 1.700636e-01 -2.251165e-03
         vertex 2.934921e+00 -1.597185e-17 9.935838e-04
         vertex 2.849352e+00 -1.073360e-17 1.967142e-03
      endloop
   endfacet
   facet normal 8.968166e-03 -2.492186e-02 -9.996492e-01
      outer loop
         vertex 2.851746e+00 1.700636e-01 -2.251165e-03
         vertex 2.849352e+00 -1.073360e-17 1.967142e-03
         vertex 2.736863e+00 1.866323e-01 -3.694883e-03
      endloop
   endfacet
   facet normal 3.663038e-02 -8.238317e-03 -9.992949e-01
      outer loop
         vertex 2.736863e+00 1.866323e-01 -3.694883e-03
         vertex 2.849352e+00 -1.073360e-17 1.967142e-03
         vertex 2.734141e+00 -4.184111e-18 -2.256050e-03
      endloop
   endfacet
   facet normal 1.159728e-01 -9.348700e-03 -9.932084e-01
      outer loop
         vertex 2.736863e+00 1.866323e-01 -3.694883e-03
         vertex 2.734141e+00 -4.184111e-18 -2.256050e-03
         vertex 2.625000e+00 0.000000e+00 -1.500000e-02
      endloop
   endfacet
   facet normal 3.073555e-02 -9.824360e-03 -9.994793e-01
      outer loop
         vertex 3.406170e+00 2.683235e-02 -1.015745e-02
         vertex 3.303486e+00 -2.420147e-17 -1.305140e-02
         vertex 3.304168e+00 5.691534e-02 -1.358987e-02
      endloop
   endfacet
   facet normal -5.167188e-03 -9.398307e-03 -9.999425e-01
      outer loop
         vertex 3.304168e+00 5.691534e-02 -1.358987e-02
         vertex 3.303486e+00 -2.420147e-17 -1.305140e-02
         vertex 3.299245e+00 -2.439455e-17 -1.302949e-02
      endloop
   endfacet
   facet normal -1.343885e-02 -8.682125e-03 -9.998720e-01
      outer loop
         vertex 3.304168e+00 5.691534e-02 -1.358987e-02
         vertex 3.299245e+00 -2.439455e-17 -1.302949e-02
         vertex 3.195860e+00 8.826444e-02 -1.240635e-02
      endloop
   endfacet
   facet normal -3.684716e-02 -3.610913e-02 -9.986683e-01
      outer loop
         vertex 3.195860e+00 8.826444e-02 -1.240635e-02
         vertex 3.299245e+00 -2.439455e-17 -1.302949e-02
         vertex 3.078231e+00 -2.341877e-17 -4.874899e-03
      endloop
   endfacet
   facet normal -4.099588e-02 -3.058216e-02 -9.986912e-01
      outer loop
         vertex 3.195860e+00 8.826444e-02 -1.240635e-02
         vertex 3.078231e+00 -2.341877e-17 -4.874899e-03
         vertex 3.083110e+00 1.188952e-01 -8.715997e-03
      endloop
   endfacet
   facet normal -4.278668e-02 -3.050633e-02 -9.986184e-01
      outer loop
         vertex 3.083110e+00 1.188952e-01 -8.715997e-03
         vertex 3.078231e+00 -2.341877e-17 -4.874899e-03
         vertex 2.967784e+00 1.468231e-01 -4.627903e-03
      endloop
   endfacet
   facet normal 1.359640e-01 1.024243e-01 -9.854050e-01
      outer loop
         vertex 3.500000e+00 0.000000e+00 0.000000e+00
         vertex 3.455742e+00 -8.660545e-18 -6.106671e-03
         vertex 3.406170e+00 2.683235e-02 -1.015745e-02
      endloop
   endfacet
   facet normal 8.418949e-02 5.107852e-03 -9.964367e-01
      outer loop
         vertex 3.406170e+00 2.683235e-02 -1.015745e-02
         vertex 3.455742e+00 -8.660545e-18 -6.106671e-03
         vertex 3.402930e+00 -1.622238e-17 -1.056879e-02
      endloop
   endfacet
   facet normal 2.495531e-02 1.231035e-02 -9.996128e-01
      outer loop
         vertex 3.406170e+00 2.683235e-02 -1.015745e-02
         vertex 3.402930e+00 -1.622238e-17 -1.056879e-02
         vertex 3.303486e+00 -2.420147e-17 -1.305140e-02
      endloop
   endfacet
   facet normal 7.393645e-02 6.045962e-02 -9.954286e-01
      outer loop
         vertex 3.413200e+00 5.037506e-02 -8.205351e-03
         vertex 3.406170e+00 2.683235e-02 -1.015745e-02
         vertex 3.314660e+00 1.069342e-01 -1.208928e-02
      endloop
   endfacet
   facet normal 3.998117e-02 2.158304e-02 -9.989673e-01
      outer loop
         vertex 3.314660e+00 1.069342e-01 -1.208928e-02
         vertex 3.406170e+00 2.683235e-02 -1.015745e-02
         vertex 3.304168e+00 5.691534e-02 -1.358987e-02
      endloop
   endfacet
   facet normal 1.933157e-02 2.592974e-02 -9.994768e-01
      outer loop
         vertex 3.314660e+00 1.069342e-01 -1.208928e-02
         vertex 3.304168e+00 5.691534e-02 -1.358987e-02
         vertex 3.207024e+00 1.657011e-01 -1.264654e-02
      endloop
   endfacet
   facet normal -1.135060e-02 -1.465013e-03 -9.999345e-01
      outer loop
         vertex 3.207024e+00 1.657011e-01 -1.264654e-02
         vertex 3.304168e+00 5.691534e-02 -1.358987e-02
         vertex 3.195860e+00 8.826444e-02 -1.240635e-02
      endloop
   endfacet
   facet normal -1.595401e-02 -8.011227e-04 -9.998724e-01
      outer loop
         vertex 3.207024e+00 1.657011e-01 -1.264654e-02
         vertex 3.195860e+00 8.826444e-02 -1.240635e-02
         vertex 3.092938e+00 2.226996e-01 -1.087184e-02
      endloop
   endfacet
   facet normal -3.737864e-02 -1.721169e-02 -9.991529e-01
      outer loop
         vertex 3.092938e+00 2.226996e-01 -1.087184e-02
         vertex 3.195860e+00 8.826444e-02 -1.240635e-02
         vertex 3.083110e+00 1.188952e-01 -8.715997e-03
      endloop
   endfacet
   facet normal -3.400011e-02 -1.753397e-02 -9.992680e-01
      outer loop
         vertex 3.092938e+00 2.226996e-01 -1.087184e-02
         vertex 3.083110e+00 1.188952e-01 -8.715997e-03
         vertex 2.975047e+00 2.739534e-01 -7.759947e-03
      endloop
   endfacet
   facet normal -4.080483e-02 -2.227843e-02 -9.989187e-01
      outer loop
         vertex 2.975047e+00 2.739534e-01 -7.759947e-03
         vertex 3.083110e+00 1.188952e-01 -8.715997e-03
         vertex 2.967784e+00 1.468231e-01 -4.627903e-03
      endloop
   endfacet
   facet normal -3.684147e-02 -2.250855e-02 -9.990676e-01
      outer loop
         vertex 2.975047e+00 2.739534e-01 -7.759947e-03
         vertex 2.967784e+00 1.468231e-01 -4.627903e-03
         vertex 2.855997e+00 3.154863e-01 -4.305583e-03
      endloop
   endfacet
   facet normal -2.316798e-02 -1.344494e-02 -9.996412e-01
      outer loop
         vertex 2.855997e+00 3.154863e-01 -4.305583e-03
         vertex 2.967784e+00 1.468231e-01 -4.627903e-03
         vertex 2.851746e+00 1.700636e-01 -2.251165e-03
      endloop
   endfacet
   facet normal -2.966812e-02 -1.325255e-02 -9.994719e-01
      outer loop
         vertex 2.855997e+00 3.154863e-01 -4.305583e-03
         vertex 2.851746e+00 1.700636e-01 -2.251165e-03
         vertex 2.796864e+00 3.313648e-01 -2.760832e-03
      endloop
   endfacet
   facet normal 1.273509e-02 1.173619e-03 -9.999182e-01
      outer loop
         vertex 2.796864e+00 3.313648e-01 -2.760832e-03
         vertex 2.851746e+00 1.700636e-01 -2.251165e-03
         vertex 2.736863e+00 1.866323e-01 -3.694883e-03
      endloop
   endfacet
   facet normal -1.861313e-02 1.416817e-02 -9.997264e-01
      outer loop
         vertex 2.796864e+00 3.313648e-01 -2.760832e-03
         vertex 2.736863e+00 1.866323e-01 -3.694883e-03
         vertex 2.738433e+00 3.433219e-01 -1.503490e-03
      endloop
   endfacet
   facet normal -1.287583e-02 1.411198e-02 -9.998175e-01
      outer loop
         vertex 2.738433e+00 3.433219e-01 -1.503490e-03
         vertex 2.736863e+00 1.866323e-01 -3.694883e-03
         vertex 2.681035e+00 3.508607e-01 -6.579013e-04
      endloop
   endfacet
   facet normal -1.635656e-03 9.915908e-02 -9.950702e-01
      outer loop
         vertex 2.738433e+00 3.433219e-01 -1.503490e-03
         vertex 2.681035e+00 3.508607e-01 -6.579013e-04
         vertex 2.681073e+00 4.137123e-01 5.605222e-03
      endloop
   endfacet
   facet normal -2.418120e-02 9.914385e-02 -9.947793e-01
      outer loop
         vertex 2.681073e+00 4.137123e-01 5.605222e-03
         vertex 2.681035e+00 3.508607e-01 -6.579013e-04
         vertex 2.625000e+00 4.145591e-01 7.052648e-03
      endloop
   endfacet
   facet normal -2.264582e-02 1.810470e-01 -9.832137e-01
      outer loop
         vertex 2.681073e+00 4.137123e-01 5.605222e-03
         vertex 2.625000e+00 4.145591e-01 7.052648e-03
         vertex 2.625000e+00 4.606815e-01 1.554554e-02
      endloop
   endfacet
   facet normal 1.640302e-01 1.232144e-01 -9.787299e-01
      outer loop
         vertex 3.416886e+00 6.009736e-02 -6.363763e-03
         vertex 3.500000e+00 0.000000e+00 0.000000e+00
         vertex 3.413200e+00 5.037506e-02 -8.205351e-03
      endloop
   endfacet
   facet normal 1.845237e-01 2.152806e-01 -9.589605e-01
      outer loop
         vertex 3.324587e+00 1.448625e-01 -5.094700e-03
         vertex 3.420066e+00 6.778430e-02 -4.026099e-03
         vertex 3.416886e+00 6.009736e-02 -6.363763e-03
      endloop
   endfacet
   facet normal 2.179626e-01 2.002962e-01 -9.551826e-01
      outer loop
         vertex 3.416886e+00 6.009736e-02 -6.363763e-03
         vertex 3.420066e+00 6.778430e-02 -4.026099e-03
         vertex 3.500000e+00 0.000000e+00 0.000000e+00
      endloop
   endfacet
   facet normal 3.305143e-02 3.122119e-02 -9.989659e-01
      outer loop
         vertex 2.026453e+00 -8.945670e-19 -5.234729e-02
         vertex 1.859980e+00 -1.209563e-18 -5.785516e-02
         vertex 1.860087e+00 1.479783e-01 -5.322678e-02
      endloop
   endfacet
   facet normal 6.479699e-02 3.114965e-02 -9.974122e-01
      outer loop
         vertex 1.860087e+00 1.479783e-01 -5.322678e-02
         vertex 1.859980e+00 -1.209563e-18 -5.785516e-02
         vertex 1.750000e+00 0.000000e+00 -6.500000e-02
      endloop
   endfacet
   facet normal 7.056200e-02 2.683969e-02 -9.971462e-01
      outer loop
         vertex 1.860087e+00 1.479783e-01 -5.322678e-02
         vertex 1.750000e+00 0.000000e+00 -6.500000e-02
         vertex 1.750000e+00 7.553577e-02 -6.296684e-02
      endloop
   endfacet
   facet normal -3.798020e-03 3.677005e-02 -9.993165e-01
      outer loop
         vertex 2.625000e+00 3.534841e-01 -3.484067e-04
         vertex 2.681035e+00 3.508607e-01 -6.579013e-04
         vertex 2.680438e+00 1.917945e-01 -6.508505e-03
      endloop
   endfacet
   facet normal 5.310044e-02 3.650520e-02 -9.979217e-01
      outer loop
         vertex 2.680438e+00 1.917945e-01 -6.508505e-03
         vertex 2.681035e+00 3.508607e-01 -6.579013e-04
         vertex 2.736863e+00 1.866323e-01 -3.694883e-03
      endloop
   endfacet
   facet normal 5.420145e-02 4.886001e-02 -9.973339e-01
      outer loop
         vertex 2.680438e+00 1.917945e-01 -6.508505e-03
         vertex 2.736863e+00 1.866323e-01 -3.694883e-03
         vertex 2.625000e+00 1.007144e-01 -1.398342e-02
      endloop
   endfacet
   facet normal 8.392018e-02 1.005758e-02 -9.964217e-01
      outer loop
         vertex 2.625000e+00 1.007144e-01 -1.398342e-02
         vertex 2.736863e+00 1.866323e-01 -3.694883e-03
         vertex 2.625000e+00 0.000000e+00 -1.500000e-02
      endloop
   endfacet
   facet normal 1.459050e-01 9.985174e-03 -9.892482e-01
      outer loop
         vertex 2.625000e+00 1.007144e-01 -1.398342e-02
         vertex 2.625000e+00 0.000000e+00 -1.500000e-02
         vertex 2.552881e+00 1.350822e-18 -2.563696e-02
      endloop
   endfacet
   facet normal 3.409981e-02 4.806010e-02 -9.982622e-01
      outer loop
         vertex 2.335723e+00 1.936266e-18 -4.403689e-02
         vertex 2.188630e+00 6.505213e-19 -4.906149e-02
         vertex 2.406738e+00 9.865555e-02 -3.686145e-02
      endloop
   endfacet
   facet normal 4.503874e-02 2.393023e-02 -9.986986e-01
      outer loop
         vertex 2.406738e+00 9.865555e-02 -3.686145e-02
         vertex 2.188630e+00 6.505213e-19 -4.906149e-02
         vertex 2.188478e+00 8.947268e-02 -4.692443e-02
      endloop
   endfacet
   facet normal 4.235692e-02 8.421826e-02 -9.955467e-01
      outer loop
         vertex 2.406738e+00 9.865555e-02 -3.686145e-02
         vertex 2.188478e+00 8.947268e-02 -4.692443e-02
         vertex 2.406216e+00 1.900668e-01 -2.915070e-02
      endloop
   endfacet
   facet normal 3.382008e-02 8.252211e-02 -9.960152e-01
      outer loop
         vertex 1.750000e+00 7.553577e-02 -6.296684e-02
         vertex 1.750000e+00 1.459084e-01 -5.713630e-02
         vertex 1.860087e+00 1.479783e-01 -5.322678e-02
      endloop
   endfacet
   facet normal 3.289161e-02 1.238564e-01 -9.917549e-01
      outer loop
         vertex 1.860087e+00 1.479783e-01 -5.322678e-02
         vertex 1.750000e+00 1.459084e-01 -5.713630e-02
         vertex 1.750000e+00 1.713020e-01 -5.396500e-02
      endloop
   endfacet
   facet normal 2.775417e-02 9.951637e-02 -9.946488e-01
      outer loop
         vertex 1.860087e+00 1.479783e-01 -5.322678e-02
         vertex 1.750000e+00 1.713020e-01 -5.396500e-02
         vertex 1.860115e+00 2.133623e-01 -4.668422e-02
      endloop
   endfacet
   facet normal -8.109458e-03 1.911371e-01 -9.815299e-01
      outer loop
         vertex 1.860115e+00 2.133623e-01 -4.668422e-02
         vertex 1.750000e+00 1.713020e-01 -5.396500e-02
         vertex 1.750000e+00 2.651131e-01 -3.569681e-02
      endloop
   endfacet
   facet normal -1.823917e-02 1.703651e-01 -9.852122e-01
      outer loop
         vertex 1.860115e+00 2.133623e-01 -4.668422e-02
         vertex 1.750000e+00 2.651131e-01 -3.569681e-02
         vertex 1.860031e+00 2.713821e-01 -3.664977e-02
      endloop
   endfacet
   facet normal -2.483495e-02 2.904880e-01 -9.565563e-01
      outer loop
         vertex 1.860031e+00 2.713821e-01 -3.664977e-02
         vertex 1.750000e+00 2.651131e-01 -3.569681e-02
         vertex 1.750000e+00 2.973890e-01 -2.589521e-02
      endloop
   endfacet
   facet normal -3.024239e-02 2.700182e-01 -9.623801e-01
      outer loop
         vertex 1.860031e+00 2.713821e-01 -3.664977e-02
         vertex 1.750000e+00 2.973890e-01 -2.589521e-02
         vertex 1.859797e+00 3.206124e-01 -2.282967e-02
      endloop
   endfacet
   facet normal -4.708193e-02 3.462764e-01 -9.369503e-01
      outer loop
         vertex 1.859797e+00 3.206124e-01 -2.282967e-02
         vertex 1.750000e+00 2.973890e-01 -2.589521e-02
         vertex 1.750000e+00 3.109193e-01 -2.089470e-02
      endloop
   endfacet
   facet normal -5.198804e-02 4.068252e-01 -9.120255e-01
      outer loop
         vertex 1.859797e+00 3.206124e-01 -2.282967e-02
         vertex 1.750000e+00 3.109193e-01 -2.089470e-02
         vertex 1.859492e+00 3.588091e-01 -5.773988e-03
      endloop
   endfacet
   facet normal -6.865895e-02 4.397243e-01 -8.955046e-01
      outer loop
         vertex 1.859492e+00 3.588091e-01 -5.773988e-03
         vertex 1.750000e+00 3.109193e-01 -2.089470e-02
         vertex 1.750000e+00 3.455111e-01 -3.908915e-03
      endloop
   endfacet
   facet normal -8.557050e-02 5.921905e-01 -8.012416e-01
      outer loop
         vertex 1.859492e+00 3.588091e-01 -5.773988e-03
         vertex 1.750000e+00 3.455111e-01 -3.908915e-03
         vertex 1.750000e+00 3.591859e-01 6.197982e-03
      endloop
   endfacet
   facet normal 3.253737e-02 3.064304e-02 -9.990007e-01
      outer loop
         vertex 2.026453e+00 -8.945670e-19 -5.234729e-02
         vertex 1.860087e+00 1.479783e-01 -5.322678e-02
         vertex 1.969719e+00 1.541048e-01 -4.946813e-02
      endloop
   endfacet
   facet normal 2.853878e-02 9.951383e-02 -9.946268e-01
      outer loop
         vertex 1.969719e+00 1.541048e-01 -4.946813e-02
         vertex 1.860087e+00 1.479783e-01 -5.322678e-02
         vertex 1.860115e+00 2.133623e-01 -4.668422e-02
      endloop
   endfacet
   facet normal 2.328891e-02 8.985310e-02 -9.956827e-01
      outer loop
         vertex 1.969719e+00 1.541048e-01 -4.946813e-02
         vertex 1.860115e+00 2.133623e-01 -4.668422e-02
         vertex 1.969649e+00 2.221794e-01 -4.332653e-02
      endloop
   endfacet
   facet normal 1.648337e-02 1.704185e-01 -9.852339e-01
      outer loop
         vertex 1.969649e+00 2.221794e-01 -4.332653e-02
         vertex 1.860115e+00 2.133623e-01 -4.668422e-02
         vertex 1.860031e+00 2.713821e-01 -3.664977e-02
      endloop
   endfacet
   facet normal 9.765895e-03 1.557930e-01 -9.877414e-01
      outer loop
         vertex 1.969649e+00 2.221794e-01 -4.332653e-02
         vertex 1.860031e+00 2.713821e-01 -3.664977e-02
         vertex 1.969477e+00 2.825531e-01 -3.380570e-02
      endloop
   endfacet
   facet normal -2.566613e-03 2.702632e-01 -9.627831e-01
      outer loop
         vertex 1.969477e+00 2.825531e-01 -3.380570e-02
         vertex 1.860031e+00 2.713821e-01 -3.664977e-02
         vertex 1.859797e+00 3.206124e-01 -2.282967e-02
      endloop
   endfacet
   facet normal -1.014323e-02 2.499897e-01 -9.681954e-01
      outer loop
         vertex 1.969477e+00 2.825531e-01 -3.380570e-02
         vertex 1.859797e+00 3.206124e-01 -2.282967e-02
         vertex 1.969183e+00 3.337338e-01 -2.058768e-02
      endloop
   endfacet
   facet normal -3.015360e-02 4.073366e-01 -9.127802e-01
      outer loop
         vertex 1.969183e+00 3.337338e-01 -2.058768e-02
         vertex 1.859797e+00 3.206124e-01 -2.282967e-02
         vertex 1.859492e+00 3.588091e-01 -5.773988e-03
      endloop
   endfacet
   facet normal -3.766718e-02 3.809866e-01 -9.238130e-01
      outer loop
         vertex 1.969183e+00 3.337338e-01 -2.058768e-02
         vertex 1.859492e+00 3.588091e-01 -5.773988e-03
         vertex 1.968845e+00 3.734088e-01 -4.211702e-03
      endloop
   endfacet
   facet normal -7.861275e-02 6.680033e-01 -7.399943e-01
      outer loop
         vertex 1.968845e+00 3.734088e-01 -4.211702e-03
         vertex 1.859492e+00 3.588091e-01 -5.773988e-03
         vertex 1.750000e+00 3.591859e-01 6.197982e-03
      endloop
   endfacet
   facet normal -7.653048e-02 5.884651e-01 -8.048925e-01
      outer loop
         vertex 1.968845e+00 3.734088e-01 -4.211702e-03
         vertex 1.750000e+00 3.591859e-01 6.197982e-03
         vertex 1.968568e+00 3.990602e-01 1.456870e-02
      endloop
   endfacet
   facet normal -1.056327e-01 7.224600e-01 -6.832958e-01
      outer loop
         vertex 1.968568e+00 3.990602e-01 1.456870e-02
         vertex 1.750000e+00 3.591859e-01 6.197982e-03
         vertex 1.750000e+00 3.673756e-01 1.485713e-02
      endloop
   endfacet
   facet normal -1.199950e-01 8.226969e-01 -5.556716e-01
      outer loop
         vertex 1.968568e+00 3.990602e-01 1.456870e-02
         vertex 1.750000e+00 3.673756e-01 1.485713e-02
         vertex 1.968484e+00 4.058403e-01 2.462509e-02
      endloop
   endfacet
   facet normal 2.707345e-02 1.966996e-01 -9.800899e-01
      outer loop
         vertex 2.405519e+00 3.955389e-01 3.889933e-03
         vertex 2.514886e+00 3.500400e-01 -2.220402e-03
         vertex 2.405382e+00 3.408868e-01 -7.082288e-03
      endloop
   endfacet
   facet normal 3.398960e-02 1.203629e-01 -9.921479e-01
      outer loop
         vertex 2.405382e+00 3.408868e-01 -7.082288e-03
         vertex 2.514886e+00 3.500400e-01 -2.220402e-03
         vertex 2.515459e+00 1.946439e-01 -2.105273e-02
      endloop
   endfacet
   facet normal 6.711030e-02 1.448183e-01 -9.871798e-01
      outer loop
         vertex 2.405382e+00 3.408868e-01 -7.082288e-03
         vertex 2.515459e+00 1.946439e-01 -2.105273e-02
         vertex 2.406216e+00 1.900668e-01 -2.915070e-02
      endloop
   endfacet
   facet normal 7.085362e-02 6.943045e-02 -9.950674e-01
      outer loop
         vertex 2.406216e+00 1.900668e-01 -2.915070e-02
         vertex 2.515459e+00 1.946439e-01 -2.105273e-02
         vertex 2.515838e+00 1.009786e-01 -2.756122e-02
      endloop
   endfacet
   facet normal 8.285430e-02 8.423406e-02 -9.929954e-01
      outer loop
         vertex 2.406216e+00 1.900668e-01 -2.915070e-02
         vertex 2.515838e+00 1.009786e-01 -2.756122e-02
         vertex 2.406738e+00 9.865555e-02 -3.686145e-02
      endloop
   endfacet
   facet normal 8.438360e-02 2.492716e-02 -9.961215e-01
      outer loop
         vertex 2.406738e+00 9.865555e-02 -3.686145e-02
         vertex 2.515838e+00 1.009786e-01 -2.756122e-02
         vertex 2.516009e+00 1.778769e-18 -3.007364e-02
      endloop
   endfacet
   facet normal 7.720852e-02 1.692845e-02 -9.968712e-01
      outer loop
         vertex 2.406738e+00 9.865555e-02 -3.686145e-02
         vertex 2.516009e+00 1.778769e-18 -3.007364e-02
         vertex 2.335723e+00 1.936266e-18 -4.403689e-02
      endloop
   endfacet
   facet normal 4.871871e-02 7.058385e-02 -9.963154e-01
      outer loop
         vertex 2.188478e+00 8.947268e-02 -4.692443e-02
         vertex 2.188123e+00 1.727055e-01 -4.104515e-02
         vertex 2.406216e+00 1.900668e-01 -2.915070e-02
      endloop
   endfacet
   facet normal 4.479946e-02 1.169481e-01 -9.921271e-01
      outer loop
         vertex 2.406216e+00 1.900668e-01 -2.915070e-02
         vertex 2.188123e+00 1.727055e-01 -4.104515e-02
         vertex 2.187716e+00 2.477174e-01 -3.222144e-02
      endloop
   endfacet
   facet normal 5.210880e-02 1.448667e-01 -9.880781e-01
      outer loop
         vertex 2.406216e+00 1.900668e-01 -2.915070e-02
         vertex 2.187716e+00 2.477174e-01 -3.222144e-02
         vertex 2.405382e+00 3.408868e-01 -7.082288e-03
      endloop
   endfacet
   facet normal 4.231043e-02 1.669432e-01 -9.850583e-01
      outer loop
         vertex 2.405382e+00 3.408868e-01 -7.082288e-03
         vertex 2.187716e+00 2.477174e-01 -3.222144e-02
         vertex 2.187406e+00 3.125271e-01 -2.125112e-02
      endloop
   endfacet
   facet normal 3.810614e-02 1.966021e-01 -9.797426e-01
      outer loop
         vertex 2.405382e+00 3.408868e-01 -7.082288e-03
         vertex 2.187406e+00 3.125271e-01 -2.125112e-02
         vertex 2.405519e+00 3.955389e-01 3.889933e-03
      endloop
   endfacet
   facet normal 2.025065e-02 2.390758e-02 -9.995090e-01
      outer loop
         vertex 2.188630e+00 6.505213e-19 -4.906149e-02
         vertex 2.026453e+00 -8.945670e-19 -5.234729e-02
         vertex 2.188478e+00 8.947268e-02 -4.692443e-02
      endloop
   endfacet
   facet normal 1.923062e-02 2.575319e-02 -9.994833e-01
      outer loop
         vertex 2.188478e+00 8.947268e-02 -4.692443e-02
         vertex 2.026453e+00 -8.945670e-19 -5.234729e-02
         vertex 1.969719e+00 1.541048e-01 -4.946813e-02
      endloop
   endfacet
   facet normal 3.244006e-02 7.056144e-02 -9.969798e-01
      outer loop
         vertex 2.188478e+00 8.947268e-02 -4.692443e-02
         vertex 1.969719e+00 1.541048e-01 -4.946813e-02
         vertex 2.188123e+00 1.727055e-01 -4.104515e-02
      endloop
   endfacet
   facet normal 3.074016e-02 8.984260e-02 -9.954815e-01
      outer loop
         vertex 2.188123e+00 1.727055e-01 -4.104515e-02
         vertex 1.969719e+00 1.541048e-01 -4.946813e-02
         vertex 1.969649e+00 2.221794e-01 -4.332653e-02
      endloop
   endfacet
   facet normal 3.684559e-02 1.169435e-01 -9.924549e-01
      outer loop
         vertex 2.188123e+00 1.727055e-01 -4.104515e-02
         vertex 1.969649e+00 2.221794e-01 -4.332653e-02
         vertex 2.187716e+00 2.477174e-01 -3.222144e-02
      endloop
   endfacet
   facet normal 3.203316e-02 1.557826e-01 -9.872718e-01
      outer loop
         vertex 2.187716e+00 2.477174e-01 -3.222144e-02
         vertex 1.969649e+00 2.221794e-01 -4.332653e-02
         vertex 1.969477e+00 2.825531e-01 -3.380570e-02
      endloop
   endfacet
   facet normal 3.380325e-02 1.669577e-01 -9.853844e-01
      outer loop
         vertex 2.187716e+00 2.477174e-01 -3.222144e-02
         vertex 1.969477e+00 2.825531e-01 -3.380570e-02
         vertex 2.187406e+00 3.125271e-01 -2.125112e-02
      endloop
   endfacet
   facet normal 2.451719e-02 2.293049e-01 -9.730458e-01
      outer loop
         vertex 2.187406e+00 3.125271e-01 -2.125112e-02
         vertex 1.969477e+00 2.825531e-01 -3.380570e-02
         vertex 2.187301e+00 3.652687e-01 -8.824823e-03
      endloop
   endfacet
   facet normal 2.488735e-02 2.293035e-01 -9.730367e-01
      outer loop
         vertex 2.187406e+00 3.125271e-01 -2.125112e-02
         vertex 2.187301e+00 3.652687e-01 -8.824823e-03
         vertex 2.405519e+00 3.955389e-01 3.889933e-03
      endloop
   endfacet
   facet normal 2.088109e-02 2.554767e-01 -9.665897e-01
      outer loop
         vertex 2.405519e+00 3.955389e-01 3.889933e-03
         vertex 2.187301e+00 3.652687e-01 -8.824823e-03
         vertex 2.405925e+00 4.349458e-01 1.431424e-02
      endloop
   endfacet
   facet normal 3.350060e-03 2.556997e-01 -9.667505e-01
      outer loop
         vertex 2.405519e+00 3.955389e-01 3.889933e-03
         vertex 2.405925e+00 4.349458e-01 1.431424e-02
         vertex 2.515029e+00 4.070793e-01 7.321792e-03
      endloop
   endfacet
   facet normal -7.399340e-03 2.160244e-01 -9.763599e-01
      outer loop
         vertex 2.515029e+00 4.070793e-01 7.321792e-03
         vertex 2.405925e+00 4.349458e-01 1.431424e-02
         vertex 2.515374e+00 4.486447e-01 1.651573e-02
      endloop
   endfacet
   facet normal 5.890080e-01 7.859590e-01 -1.879840e-01
      outer loop
         vertex 3.168118e+00 2.899828e-01 1.400523e-02
         vertex 3.221433e+00 2.493265e-01 1.107422e-02
         vertex 3.221356e+00 2.489035e-01 9.064994e-03
      endloop
   endfacet
   facet normal 6.219879e-01 7.610988e-01 -1.840100e-01
      outer loop
         vertex 3.221356e+00 2.489035e-01 9.064994e-03
         vertex 3.221433e+00 2.493265e-01 1.107422e-02
         vertex 3.329811e+00 1.593921e-01 5.426787e-03
      endloop
   endfacet
   facet normal 6.252492e-01 7.640375e-01 -1.590914e-01
      outer loop
         vertex 3.221356e+00 2.489035e-01 9.064994e-03
         vertex 3.329811e+00 1.593921e-01 5.426787e-03
         vertex 3.328866e+00 1.598819e-01 4.064732e-03
      endloop
   endfacet
   facet normal 6.552722e-01 7.305986e-01 -1.919482e-01
      outer loop
         vertex 3.328866e+00 1.598819e-01 4.064732e-03
         vertex 3.329811e+00 1.593921e-01 5.426787e-03
         vertex 3.423142e+00 7.465345e-02 1.503906e-03
      endloop
   endfacet
   facet normal 6.581523e-01 7.331612e-01 -1.712022e-01
      outer loop
         vertex 3.328866e+00 1.598819e-01 4.064732e-03
         vertex 3.423142e+00 7.465345e-02 1.503906e-03
         vertex 3.423086e+00 7.453520e-02 7.820954e-04
      endloop
   endfacet
   facet normal 6.793061e-01 7.139646e-01 -1.696992e-01
      outer loop
         vertex 3.423086e+00 7.453520e-02 7.820954e-04
         vertex 3.423142e+00 7.465345e-02 1.503906e-03
         vertex 3.463990e+00 3.552432e-02 3.930664e-04
      endloop
   endfacet
   facet normal 3.130151e-02 4.277885e-02 -9.985941e-01
      outer loop
         vertex 3.423086e+00 7.453520e-02 7.820954e-04
         vertex 3.463990e+00 3.552432e-02 3.930664e-04
         vertex 3.500000e+00 0.000000e+00 0.000000e+00
      endloop
   endfacet
   facet normal -1.266042e-01 8.492829e-01 -5.125328e-01
      outer loop
         vertex 1.750000e+00 3.673756e-01 1.485713e-02
         vertex 1.750000e+00 3.724147e-01 2.320707e-02
         vertex 1.968484e+00 4.058403e-01 2.462509e-02
      endloop
   endfacet
   facet normal -1.462422e-01 9.651151e-01 -2.171775e-01
      outer loop
         vertex 1.968484e+00 4.058403e-01 2.462509e-02
         vertex 1.750000e+00 3.724147e-01 2.320707e-02
         vertex 1.968453e+00 4.081702e-01 3.500000e-02
      endloop
   endfacet
   facet normal -1.310640e-01 9.671983e-01 -2.176000e-01
      outer loop
         vertex 1.968484e+00 4.058403e-01 2.462509e-02
         vertex 1.968453e+00 4.081702e-01 3.500000e-02
         vertex 2.187496e+00 4.369615e-01 3.103937e-02
      endloop
   endfacet
   facet normal -1.314963e-01 9.847432e-01 -1.139720e-01
      outer loop
         vertex 2.187496e+00 4.369615e-01 3.103937e-02
         vertex 1.968453e+00 4.081702e-01 3.500000e-02
         vertex 2.218605e+00 4.415740e-01 3.500000e-02
      endloop
   endfacet
   facet normal -1.313091e-01 9.846144e-01 -1.152929e-01
      outer loop
         vertex 2.187496e+00 4.369615e-01 3.103937e-02
         vertex 2.218605e+00 4.415740e-01 3.500000e-02
         vertex 2.406533e+00 4.663261e-01 3.235192e-02
      endloop
   endfacet
   facet normal -1.141669e-01 8.044299e-01 -5.829738e-01
      outer loop
         vertex 2.406533e+00 4.663261e-01 3.235192e-02
         vertex 2.218605e+00 4.415740e-01 3.500000e-02
         vertex 2.591286e+00 4.944658e-01 3.500000e-02
      endloop
   endfacet
   facet normal -1.489362e-01 9.854996e-01 -8.129349e-02
      outer loop
         vertex 2.406533e+00 4.663261e-01 3.235192e-02
         vertex 2.591286e+00 4.944658e-01 3.500000e-02
         vertex 2.625000e+00 4.993489e-01 3.242863e-02
      endloop
   endfacet
   facet normal -1.571496e-01 9.573586e-01 -2.424222e-01
      outer loop
         vertex 2.625000e+00 4.993489e-01 3.242863e-02
         vertex 2.591286e+00 4.944658e-01 3.500000e-02
         vertex 2.625000e+00 5.000000e-01 3.500000e-02
      endloop
   endfacet
   facet normal -7.671835e-02 9.665466e-01 -2.447488e-01
      outer loop
         vertex 2.625000e+00 4.993489e-01 3.242863e-02
         vertex 2.625000e+00 5.000000e-01 3.500000e-02
         vertex 2.680764e+00 5.036235e-01 3.182986e-02
      endloop
   endfacet
   facet normal -6.971966e-02 9.934139e-01 -9.092860e-02
      outer loop
         vertex 2.680764e+00 5.036235e-01 3.182986e-02
         vertex 2.625000e+00 5.000000e-01 3.500000e-02
         vertex 2.686381e+00 5.042646e-01 3.452769e-02
      endloop
   endfacet
   facet normal 6.645437e-02 9.307635e-01 -3.595319e-01
      outer loop
         vertex 2.680764e+00 5.036235e-01 3.182986e-02
         vertex 2.686381e+00 5.042646e-01 3.452769e-02
         vertex 2.738728e+00 4.990038e-01 3.058398e-02
      endloop
   endfacet
   facet normal 7.841640e-02 9.657340e-01 -2.474039e-01
      outer loop
         vertex 2.738728e+00 4.990038e-01 3.058398e-02
         vertex 2.686381e+00 5.042646e-01 3.452769e-02
         vertex 2.738723e+00 4.997502e-01 3.349609e-02
      endloop
   endfacet
   facet normal 1.772821e-01 9.534099e-01 -2.440914e-01
      outer loop
         vertex 2.738728e+00 4.990038e-01 3.058398e-02
         vertex 2.738723e+00 4.997502e-01 3.349609e-02
         vertex 2.780236e+00 4.917376e-01 3.234954e-02
      endloop
   endfacet
   facet normal 1.234505e-01 2.638277e-02 -9.920000e-01
      outer loop
         vertex 2.552881e+00 1.350822e-18 -2.563696e-02
         vertex 2.515838e+00 1.009786e-01 -2.756122e-02
         vertex 2.625000e+00 1.007144e-01 -1.398342e-02
      endloop
   endfacet
   facet normal 1.232991e-01 6.928683e-02 -9.899478e-01
      outer loop
         vertex 2.625000e+00 1.007144e-01 -1.398342e-02
         vertex 2.515838e+00 1.009786e-01 -2.756122e-02
         vertex 2.515459e+00 1.946439e-01 -2.105273e-02
      endloop
   endfacet
   facet normal 9.075720e-02 3.092645e-02 -9.953927e-01
      outer loop
         vertex 2.625000e+00 1.007144e-01 -1.398342e-02
         vertex 2.515459e+00 1.946439e-01 -2.105273e-02
         vertex 2.625000e+00 1.945446e-01 -1.106815e-02
      endloop
   endfacet
   facet normal 9.022329e-02 1.201461e-01 -9.886479e-01
      outer loop
         vertex 2.625000e+00 1.945446e-01 -1.106815e-02
         vertex 2.515459e+00 1.946439e-01 -2.105273e-02
         vertex 2.514886e+00 3.500400e-01 -2.220402e-03
      endloop
   endfacet
   facet normal 1.485560e-02 6.728514e-02 -9.976232e-01
      outer loop
         vertex 2.625000e+00 1.945446e-01 -1.106815e-02
         vertex 2.514886e+00 3.500400e-01 -2.220402e-03
         vertex 2.625000e+00 3.534841e-01 -3.484067e-04
      endloop
   endfacet
   facet normal 1.160696e-02 1.649591e-01 -9.862321e-01
      outer loop
         vertex 2.625000e+00 3.534841e-01 -3.484067e-04
         vertex 2.514886e+00 3.500400e-01 -2.220402e-03
         vertex 2.515029e+00 4.070793e-01 7.321792e-03
      endloop
   endfacet
   facet normal -1.061133e-02 1.202929e-01 -9.926817e-01
      outer loop
         vertex 2.625000e+00 3.534841e-01 -3.484067e-04
         vertex 2.515029e+00 4.070793e-01 7.321792e-03
         vertex 2.625000e+00 4.145591e-01 7.052648e-03
      endloop
   endfacet
   facet normal -1.708580e-02 2.160755e-01 -9.762272e-01
      outer loop
         vertex 2.625000e+00 4.145591e-01 7.052648e-03
         vertex 2.515029e+00 4.070793e-01 7.321792e-03
         vertex 2.515374e+00 4.486447e-01 1.651573e-02
      endloop
   endfacet
   facet normal -2.857580e-02 1.810195e-01 -9.830643e-01
      outer loop
         vertex 2.625000e+00 4.145591e-01 7.052648e-03
         vertex 2.515374e+00 4.486447e-01 1.651573e-02
         vertex 2.625000e+00 4.606815e-01 1.554554e-02
      endloop
   endfacet
   facet normal -4.202731e-02 3.061091e-01 -9.510683e-01
      outer loop
         vertex 2.625000e+00 4.606815e-01 1.554554e-02
         vertex 2.515374e+00 4.486447e-01 1.651573e-02
         vertex 2.625000e+00 4.898342e-01 2.492856e-02
      endloop
   endfacet
   facet normal -3.567593e-02 3.061848e-01 -9.513034e-01
      outer loop
         vertex 2.625000e+00 4.606815e-01 1.554554e-02
         vertex 2.625000e+00 4.898342e-01 2.492856e-02
         vertex 2.680969e+00 4.621500e-01 1.391921e-02
      endloop
   endfacet
   facet normal -3.866504e-02 3.007803e-01 -9.529094e-01
      outer loop
         vertex 2.680969e+00 4.621500e-01 1.391921e-02
         vertex 2.625000e+00 4.898342e-01 2.492856e-02
         vertex 2.680830e+00 4.933116e-01 2.376085e-02
      endloop
   endfacet
   facet normal 5.086679e-04 3.011654e-01 -9.535718e-01
      outer loop
         vertex 2.680969e+00 4.621500e-01 1.391921e-02
         vertex 2.680830e+00 4.933116e-01 2.376085e-02
         vertex 2.738849e+00 4.560230e-01 1.201501e-02
      endloop
   endfacet
   facet normal -4.222113e-04 2.998478e-01 -9.539870e-01
      outer loop
         vertex 2.738849e+00 4.560230e-01 1.201501e-02
         vertex 2.680830e+00 4.933116e-01 2.376085e-02
         vertex 2.738779e+00 4.882409e-01 2.214144e-02
      endloop
   endfacet
   facet normal 3.165929e-02 2.997606e-01 -9.534890e-01
      outer loop
         vertex 2.738849e+00 4.560230e-01 1.201501e-02
         vertex 2.738779e+00 4.882409e-01 2.214144e-02
         vertex 2.798192e+00 4.430636e-01 9.911196e-03
      endloop
   endfacet
   facet normal 3.271418e-02 3.010300e-01 -9.530534e-01
      outer loop
         vertex 2.798192e+00 4.430636e-01 9.911196e-03
         vertex 2.738779e+00 4.882409e-01 2.214144e-02
         vertex 2.798362e+00 4.754799e-01 2.015599e-02
      endloop
   endfacet
   facet normal 5.964939e-02 3.005259e-01 -9.519066e-01
      outer loop
         vertex 2.798192e+00 4.430636e-01 9.911196e-03
         vertex 2.798362e+00 4.754799e-01 2.015599e-02
         vertex 2.858553e+00 4.240348e-01 7.686016e-03
      endloop
   endfacet
   facet normal 6.245950e-02 3.035382e-01 -9.507699e-01
      outer loop
         vertex 2.858553e+00 4.240348e-01 7.686016e-03
         vertex 2.798362e+00 4.754799e-01 2.015599e-02
         vertex 2.859091e+00 4.558862e-01 1.789012e-02
      endloop
   endfacet
   facet normal 8.553943e-02 3.026616e-01 -9.492518e-01
      outer loop
         vertex 2.858553e+00 4.240348e-01 7.686016e-03
         vertex 2.859091e+00 4.558862e-01 1.789012e-02
         vertex 2.919486e+00 3.996994e-01 5.417720e-03
      endloop
   endfacet
   facet normal 8.984800e-02 3.069019e-01 -9.474907e-01
      outer loop
         vertex 2.919486e+00 3.996994e-01 5.417720e-03
         vertex 2.859091e+00 4.558862e-01 1.789012e-02
         vertex 2.920480e+00 4.303174e-01 1.542947e-02
      endloop
   endfacet
   facet normal 1.099861e-01 3.056820e-01 -9.457598e-01
      outer loop
         vertex 2.919486e+00 3.996994e-01 5.417720e-03
         vertex 2.920480e+00 4.303174e-01 1.542947e-02
         vertex 2.980545e+00 3.708206e-01 3.184556e-03
      endloop
   endfacet
   facet normal 1.155515e-01 3.108189e-01 -9.434190e-01
      outer loop
         vertex 2.980545e+00 3.708206e-01 3.184556e-03
         vertex 2.920480e+00 4.303174e-01 1.542947e-02
         vertex 2.982041e+00 3.996313e-01 1.285970e-02
      endloop
   endfacet
   facet normal 1.430439e-01 3.083922e-01 -9.404428e-01
      outer loop
         vertex 2.980545e+00 3.708206e-01 3.184556e-03
         vertex 2.982041e+00 3.996313e-01 1.285970e-02
         vertex 3.101260e+00 3.024846e-01 -8.633794e-04
      endloop
   endfacet
   facet normal 1.539370e-01 3.209224e-01 -9.345117e-01
      outer loop
         vertex 3.101260e+00 3.024846e-01 -8.633794e-04
         vertex 2.982041e+00 3.996313e-01 1.285970e-02
         vertex 3.103732e+00 3.263376e-01 7.735290e-03
      endloop
   endfacet
   facet normal 1.870770e-01 3.159187e-01 -9.301600e-01
      outer loop
         vertex 3.101260e+00 3.024846e-01 -8.633794e-04
         vertex 3.103732e+00 3.263376e-01 7.735290e-03
         vertex 3.217129e+00 2.251305e-01 -3.831795e-03
      endloop
   endfacet
   facet normal 2.006665e-01 3.302485e-01 -9.223171e-01
      outer loop
         vertex 3.217129e+00 2.251305e-01 -3.831795e-03
         vertex 3.103732e+00 3.263376e-01 7.735290e-03
         vertex 3.220269e+00 2.428663e-01 3.202008e-03
      endloop
   endfacet
   facet normal 2.306065e-01 3.231621e-01 -9.178164e-01
      outer loop
         vertex 3.217129e+00 2.251305e-01 -3.831795e-03
         vertex 3.220269e+00 2.428663e-01 3.202008e-03
         vertex 3.324587e+00 1.448625e-01 -5.094700e-03
      endloop
   endfacet
   facet normal 2.458694e-01 3.385975e-01 -9.082400e-01
      outer loop
         vertex 3.324587e+00 1.448625e-01 -5.094700e-03
         vertex 3.220269e+00 2.428663e-01 3.202008e-03
         vertex 3.327757e+00 1.560788e-01 -5.504081e-05
      endloop
   endfacet
   facet normal 2.751128e-01 3.282634e-01 -9.036349e-01
      outer loop
         vertex 3.324587e+00 1.448625e-01 -5.094700e-03
         vertex 3.327757e+00 1.560788e-01 -5.504081e-05
         vertex 3.420066e+00 6.778430e-02 -4.026099e-03
      endloop
   endfacet
   facet normal 2.908304e-01 3.442046e-01 -8.927155e-01
      outer loop
         vertex 3.420066e+00 6.778430e-02 -4.026099e-03
         vertex 3.327757e+00 1.560788e-01 -5.504081e-05
         vertex 3.422299e+00 7.283623e-02 -1.350747e-03
      endloop
   endfacet
   facet normal 3.225951e-01 3.276726e-01 -8.880107e-01
      outer loop
         vertex 3.420066e+00 6.778430e-02 -4.026099e-03
         vertex 3.422299e+00 7.283623e-02 -1.350747e-03
         vertex 3.500000e+00 0.000000e+00 0.000000e+00
      endloop
   endfacet
   facet normal 4.917324e-01 5.115063e-01 -7.046705e-01
      outer loop
         vertex 3.422922e+00 7.418665e-02 6.406645e-05
         vertex 3.500000e+00 0.000000e+00 0.000000e+00
         vertex 3.422299e+00 7.283623e-02 -1.350747e-03
      endloop
   endfacet
   facet normal 3.880999e-01 8.941053e-01 -2.235042e-01
      outer loop
         vertex 2.890685e+00 4.548374e-01 2.822109e-02
         vertex 2.920811e+00 4.414261e-01 2.688232e-02
         vertex 2.920790e+00 4.407001e-01 2.394238e-02
      endloop
   endfacet
   facet normal 4.328608e-01 8.744630e-01 -2.189657e-01
      outer loop
         vertex 2.920790e+00 4.407001e-01 2.394238e-02
         vertex 2.920811e+00 4.414261e-01 2.688232e-02
         vertex 2.982529e+00 4.094242e-01 2.108673e-02
      endloop
   endfacet
   facet normal 3.556358e-01 7.526241e-01 -5.541481e-01
      outer loop
         vertex 2.920790e+00 4.407001e-01 2.394238e-02
         vertex 2.982529e+00 4.094242e-01 2.108673e-02
         vertex 2.982430e+00 4.074082e-01 1.828501e-02
      endloop
   endfacet
   facet normal 4.209487e-01 7.291534e-01 -5.395716e-01
      outer loop
         vertex 2.982430e+00 4.074082e-01 1.828501e-02
         vertex 2.982529e+00 4.094242e-01 2.108673e-02
         vertex 3.104572e+00 3.344631e-01 1.499997e-02
      endloop
   endfacet
   facet normal 4.249351e-01 7.353061e-01 -5.279726e-01
      outer loop
         vertex 2.982430e+00 4.074082e-01 1.828501e-02
         vertex 3.104572e+00 3.344631e-01 1.499997e-02
         vertex 3.104399e+00 3.327892e-01 1.252956e-02
      endloop
   endfacet
   facet normal 4.905408e-01 7.050819e-01 -5.120832e-01
      outer loop
         vertex 3.104399e+00 3.327892e-01 1.252956e-02
         vertex 3.104572e+00 3.344631e-01 1.499997e-02
         vertex 3.221356e+00 2.489035e-01 9.064994e-03
      endloop
   endfacet
   facet normal 4.948307e-01 7.105734e-01 -5.002279e-01
      outer loop
         vertex 3.104399e+00 3.327892e-01 1.252956e-02
         vertex 3.221356e+00 2.489035e-01 9.064994e-03
         vertex 3.221131e+00 2.476601e-01 7.076088e-03
      endloop
   endfacet
   facet normal 5.429093e-01 6.830993e-01 -4.884924e-01
      outer loop
         vertex 3.221131e+00 2.476601e-01 7.076088e-03
         vertex 3.221356e+00 2.489035e-01 9.064994e-03
         vertex 3.328866e+00 1.598819e-01 4.064732e-03
      endloop
   endfacet
   facet normal 5.471633e-01 6.879208e-01 -4.768410e-01
      outer loop
         vertex 3.221131e+00 2.476601e-01 7.076088e-03
         vertex 3.328866e+00 1.598819e-01 4.064732e-03
         vertex 3.328636e+00 1.590996e-01 2.671843e-03
      endloop
   endfacet
   facet normal 5.839842e-01 6.627278e-01 -4.687797e-01
      outer loop
         vertex 3.328636e+00 1.590996e-01 2.671843e-03
         vertex 3.328866e+00 1.598819e-01 4.064732e-03
         vertex 3.423086e+00 7.453520e-02 7.820954e-04
      endloop
   endfacet
   facet normal 5.879242e-01 6.668837e-01 -4.578333e-01
      outer loop
         vertex 3.328636e+00 1.590996e-01 2.671843e-03
         vertex 3.423086e+00 7.453520e-02 7.820954e-04
         vertex 3.422922e+00 7.418665e-02 6.406645e-05
      endloop
   endfacet
   facet normal 6.180704e-01 6.425510e-01 -4.528986e-01
      outer loop
         vertex 3.422922e+00 7.418665e-02 6.406645e-05
         vertex 3.423086e+00 7.453520e-02 7.820954e-04
         vertex 3.500000e+00 0.000000e+00 0.000000e+00
      endloop
   endfacet
   facet normal -3.864020e-01 9.211196e-01 4.724645e-02
      outer loop
         vertex 1.157400e-01 7.882571e-02 6.459961e-03
         vertex 1.645536e-01 9.844429e-02 2.319350e-02
         vertex 2.064700e-01 1.164352e-01 1.525371e-02
      endloop
   endfacet
   facet normal -3.435175e-01 9.073265e-01 2.423930e-01
      outer loop
         vertex 2.064700e-01 1.164352e-01 1.525371e-02
         vertex 1.645536e-01 9.844429e-02 2.319350e-02
         vertex 2.717289e-01 1.348747e-01 3.871520e-02
      endloop
   endfacet
   facet normal -4.827221e-01 8.460644e-01 2.261734e-01
      outer loop
         vertex 9.530350e-02 6.833848e-02 4.753663e-03
         vertex 7.246397e-02 5.395113e-02 9.827104e-03
         vertex 1.163393e-01 7.729276e-02 1.615439e-02
      endloop
   endfacet
   facet normal -1.157229e-01 9.683856e-01 2.209921e-01
      outer loop
         vertex 1.312528e+00 3.065985e-01 7.810956e-02
         vertex 1.458325e+00 3.317849e-01 4.408973e-02
         vertex 1.137564e+00 2.892687e-01 6.242841e-02
      endloop
   endfacet
   facet normal 1.062733e-01 4.897558e-02 9.931301e-01
      outer loop
         vertex 1.087834e+00 -4.238354e-18 2.107146e-01
         vertex 1.312964e+00 -4.996668e-18 1.866238e-01
         vertex 1.312874e+00 6.429247e-02 1.834629e-01
      endloop
   endfacet
   facet normal 1.273682e-01 4.867718e-02 9.906603e-01
      outer loop
         vertex 1.434082e+00 -4.222791e-18 1.709900e-01
         vertex 1.530874e+00 -3.181018e-18 1.585455e-01
         vertex 1.530778e+00 7.246564e-02 1.549973e-01
      endloop
   endfacet
   facet normal -9.371481e-02 7.503602e-02 9.927674e-01
      outer loop
         vertex 7.261139e-01 1.663890e-18 2.117102e-01
         vertex 7.609764e-01 1.684696e-18 2.150012e-01
         vertex 7.609117e-01 4.876398e-02 2.113093e-01
      endloop
   endfacet
   facet normal -3.941318e-01 4.227698e-01 8.160428e-01
      outer loop
         vertex 1.747237e-01 5.690328e-02 6.583224e-02
         vertex 1.717592e-01 7.199092e-02 5.658396e-02
         vertex 7.751465e-02 3.873561e-02 2.829447e-02
      endloop
   endfacet
   facet normal -3.297074e-01 4.454473e-01 8.323880e-01
      outer loop
         vertex 1.717592e-01 7.199092e-02 5.658396e-02
         vertex 1.747237e-01 5.690328e-02 6.583224e-02
         vertex 2.789202e-01 1.001285e-01 8.397257e-02
      endloop
   endfacet
   facet normal -3.353208e-01 4.642786e-01 8.197593e-01
      outer loop
         vertex 2.789202e-01 1.001285e-01 8.397257e-02
         vertex 1.747237e-01 5.690328e-02 6.583224e-02
         vertex 2.819400e-01 7.955786e-02 9.685823e-02
      endloop
   endfacet
   facet normal -2.795620e-01 4.798814e-01 8.316002e-01
      outer loop
         vertex 2.789202e-01 1.001285e-01 8.397257e-02
         vertex 2.819400e-01 7.955786e-02 9.685823e-02
         vertex 3.951842e-01 1.235111e-01 1.095644e-01
      endloop
   endfacet
   facet normal -2.831172e-01 4.913330e-01 8.236726e-01
      outer loop
         vertex 3.951842e-01 1.235111e-01 1.095644e-01
         vertex 2.819400e-01 7.955786e-02 9.685823e-02
         vertex 3.976739e-01 9.851028e-02 1.253335e-01
      endloop
   endfacet
   facet normal -2.352009e-01 5.016586e-01 8.324777e-01
      outer loop
         vertex 3.951842e-01 1.235111e-01 1.095644e-01
         vertex 3.976739e-01 9.851028e-02 1.253335e-01
         vertex 5.167376e-01 1.425011e-01 1.324634e-01
      endloop
   endfacet
   facet normal -2.359556e-01 5.039616e-01 8.308716e-01
      outer loop
         vertex 5.167376e-01 1.425011e-01 1.324634e-01
         vertex 3.976739e-01 9.851028e-02 1.253335e-01
         vertex 5.183859e-01 1.138825e-01 1.502901e-01
      endloop
   endfacet
   facet normal -1.935798e-01 5.106601e-01 8.377070e-01
      outer loop
         vertex 5.167376e-01 1.425011e-01 1.324634e-01
         vertex 5.183859e-01 1.138825e-01 1.502901e-01
         vertex 6.397671e-01 1.574612e-01 1.517739e-01
      endloop
   endfacet
   facet normal -1.903425e-01 5.014288e-01 8.440017e-01
      outer loop
         vertex 6.397671e-01 1.574612e-01 1.517739e-01
         vertex 5.183859e-01 1.138825e-01 1.502901e-01
         vertex 6.405371e-01 1.257963e-01 1.707599e-01
      endloop
   endfacet
   facet normal -1.516403e-01 5.055773e-01 8.493508e-01
      outer loop
         vertex 6.397671e-01 1.574612e-01 1.517739e-01
         vertex 6.405371e-01 1.257963e-01 1.707599e-01
         vertex 7.604590e-01 1.687540e-01 1.665998e-01
      endloop
   endfacet
   facet normal -1.425631e-01 4.817191e-01 8.646517e-01
      outer loop
         vertex 7.604590e-01 1.687540e-01 1.665998e-01
         vertex 6.405371e-01 1.257963e-01 1.707599e-01
         vertex 7.605882e-01 1.343738e-01 1.857751e-01
      endloop
   endfacet
   facet normal -1.053920e-01 4.840883e-01 8.686490e-01
      outer loop
         vertex 7.604590e-01 1.687540e-01 1.665998e-01
         vertex 7.605882e-01 1.343738e-01 1.857751e-01
         vertex 8.750000e-01 1.767420e-01 1.760452e-01
      endloop
   endfacet
   facet normal -1.315238e-01 3.514967e-01 9.269043e-01
      outer loop
         vertex 7.607607e-01 9.396618e-02 2.011228e-01
         vertex 7.605882e-01 1.343738e-01 1.857751e-01
         vertex 6.412967e-01 8.811774e-02 1.863892e-01
      endloop
   endfacet
   facet normal -1.414199e-01 3.768654e-01 9.154086e-01
      outer loop
         vertex 6.412967e-01 8.811774e-02 1.863892e-01
         vertex 7.605882e-01 1.343738e-01 1.857751e-01
         vertex 6.405371e-01 1.257963e-01 1.707599e-01
      endloop
   endfacet
   facet normal -1.850528e-01 3.733471e-01 9.090475e-01
      outer loop
         vertex 6.412967e-01 8.811774e-02 1.863892e-01
         vertex 6.405371e-01 1.257963e-01 1.707599e-01
         vertex 5.199154e-01 7.973344e-02 1.651233e-01
      endloop
   endfacet
   facet normal -1.889129e-01 3.841026e-01 9.037572e-01
      outer loop
         vertex 5.199154e-01 7.973344e-02 1.651233e-01
         vertex 6.405371e-01 1.257963e-01 1.707599e-01
         vertex 5.183859e-01 1.138825e-01 1.502901e-01
      endloop
   endfacet
   facet normal -2.335609e-01 3.785684e-01 8.956200e-01
      outer loop
         vertex 5.199154e-01 7.973344e-02 1.651233e-01
         vertex 5.183859e-01 1.138825e-01 1.502901e-01
         vertex 3.999238e-01 6.881972e-02 1.384449e-01
      endloop
   endfacet
   facet normal -2.333601e-01 3.779594e-01 8.959295e-01
      outer loop
         vertex 3.999238e-01 6.881972e-02 1.384449e-01
         vertex 5.183859e-01 1.138825e-01 1.502901e-01
         vertex 3.976739e-01 9.851028e-02 1.253335e-01
      endloop
   endfacet
   facet normal -2.809941e-01 3.697906e-01 8.856056e-01
      outer loop
         vertex 3.999238e-01 6.881972e-02 1.384449e-01
         vertex 3.976739e-01 9.851028e-02 1.253335e-01
         vertex 2.846293e-01 5.538307e-02 1.074736e-01
      endloop
   endfacet
   facet normal -2.780707e-01 3.600974e-01 8.905091e-01
      outer loop
         vertex 2.846293e-01 5.538307e-02 1.074736e-01
         vertex 3.976739e-01 9.851028e-02 1.253335e-01
         vertex 2.819400e-01 7.955786e-02 9.685823e-02
      endloop
   endfacet
   facet normal -3.308999e-01 3.483038e-01 8.770346e-01
      outer loop
         vertex 2.846293e-01 5.538307e-02 1.074736e-01
         vertex 2.819400e-01 7.955786e-02 9.685823e-02
         vertex 1.773390e-01 3.942992e-02 7.332922e-02
      endloop
   endfacet
   facet normal -3.261805e-01 3.310765e-01 8.854347e-01
      outer loop
         vertex 1.773390e-01 3.942992e-02 7.332922e-02
         vertex 2.819400e-01 7.955786e-02 9.685823e-02
         vertex 1.747237e-01 5.690328e-02 6.583224e-02
      endloop
   endfacet
   facet normal -3.873184e-01 3.139498e-01 8.668449e-01
      outer loop
         vertex 1.773390e-01 3.942992e-02 7.332922e-02
         vertex 1.747237e-01 5.690328e-02 6.583224e-02
         vertex 8.136015e-02 2.096674e-02 3.713144e-02
      endloop
   endfacet
   facet normal -3.933861e-01 3.397327e-01 8.543003e-01
      outer loop
         vertex 8.136015e-02 2.096674e-02 3.713144e-02
         vertex 1.747237e-01 5.690328e-02 6.583224e-02
         vertex 7.751465e-02 3.873561e-02 2.829447e-02
      endloop
   endfacet
   facet normal -4.368865e-01 3.229747e-01 8.395341e-01
      outer loop
         vertex 8.136015e-02 2.096674e-02 3.713144e-02
         vertex 7.751465e-02 3.873561e-02 2.829447e-02
         vertex 3.642774e-02 2.007550e-02 1.409186e-02
      endloop
   endfacet
   facet normal -3.247095e-01 2.099839e-01 9.222096e-01
      outer loop
         vertex 1.773390e-01 3.942992e-02 7.332922e-02
         vertex 1.792030e-01 2.023933e-02 7.835518e-02
         vertex 2.846293e-01 5.538307e-02 1.074736e-01
      endloop
   endfacet
   facet normal -3.278747e-01 2.229330e-01 9.180409e-01
      outer loop
         vertex 2.846293e-01 5.538307e-02 1.074736e-01
         vertex 1.792030e-01 2.023933e-02 7.835518e-02
         vertex 2.865581e-01 2.854888e-02 1.146787e-01
      endloop
   endfacet
   facet normal -2.774092e-01 2.304945e-01 9.326931e-01
      outer loop
         vertex 2.846293e-01 5.538307e-02 1.074736e-01
         vertex 2.865581e-01 2.854888e-02 1.146787e-01
         vertex 3.999238e-01 6.881972e-02 1.384449e-01
      endloop
   endfacet
   facet normal -2.793371e-01 2.372647e-01 9.304173e-01
      outer loop
         vertex 3.999238e-01 6.881972e-02 1.384449e-01
         vertex 2.865581e-01 2.854888e-02 1.146787e-01
         vertex 4.015531e-01 3.559707e-02 1.474061e-01
      endloop
   endfacet
   facet normal -2.315315e-01 2.427481e-01 9.420544e-01
      outer loop
         vertex 3.999238e-01 6.881972e-02 1.384449e-01
         vertex 4.015531e-01 3.559707e-02 1.474061e-01
         vertex 5.199154e-01 7.973344e-02 1.651233e-01
      endloop
   endfacet
   facet normal -2.313482e-01 2.421796e-01 9.422458e-01
      outer loop
         vertex 5.199154e-01 7.973344e-02 1.651233e-01
         vertex 4.015531e-01 3.559707e-02 1.474061e-01
         vertex 5.210416e-01 4.134297e-02 1.752671e-01
      endloop
   endfacet
   facet normal -1.837303e-01 2.460690e-01 9.516792e-01
      outer loop
         vertex 5.199154e-01 7.973344e-02 1.651233e-01
         vertex 5.210416e-01 4.134297e-02 1.752671e-01
         vertex 6.412967e-01 8.811774e-02 1.863892e-01
      endloop
   endfacet
   facet normal -1.802703e-01 2.364369e-01 9.547776e-01
      outer loop
         vertex 6.412967e-01 8.811774e-02 1.863892e-01
         vertex 5.210416e-01 4.134297e-02 1.752671e-01
         vertex 6.418766e-01 4.574559e-02 1.969915e-01
      endloop
   endfacet
   facet normal -1.303726e-01 2.389848e-01 9.622314e-01
      outer loop
         vertex 6.412967e-01 8.811774e-02 1.863892e-01
         vertex 6.418766e-01 4.574559e-02 1.969915e-01
         vertex 7.607607e-01 9.396618e-02 2.011228e-01
      endloop
   endfacet
   facet normal -1.219965e-01 2.178112e-01 9.683363e-01
      outer loop
         vertex 7.607607e-01 9.396618e-02 2.011228e-01
         vertex 6.418766e-01 4.574559e-02 1.969915e-01
         vertex 7.609117e-01 4.876398e-02 2.113093e-01
      endloop
   endfacet
   facet normal -1.270436e-01 9.877162e-02 9.869671e-01
      outer loop
         vertex 7.261139e-01 1.663890e-18 2.117102e-01
         vertex 7.609117e-01 4.876398e-02 2.113093e-01
         vertex 6.421075e-01 8.956339e-19 2.008968e-01
      endloop
   endfacet
   facet normal -1.210960e-01 8.382705e-02 9.890949e-01
      outer loop
         vertex 6.421075e-01 8.956339e-19 2.008968e-01
         vertex 7.609117e-01 4.876398e-02 2.113093e-01
         vertex 6.418766e-01 4.574559e-02 1.969915e-01
      endloop
   endfacet
   facet normal -1.756071e-01 8.285803e-02 9.809672e-01
      outer loop
         vertex 6.421075e-01 8.956339e-19 2.008968e-01
         vertex 6.418766e-01 4.574559e-02 1.969915e-01
         vertex 5.311060e-01 -1.159094e-18 1.810260e-01
      endloop
   endfacet
   facet normal -1.794586e-01 9.273643e-02 9.793848e-01
      outer loop
         vertex 5.311060e-01 -1.159094e-18 1.810260e-01
         vertex 6.418766e-01 4.574559e-02 1.969915e-01
         vertex 5.210416e-01 4.134297e-02 1.752671e-01
      endloop
   endfacet
   facet normal -2.280678e-01 7.964909e-02 9.703819e-01
      outer loop
         vertex 5.311060e-01 -1.159094e-18 1.810260e-01
         vertex 5.210416e-01 4.134297e-02 1.752671e-01
         vertex 4.021809e-01 -4.118931e-18 1.507248e-01
      endloop
   endfacet
   facet normal -2.301649e-01 8.631073e-02 9.693166e-01
      outer loop
         vertex 4.021809e-01 -4.118931e-18 1.507248e-01
         vertex 5.210416e-01 4.134297e-02 1.752671e-01
         vertex 4.015531e-01 3.559707e-02 1.474061e-01
      endloop
   endfacet
   facet normal -2.709602e-01 8.461683e-02 9.588642e-01
      outer loop
         vertex 4.021809e-01 -4.118931e-18 1.507248e-01
         vertex 4.015531e-01 3.559707e-02 1.474061e-01
         vertex 3.216864e-01 -5.785099e-18 1.279783e-01
      endloop
   endfacet
   facet normal -2.780994e-01 1.027195e-01 9.550442e-01
      outer loop
         vertex 3.216864e-01 -5.785099e-18 1.279783e-01
         vertex 4.015531e-01 3.559707e-02 1.474061e-01
         vertex 2.865581e-01 2.854888e-02 1.146787e-01
      endloop
   endfacet
   facet normal -3.190427e-01 4.836264e-02 9.465056e-01
      outer loop
         vertex 3.216864e-01 -5.785099e-18 1.279783e-01
         vertex 2.865581e-01 2.854888e-02 1.146787e-01
         vertex 1.799137e-01 -7.074030e-18 8.019043e-02
      endloop
   endfacet
   facet normal -3.247616e-01 7.409462e-02 9.428891e-01
      outer loop
         vertex 1.799137e-01 -7.074030e-18 8.019043e-02
         vertex 2.865581e-01 2.854888e-02 1.146787e-01
         vertex 1.792030e-01 2.023933e-02 7.835518e-02
      endloop
   endfacet
   facet normal -3.676156e-01 7.117171e-02 9.272504e-01
      outer loop
         vertex 1.799137e-01 -7.074030e-18 8.019043e-02
         vertex 1.792030e-01 2.023933e-02 7.835518e-02
         vertex 1.166556e-01 -6.285416e-18 5.511123e-02
      endloop
   endfacet
   facet normal -3.967496e-01 1.963032e-01 8.966910e-01
      outer loop
         vertex 1.166556e-01 -6.285416e-18 5.511123e-02
         vertex 1.792030e-01 2.023933e-02 7.835518e-02
         vertex 1.773390e-01 3.942992e-02 7.332922e-02
      endloop
   endfacet
   facet normal -3.896877e-01 1.826833e-01 9.026463e-01
      outer loop
         vertex 1.166556e-01 -6.285416e-18 5.511123e-02
         vertex 1.773390e-01 3.942992e-02 7.332922e-02
         vertex 8.311933e-02 -5.288760e-18 4.063307e-02
      endloop
   endfacet
   facet normal -3.707842e-01 1.226359e-01 9.205865e-01
      outer loop
         vertex 8.311933e-02 -5.288760e-18 4.063307e-02
         vertex 1.773390e-01 3.942992e-02 7.332922e-02
         vertex 8.136015e-02 2.096674e-02 3.713144e-02
      endloop
   endfacet
   facet normal -4.363968e-01 1.124730e-01 8.926968e-01
      outer loop
         vertex 8.311933e-02 -5.288760e-18 4.063307e-02
         vertex 8.136015e-02 2.096674e-02 3.713144e-02
         vertex 0.000000e+00 0.000000e+00 0.000000e+00
      endloop
   endfacet
   facet normal -4.497220e-01 2.059841e-01 8.690919e-01
      outer loop
         vertex 3.642774e-02 2.007550e-02 1.409186e-02
         vertex 0.000000e+00 0.000000e+00 0.000000e+00
         vertex 8.136015e-02 2.096674e-02 3.713144e-02
      endloop
   endfacet
   facet normal 1.234609e-02 4.015782e-01 9.157415e-01
      outer loop
         vertex 1.094291e+00 1.966030e-01 1.711062e-01
         vertex 9.848912e-01 1.851294e-01 1.776126e-01
         vertex 9.850500e-01 1.455776e-01 1.949551e-01
      endloop
   endfacet
   facet normal -2.584552e-03 2.688075e-01 9.631905e-01
      outer loop
         vertex 1.750000e+00 2.651131e-01 1.056968e-01
         vertex 1.639937e+00 2.595502e-01 1.069540e-01
         vertex 1.639903e+00 2.065429e-01 1.217472e-01
      endloop
   endfacet
   facet normal 2.661297e-02 3.759494e-01 9.262580e-01
      outer loop
         vertex 1.094291e+00 1.966030e-01 1.711062e-01
         vertex 9.850500e-01 1.455776e-01 1.949551e-01
         vertex 1.094508e+00 1.546918e-01 1.881109e-01
      endloop
   endfacet
   facet normal 3.786709e-02 2.681147e-01 9.626425e-01
      outer loop
         vertex 1.094508e+00 1.546918e-01 1.881109e-01
         vertex 9.850500e-01 1.455776e-01 1.949551e-01
         vertex 9.851479e-01 1.009670e-01 2.073761e-01
      endloop
   endfacet
   facet normal 4.785879e-02 2.494150e-01 9.672134e-01
      outer loop
         vertex 1.094508e+00 1.546918e-01 1.881109e-01
         vertex 9.851479e-01 1.009670e-01 2.073761e-01
         vertex 1.094676e+00 1.073249e-01 2.003171e-01
      endloop
   endfacet
   facet normal 5.483727e-02 1.511528e-01 9.869882e-01
      outer loop
         vertex 1.094676e+00 1.073249e-01 2.003171e-01
         vertex 9.851479e-01 1.009670e-01 2.073761e-01
         vertex 9.851975e-01 5.215523e-02 2.148487e-01
      endloop
   endfacet
   facet normal 6.046721e-02 1.403155e-01 9.882587e-01
      outer loop
         vertex 1.094676e+00 1.073249e-01 2.003171e-01
         vertex 9.851975e-01 5.215523e-02 2.148487e-01
         vertex 1.094784e+00 5.544630e-02 2.076763e-01
      endloop
   endfacet
   facet normal 4.996760e-02 4.840175e-02 9.975773e-01
      outer loop
         vertex 1.087834e+00 -4.238354e-18 2.107146e-01
         vertex 1.094784e+00 5.544630e-02 2.076763e-01
         vertex 9.071822e-01 -8.979666e-19 2.197633e-01
      endloop
   endfacet
   facet normal 6.542409e-02 -3.835469e-03 9.978502e-01
      outer loop
         vertex 9.071822e-01 -8.979666e-19 2.197633e-01
         vertex 1.094784e+00 5.544630e-02 2.076763e-01
         vertex 9.851975e-01 5.215523e-02 2.148487e-01
      endloop
   endfacet
   facet normal 1.792855e-02 6.718430e-02 9.975795e-01
      outer loop
         vertex 9.071822e-01 -8.979666e-19 2.197633e-01
         vertex 9.851975e-01 5.215523e-02 2.148487e-01
         vertex 8.750000e-01 5.035718e-02 2.169503e-01
      endloop
   endfacet
   facet normal 1.637967e-02 1.513220e-01 9.883488e-01
      outer loop
         vertex 8.750000e-01 5.035718e-02 2.169503e-01
         vertex 9.851975e-01 5.215523e-02 2.148487e-01
         vertex 9.851479e-01 1.009670e-01 2.073761e-01
      endloop
   endfacet
   facet normal 1.245628e-03 1.832601e-01 9.830637e-01
      outer loop
         vertex 8.750000e-01 5.035718e-02 2.169503e-01
         vertex 9.851479e-01 1.009670e-01 2.073761e-01
         vertex 8.750000e-01 9.727228e-02 2.082045e-01
      endloop
   endfacet
   facet normal -1.752612e-03 2.682259e-01 9.633544e-01
      outer loop
         vertex 8.750000e-01 9.727228e-02 2.082045e-01
         vertex 9.851479e-01 1.009670e-01 2.073761e-01
         vertex 9.850500e-01 1.455776e-01 1.949551e-01
      endloop
   endfacet
   facet normal -2.151242e-02 3.097387e-01 9.505783e-01
      outer loop
         vertex 8.750000e-01 9.727228e-02 2.082045e-01
         vertex 9.850500e-01 1.455776e-01 1.949551e-01
         vertex 8.750000e-01 1.397368e-01 1.943677e-01
      endloop
   endfacet
   facet normal -2.618727e-02 4.013414e-01 9.155541e-01
      outer loop
         vertex 8.750000e-01 1.397368e-01 1.943677e-01
         vertex 9.850500e-01 1.455776e-01 1.949551e-01
         vertex 9.848912e-01 1.851294e-01 1.776126e-01
      endloop
   endfacet
   facet normal -4.659831e-02 4.432385e-01 8.951917e-01
      outer loop
         vertex 8.750000e-01 1.397368e-01 1.943677e-01
         vertex 9.848912e-01 1.851294e-01 1.776126e-01
         vertex 8.750000e-01 1.767420e-01 1.760452e-01
      endloop
   endfacet
   facet normal 3.512394e-02 2.021803e-01 9.787183e-01
      outer loop
         vertex 1.750000e+00 2.651131e-01 1.056968e-01
         vertex 1.639903e+00 2.065429e-01 1.217472e-01
         vertex 1.750000e+00 1.899733e-01 1.212189e-01
      endloop
   endfacet
   facet normal 3.396538e-02 1.944310e-01 9.803280e-01
      outer loop
         vertex 1.750000e+00 1.899733e-01 1.212189e-01
         vertex 1.639903e+00 2.065429e-01 1.217472e-01
         vertex 1.640000e+00 1.443806e-01 1.340726e-01
      endloop
   endfacet
   facet normal 6.053660e-02 1.328490e-01 9.892858e-01
      outer loop
         vertex 1.750000e+00 1.899733e-01 1.212189e-01
         vertex 1.640000e+00 1.443806e-01 1.340726e-01
         vertex 1.750000e+00 1.459084e-01 1.271363e-01
      endloop
   endfacet
   facet normal 6.080756e-02 1.204605e-01 9.908540e-01
      outer loop
         vertex 1.750000e+00 1.459084e-01 1.271363e-01
         vertex 1.640000e+00 1.443806e-01 1.340726e-01
         vertex 1.640130e+00 7.491546e-02 1.425097e-01
      endloop
   endfacet
   facet normal 9.654370e-02 6.565412e-02 9.931610e-01
      outer loop
         vertex 1.750000e+00 1.459084e-01 1.271363e-01
         vertex 1.640130e+00 7.491546e-02 1.425097e-01
         vertex 1.750000e+00 3.260173e-02 1.346266e-01
      endloop
   endfacet
   facet normal -1.299224e-01 9.717470e-01 1.970478e-01
      outer loop
         vertex 1.093620e+00 2.769455e-01 9.535479e-02
         vertex 1.093549e+00 2.831863e-01 6.453125e-02
         vertex 9.842551e-01 2.613625e-01 1.000934e-01
      endloop
   endfacet
   facet normal -1.346287e-01 9.737034e-01 1.837846e-01
      outer loop
         vertex 9.842551e-01 2.613625e-01 1.000934e-01
         vertex 1.093549e+00 2.831863e-01 6.453125e-02
         vertex 9.841802e-01 2.673161e-01 6.849609e-02
      endloop
   endfacet
   facet normal -1.461202e-01 9.720973e-01 1.835093e-01
      outer loop
         vertex 9.842551e-01 2.613625e-01 1.000934e-01
         vertex 9.841802e-01 2.673161e-01 6.849609e-02
         vertex 8.750000e-01 2.449171e-01 1.002143e-01
      endloop
   endfacet
   facet normal -1.092446e-01 8.877471e-01 4.471809e-01
      outer loop
         vertex 1.640769e+00 3.513258e-01 5.564088e-02
         vertex 1.640861e+00 3.560939e-01 4.619751e-02
         vertex 1.531537e+00 3.403795e-01 5.068632e-02
      endloop
   endfacet
   facet normal -1.093272e-01 9.112785e-01 3.970127e-01
      outer loop
         vertex 1.531537e+00 3.403795e-01 5.068632e-02
         vertex 1.531422e+00 3.360255e-01 6.064884e-02
         vertex 1.640769e+00 3.513258e-01 5.564088e-02
      endloop
   endfacet
   facet normal -7.308978e-02 7.408812e-01 6.676473e-01
      outer loop
         vertex 1.640769e+00 3.513258e-01 5.564088e-02
         vertex 1.531422e+00 3.360255e-01 6.064884e-02
         vertex 1.531063e+00 3.186976e-01 7.983804e-02
      endloop
   endfacet
   facet normal -4.785790e-02 6.938070e-01 7.185690e-01
      outer loop
         vertex 1.640769e+00 3.513258e-01 5.564088e-02
         vertex 1.531063e+00 3.186976e-01 7.983804e-02
         vertex 1.640481e+00 3.325294e-01 7.377034e-02
      endloop
   endfacet
   facet normal -1.423859e-01 9.614003e-01 2.354477e-01
      outer loop
         vertex 1.750000e+00 3.717787e-01 4.815362e-02
         vertex 1.750000e+00 3.750000e-01 3.500000e-02
         vertex 1.640861e+00 3.560939e-01 4.619751e-02
      endloop
   endfacet
   facet normal -1.383749e-01 9.547396e-01 2.632959e-01
      outer loop
         vertex 1.640861e+00 3.560939e-01 4.619751e-02
         vertex 1.750000e+00 3.750000e-01 3.500000e-02
         vertex 1.531579e+00 3.418351e-01 4.046875e-02
      endloop
   endfacet
   facet normal -1.352925e-01 9.809813e-01 1.391820e-01
      outer loop
         vertex 1.640861e+00 3.560939e-01 4.619751e-02
         vertex 1.531579e+00 3.418351e-01 4.046875e-02
         vertex 1.531537e+00 3.403795e-01 5.068632e-02
      endloop
   endfacet
   facet normal -1.278320e-01 9.819572e-01 1.393523e-01
      outer loop
         vertex 1.531537e+00 3.403795e-01 5.068632e-02
         vertex 1.531579e+00 3.418351e-01 4.046875e-02
         vertex 1.458325e+00 3.317849e-01 4.408973e-02
      endloop
   endfacet
   facet normal -1.421409e-01 9.076051e-01 3.950304e-01
      outer loop
         vertex 1.531537e+00 3.403795e-01 5.068632e-02
         vertex 1.458325e+00 3.317849e-01 4.408973e-02
         vertex 1.531422e+00 3.360255e-01 6.064884e-02
      endloop
   endfacet
   facet normal -1.104463e-01 9.643210e-01 2.405964e-01
      outer loop
         vertex 1.531422e+00 3.360255e-01 6.064884e-02
         vertex 1.458325e+00 3.317849e-01 4.408973e-02
         vertex 1.312528e+00 3.065985e-01 7.810956e-02
      endloop
   endfacet
   facet normal -4.636196e-02 7.418195e-01 6.689951e-01
      outer loop
         vertex 1.531422e+00 3.360255e-01 6.064884e-02
         vertex 1.312528e+00 3.065985e-01 7.810956e-02
         vertex 1.531063e+00 3.186976e-01 7.983804e-02
      endloop
   endfacet
   facet normal 5.300339e-03 4.861522e-01 8.738581e-01
      outer loop
         vertex 1.640160e+00 3.017800e-01 9.087909e-02
         vertex 1.640481e+00 3.325294e-01 7.377034e-02
         vertex 1.530671e+00 2.900033e-01 9.809487e-02
      endloop
   endfacet
   facet normal -2.110072e-02 5.368947e-01 8.433854e-01
      outer loop
         vertex 1.530671e+00 2.900033e-01 9.809487e-02
         vertex 1.640481e+00 3.325294e-01 7.377034e-02
         vertex 1.531063e+00 3.186976e-01 7.983804e-02
      endloop
   endfacet
   facet normal 1.412653e-02 5.366179e-01 8.437071e-01
      outer loop
         vertex 1.530671e+00 2.900033e-01 9.809487e-02
         vertex 1.531063e+00 3.186976e-01 7.983804e-02
         vertex 1.312409e+00 2.893757e-01 1.021485e-01
      endloop
   endfacet
   facet normal -4.955655e-02 8.120160e-01 5.815275e-01
      outer loop
         vertex 1.312409e+00 2.893757e-01 1.021485e-01
         vertex 1.531063e+00 3.186976e-01 7.983804e-02
         vertex 1.312528e+00 3.065985e-01 7.810956e-02
      endloop
   endfacet
   facet normal -6.413804e-02 8.113752e-01 5.809962e-01
      outer loop
         vertex 1.312409e+00 2.893757e-01 1.021485e-01
         vertex 1.312528e+00 3.065985e-01 7.810956e-02
         vertex 1.093620e+00 2.769455e-01 9.535479e-02
      endloop
   endfacet
   facet normal -1.149835e-01 9.709319e-01 2.099284e-01
      outer loop
         vertex 1.093620e+00 2.769455e-01 9.535479e-02
         vertex 1.312528e+00 3.065985e-01 7.810956e-02
         vertex 1.137564e+00 2.892687e-01 6.242841e-02
      endloop
   endfacet
   facet normal -1.249527e-01 9.723751e-01 1.971635e-01
      outer loop
         vertex 1.093620e+00 2.769455e-01 9.535479e-02
         vertex 1.137564e+00 2.892687e-01 6.242841e-02
         vertex 1.093549e+00 2.831863e-01 6.453125e-02
      endloop
   endfacet
   facet normal -1.300360e-01 8.389185e-01 5.284945e-01
      outer loop
         vertex 1.750000e+00 3.717787e-01 4.815362e-02
         vertex 1.640861e+00 3.560939e-01 4.619751e-02
         vertex 1.750000e+00 3.673756e-01 5.514287e-02
      endloop
   endfacet
   facet normal -1.281228e-01 8.858058e-01 4.460186e-01
      outer loop
         vertex 1.750000e+00 3.673756e-01 5.514287e-02
         vertex 1.640861e+00 3.560939e-01 4.619751e-02
         vertex 1.640769e+00 3.513258e-01 5.564088e-02
      endloop
   endfacet
   facet normal -9.950702e-02 6.991838e-01 7.079833e-01
      outer loop
         vertex 1.750000e+00 3.673756e-01 5.514287e-02
         vertex 1.640769e+00 3.513258e-01 5.564088e-02
         vertex 1.750000e+00 3.554166e-01 6.695325e-02
      endloop
   endfacet
   facet normal -9.998741e-02 6.915374e-01 7.153870e-01
      outer loop
         vertex 1.750000e+00 3.554166e-01 6.695325e-02
         vertex 1.640769e+00 3.513258e-01 5.564088e-02
         vertex 1.640481e+00 3.325294e-01 7.377034e-02
      endloop
   endfacet
   facet normal -6.898904e-02 5.733028e-01 8.164339e-01
      outer loop
         vertex 1.750000e+00 3.554166e-01 6.695325e-02
         vertex 1.640481e+00 3.325294e-01 7.377034e-02
         vertex 1.750000e+00 3.455111e-01 7.390892e-02
      endloop
   endfacet
   facet normal -5.869105e-02 4.858310e-01 8.720801e-01
      outer loop
         vertex 1.750000e+00 3.455111e-01 7.390892e-02
         vertex 1.640481e+00 3.325294e-01 7.377034e-02
         vertex 1.640160e+00 3.017800e-01 9.087909e-02
      endloop
   endfacet
   facet normal -3.139903e-02 4.291574e-01 9.026838e-01
      outer loop
         vertex 1.750000e+00 3.455111e-01 7.390892e-02
         vertex 1.640160e+00 3.017800e-01 9.087909e-02
         vertex 1.750000e+00 3.050627e-01 9.313905e-02
      endloop
   endfacet
   facet normal -6.154153e-01 6.638377e-01 4.249512e-01
      outer loop
         vertex 0.000000e+00 0.000000e+00 0.000000e+00
         vertex 3.349505e-02 2.824501e-02 4.384642e-03
         vertex 1.923930e-02 1.765151e-02 2.880895e-04
      endloop
   endfacet
   facet normal -6.194144e-01 7.644702e-01 1.786367e-01
      outer loop
         vertex 1.923930e-02 1.765151e-02 2.880895e-04
         vertex 3.349505e-02 2.824501e-02 4.384642e-03
         vertex 3.322017e-02 2.886317e-02 7.861328e-04
      endloop
   endfacet
   facet normal -4.337064e-01 7.013695e-01 5.656674e-01
      outer loop
         vertex 1.663206e-01 9.298386e-02 3.502049e-02
         vertex 1.163393e-01 7.729276e-02 1.615439e-02
         vertex 7.371031e-02 5.071621e-02 1.642225e-02
      endloop
   endfacet
   facet normal -4.679746e-01 7.552598e-01 4.588925e-01
      outer loop
         vertex 7.371031e-02 5.071621e-02 1.642225e-02
         vertex 1.163393e-01 7.729276e-02 1.615439e-02
         vertex 7.246397e-02 5.395113e-02 9.827104e-03
      endloop
   endfacet
   facet normal -5.357235e-01 7.136742e-01 4.512976e-01
      outer loop
         vertex 7.371031e-02 5.071621e-02 1.642225e-02
         vertex 7.246397e-02 5.395113e-02 9.827104e-03
         vertex 3.422047e-02 2.648244e-02 7.867762e-03
      endloop
   endfacet
   facet normal -1.752804e-01 9.752917e-01 1.344723e-01
      outer loop
         vertex 6.383719e-01 2.097412e-01 8.437245e-02
         vertex 6.325096e-01 2.122406e-01 5.860389e-02
         vertex 5.131779e-01 1.891280e-01 7.068866e-02
      endloop
   endfacet
   facet normal -1.758490e-01 9.758146e-01 1.298574e-01
      outer loop
         vertex 5.131779e-01 1.891280e-01 7.068866e-02
         vertex 6.325096e-01 2.122406e-01 5.860389e-02
         vertex 5.128772e-01 1.921128e-01 4.785156e-02
      endloop
   endfacet
   facet normal -2.082997e-01 9.694601e-01 1.294542e-01
      outer loop
         vertex 5.131779e-01 1.891280e-01 7.068866e-02
         vertex 5.128772e-01 1.921128e-01 4.785156e-02
         vertex 3.894503e-01 1.646375e-01 5.500825e-02
      endloop
   endfacet
   facet normal -2.107180e-01 9.724844e-01 9.935811e-02
      outer loop
         vertex 3.894503e-01 1.646375e-01 5.500825e-02
         vertex 5.128772e-01 1.921128e-01 4.785156e-02
         vertex 3.594413e-01 1.605062e-01 3.180113e-02
      endloop
   endfacet
   facet normal -2.637792e-01 9.490997e-01 1.721343e-01
      outer loop
         vertex 3.894503e-01 1.646375e-01 5.500825e-02
         vertex 3.594413e-01 1.605062e-01 3.180113e-02
         vertex 2.717289e-01 1.348747e-01 3.871520e-02
      endloop
   endfacet
   facet normal -2.670048e-01 9.527582e-01 1.447767e-01
      outer loop
         vertex 2.717289e-01 1.348747e-01 3.871520e-02
         vertex 3.594413e-01 1.605062e-01 3.180113e-02
         vertex 2.710732e-01 1.372083e-01 2.214844e-02
      endloop
   endfacet
   facet normal -3.168491e-01 9.373910e-01 1.445850e-01
      outer loop
         vertex 2.717289e-01 1.348747e-01 3.871520e-02
         vertex 2.710732e-01 1.372083e-01 2.214844e-02
         vertex 2.064700e-01 1.164352e-01 1.525371e-02
      endloop
   endfacet
   facet normal -1.509474e-01 9.741077e-01 1.683127e-01
      outer loop
         vertex 9.841802e-01 2.673161e-01 6.849609e-02
         vertex 8.880794e-01 2.521685e-01 6.997665e-02
         vertex 8.750000e-01 2.449171e-01 1.002143e-01
      endloop
   endfacet
   facet normal -1.610731e-01 9.732665e-01 1.637311e-01
      outer loop
         vertex 8.750000e-01 2.449171e-01 1.002143e-01
         vertex 8.880794e-01 2.521685e-01 6.997665e-02
         vertex 8.750000e-01 2.500000e-01 7.000000e-02
      endloop
   endfacet
   facet normal -1.529902e-01 9.745339e-01 1.639443e-01
      outer loop
         vertex 8.750000e-01 2.449171e-01 1.002143e-01
         vertex 8.750000e-01 2.500000e-01 7.000000e-02
         vertex 7.604926e-01 2.278726e-01 9.467566e-02
      endloop
   endfacet
   facet normal -1.578797e-01 9.769831e-01 1.434507e-01
      outer loop
         vertex 7.604926e-01 2.278726e-01 9.467566e-02
         vertex 8.750000e-01 2.500000e-01 7.000000e-02
         vertex 7.605179e-01 2.319414e-01 6.699219e-02
      endloop
   endfacet
   facet normal -1.571740e-01 9.770943e-01 1.434677e-01
      outer loop
         vertex 7.604926e-01 2.278726e-01 9.467566e-02
         vertex 7.605179e-01 2.319414e-01 6.699219e-02
         vertex 6.383719e-01 2.097412e-01 8.437245e-02
      endloop
   endfacet
   facet normal -1.589690e-01 9.783567e-01 1.324649e-01
      outer loop
         vertex 6.383719e-01 2.097412e-01 8.437245e-02
         vertex 7.605179e-01 2.319414e-01 6.699219e-02
         vertex 6.382734e-01 2.131521e-01 5.906250e-02
      endloop
   endfacet
   facet normal -1.650891e-01 9.773576e-01 1.323541e-01
      outer loop
         vertex 6.383719e-01 2.097412e-01 8.437245e-02
         vertex 6.382734e-01 2.131521e-01 5.906250e-02
         vertex 6.325096e-01 2.122406e-01 5.860389e-02
      endloop
   endfacet
   facet normal -4.957703e-01 5.795666e-01 6.467723e-01
      outer loop
         vertex 3.422047e-02 2.648244e-02 7.867762e-03
         vertex 3.524764e-02 2.371332e-02 1.113650e-02
         vertex 7.371031e-02 5.071621e-02 1.642225e-02
      endloop
   endfacet
   facet normal -5.016274e-01 5.908202e-01 6.319030e-01
      outer loop
         vertex 7.371031e-02 5.071621e-02 1.642225e-02
         vertex 3.524764e-02 2.371332e-02 1.113650e-02
         vertex 7.547823e-02 4.557586e-02 2.263184e-02
      endloop
   endfacet
   facet normal -4.203721e-01 6.365364e-01 6.466133e-01
      outer loop
         vertex 7.371031e-02 5.071621e-02 1.642225e-02
         vertex 7.547823e-02 4.557586e-02 2.263184e-02
         vertex 1.663206e-01 9.298386e-02 3.502049e-02
      endloop
   endfacet
   facet normal -4.281560e-01 6.587617e-01 6.186400e-01
      outer loop
         vertex 1.663206e-01 9.298386e-02 3.502049e-02
         vertex 7.547823e-02 4.557586e-02 2.263184e-02
         vertex 1.688388e-01 8.410545e-02 4.621759e-02
      endloop
   endfacet
   facet normal -3.425228e-01 6.971447e-01 6.298153e-01
      outer loop
         vertex 1.663206e-01 9.298386e-02 3.502049e-02
         vertex 1.688388e-01 8.410545e-02 4.621759e-02
         vertex 2.734758e-01 1.278953e-01 5.465288e-02
      endloop
   endfacet
   facet normal -3.482746e-01 7.155665e-01 6.055323e-01
      outer loop
         vertex 2.734758e-01 1.278953e-01 5.465288e-02
         vertex 1.688388e-01 8.410545e-02 4.621759e-02
         vertex 2.759831e-01 1.163025e-01 6.979436e-02
      endloop
   endfacet
   facet normal -2.821850e-01 7.386099e-01 6.122312e-01
      outer loop
         vertex 2.734758e-01 1.278953e-01 5.465288e-02
         vertex 2.759831e-01 1.163025e-01 6.979436e-02
         vertex 3.908209e-01 1.565429e-01 7.417762e-02
      endloop
   endfacet
   facet normal -2.859972e-01 7.514054e-01 5.946390e-01
      outer loop
         vertex 3.908209e-01 1.565429e-01 7.417762e-02
         vertex 2.759831e-01 1.163025e-01 6.979436e-02
         vertex 3.928121e-01 1.428807e-01 9.239926e-02
      endloop
   endfacet
   facet normal -2.347710e-01 7.652372e-01 5.994119e-01
      outer loop
         vertex 3.908209e-01 1.565429e-01 7.417762e-02
         vertex 3.928121e-01 1.428807e-01 9.239926e-02
         vertex 5.140009e-01 1.800188e-01 9.245285e-02
      endloop
   endfacet
   facet normal -2.363745e-01 7.704806e-01 5.920192e-01
      outer loop
         vertex 5.140009e-01 1.800188e-01 9.245285e-02
         vertex 3.928121e-01 1.428807e-01 9.239926e-02
         vertex 5.152271e-01 1.645538e-01 1.130694e-01
      endloop
   endfacet
   facet normal -1.970608e-01 7.786022e-01 5.957732e-01
      outer loop
         vertex 5.140009e-01 1.800188e-01 9.245285e-02
         vertex 5.152271e-01 1.645538e-01 1.130694e-01
         vertex 6.386607e-01 1.994156e-01 1.083368e-01
      endloop
   endfacet
   facet normal -1.955796e-01 7.741986e-01 6.019678e-01
      outer loop
         vertex 6.386607e-01 1.994156e-01 1.083368e-01
         vertex 5.152271e-01 1.645538e-01 1.130694e-01
         vertex 6.391293e-01 1.820355e-01 1.308418e-01
      endloop
   endfacet
   facet normal -1.662782e-01 7.787617e-01 6.048817e-01
      outer loop
         vertex 6.386607e-01 1.994156e-01 1.083368e-01
         vertex 6.391293e-01 1.820355e-01 1.308418e-01
         vertex 7.604455e-01 2.158255e-01 1.206876e-01
      endloop
   endfacet
   facet normal -1.599403e-01 7.625920e-01 6.267954e-01
      outer loop
         vertex 7.604455e-01 2.158255e-01 1.206876e-01
         vertex 6.391293e-01 1.820355e-01 1.308418e-01
         vertex 7.604198e-01 1.960395e-01 1.447537e-01
      endloop
   endfacet
   facet normal -1.390702e-01 7.650189e-01 6.288128e-01
      outer loop
         vertex 7.604455e-01 2.158255e-01 1.206876e-01
         vertex 7.604198e-01 1.960395e-01 1.447537e-01
         vertex 8.750000e-01 2.303408e-01 1.283634e-01
      endloop
   endfacet
   facet normal -1.249704e-01 7.355922e-01 6.657976e-01
      outer loop
         vertex 8.750000e-01 2.303408e-01 1.283634e-01
         vertex 7.604198e-01 1.960395e-01 1.447537e-01
         vertex 8.750000e-01 2.072795e-01 1.538421e-01
      endloop
   endfacet
   facet normal -1.022817e-01 7.375162e-01 6.675390e-01
      outer loop
         vertex 8.750000e-01 2.303408e-01 1.283634e-01
         vertex 8.750000e-01 2.072795e-01 1.538421e-01
         vertex 9.844391e-01 2.445910e-01 1.293878e-01
      endloop
   endfacet
   facet normal -8.388171e-02 7.065649e-01 7.026592e-01
      outer loop
         vertex 9.844391e-01 2.445910e-01 1.293878e-01
         vertex 8.750000e-01 2.072795e-01 1.538421e-01
         vertex 9.846714e-01 2.186354e-01 1.555154e-01
      endloop
   endfacet
   facet normal -6.042054e-02 7.078734e-01 7.037504e-01
      outer loop
         vertex 9.844391e-01 2.445910e-01 1.293878e-01
         vertex 9.846714e-01 2.186354e-01 1.555154e-01
         vertex 1.093800e+00 2.593289e-01 1.239528e-01
      endloop
   endfacet
   facet normal -4.300339e-02 6.817635e-01 7.303076e-01
      outer loop
         vertex 1.093800e+00 2.593289e-01 1.239528e-01
         vertex 9.846714e-01 2.186354e-01 1.555154e-01
         vertex 1.094041e+00 2.319952e-01 1.494838e-01
      endloop
   endfacet
   facet normal -8.233055e-03 6.825349e-01 7.308066e-01
      outer loop
         vertex 1.093800e+00 2.593289e-01 1.239528e-01
         vertex 1.094041e+00 2.319952e-01 1.494838e-01
         vertex 1.312307e+00 2.616325e-01 1.242630e-01
      endloop
   endfacet
   facet normal 3.857845e-02 4.674513e-01 8.831767e-01
      outer loop
         vertex 1.312307e+00 2.616325e-01 1.242630e-01
         vertex 1.094041e+00 2.319952e-01 1.494838e-01
         vertex 1.312303e+00 2.241556e-01 1.440991e-01
      endloop
   endfacet
   facet normal 6.023767e-02 4.669481e-01 8.822306e-01
      outer loop
         vertex 1.312307e+00 2.616325e-01 1.242630e-01
         vertex 1.312303e+00 2.241556e-01 1.440991e-01
         vertex 1.530414e+00 2.500942e-01 1.154779e-01
      endloop
   endfacet
   facet normal 8.160791e-02 3.453777e-01 9.349088e-01
      outer loop
         vertex 1.530414e+00 2.500942e-01 1.154779e-01
         vertex 1.312303e+00 2.241556e-01 1.440991e-01
         vertex 1.312446e+00 1.778466e-01 1.611942e-01
      endloop
   endfacet
   facet normal 9.789742e-02 3.042342e-01 9.475535e-01
      outer loop
         vertex 1.530414e+00 2.500942e-01 1.154779e-01
         vertex 1.312446e+00 1.778466e-01 1.611942e-01
         vertex 1.530412e+00 1.994135e-01 1.317504e-01
      endloop
   endfacet
   facet normal 1.063651e-01 2.417725e-01 9.644856e-01
      outer loop
         vertex 1.530412e+00 1.994135e-01 1.317504e-01
         vertex 1.312446e+00 1.778466e-01 1.611942e-01
         vertex 1.312669e+00 1.240668e-01 1.746509e-01
      endloop
   endfacet
   facet normal 1.137068e-01 2.226907e-01 9.682353e-01
      outer loop
         vertex 1.530412e+00 1.994135e-01 1.317504e-01
         vertex 1.312669e+00 1.240668e-01 1.746509e-01
         vertex 1.530578e+00 1.395704e-01 1.454945e-01
      endloop
   endfacet
   facet normal 1.210596e-01 1.451777e-01 9.819715e-01
      outer loop
         vertex 1.530578e+00 1.395704e-01 1.454945e-01
         vertex 1.312669e+00 1.240668e-01 1.746509e-01
         vertex 1.312874e+00 6.429247e-02 1.834629e-01
      endloop
   endfacet
   facet normal 1.231203e-01 1.395036e-01 9.825376e-01
      outer loop
         vertex 1.530578e+00 1.395704e-01 1.454945e-01
         vertex 1.312874e+00 6.429247e-02 1.834629e-01
         vertex 1.530778e+00 7.246564e-02 1.549973e-01
      endloop
   endfacet
   facet normal 1.275757e-01 4.888212e-02 9.906235e-01
      outer loop
         vertex 1.530778e+00 7.246564e-02 1.549973e-01
         vertex 1.312874e+00 6.429247e-02 1.834629e-01
         vertex 1.312964e+00 -4.996668e-18 1.866238e-01
      endloop
   endfacet
   facet normal 1.278694e-01 4.800145e-02 9.906287e-01
      outer loop
         vertex 1.530778e+00 7.246564e-02 1.549973e-01
         vertex 1.312964e+00 -4.996668e-18 1.866238e-01
         vertex 1.434082e+00 -4.222791e-18 1.709900e-01
      endloop
   endfacet
   facet normal 1.068302e-01 1.138779e-02 9.942121e-01
      outer loop
         vertex 1.750000e+00 0.000000e+00 1.350000e-01
         vertex 1.750000e+00 3.260173e-02 1.346266e-01
         vertex 1.530874e+00 -3.181018e-18 1.585455e-01
      endloop
   endfacet
   facet normal 9.801656e-02 6.955485e-02 9.927512e-01
      outer loop
         vertex 1.530874e+00 -3.181018e-18 1.585455e-01
         vertex 1.750000e+00 3.260173e-02 1.346266e-01
         vertex 1.640130e+00 7.491546e-02 1.425097e-01
      endloop
   endfacet
   facet normal 1.122455e-01 4.874634e-02 9.924841e-01
      outer loop
         vertex 1.530874e+00 -3.181018e-18 1.585455e-01
         vertex 1.640130e+00 7.491546e-02 1.425097e-01
         vertex 1.530778e+00 7.246564e-02 1.549973e-01
      endloop
   endfacet
   facet normal 1.099829e-01 1.200427e-01 9.866577e-01
      outer loop
         vertex 1.530778e+00 7.246564e-02 1.549973e-01
         vertex 1.640130e+00 7.491546e-02 1.425097e-01
         vertex 1.640000e+00 1.443806e-01 1.340726e-01
      endloop
   endfacet
   facet normal 9.671711e-02 1.398361e-01 9.854398e-01
      outer loop
         vertex 1.530778e+00 7.246564e-02 1.549973e-01
         vertex 1.640000e+00 1.443806e-01 1.340726e-01
         vertex 1.530578e+00 1.395704e-01 1.454945e-01
      endloop
   endfacet
   facet normal 9.342150e-02 1.937818e-01 9.765864e-01
      outer loop
         vertex 1.530578e+00 1.395704e-01 1.454945e-01
         vertex 1.640000e+00 1.443806e-01 1.340726e-01
         vertex 1.639903e+00 2.065429e-01 1.217472e-01
      endloop
   endfacet
   facet normal 7.424482e-02 2.234204e-01 9.718904e-01
      outer loop
         vertex 1.530578e+00 1.395704e-01 1.454945e-01
         vertex 1.639903e+00 2.065429e-01 1.217472e-01
         vertex 1.530412e+00 1.994135e-01 1.317504e-01
      endloop
   endfacet
   facet normal 7.032422e-02 2.681001e-01 9.608209e-01
      outer loop
         vertex 1.530412e+00 1.994135e-01 1.317504e-01
         vertex 1.639903e+00 2.065429e-01 1.217472e-01
         vertex 1.639937e+00 2.595502e-01 1.069540e-01
      endloop
   endfacet
   facet normal 4.765394e-02 3.053576e-01 9.510446e-01
      outer loop
         vertex 1.530412e+00 1.994135e-01 1.317504e-01
         vertex 1.639937e+00 2.595502e-01 1.069540e-01
         vertex 1.530414e+00 2.500942e-01 1.154779e-01
      endloop
   endfacet
   facet normal -8.776323e-02 4.420083e-01 8.927073e-01
      outer loop
         vertex 8.750000e-01 1.767420e-01 1.760452e-01
         vertex 7.605882e-01 1.343738e-01 1.857751e-01
         vertex 8.750000e-01 1.397368e-01 1.943677e-01
      endloop
   endfacet
   facet normal -8.652072e-02 3.534176e-01 9.314559e-01
      outer loop
         vertex 8.750000e-01 1.397368e-01 1.943677e-01
         vertex 7.605882e-01 1.343738e-01 1.857751e-01
         vertex 7.607607e-01 9.396618e-02 2.011228e-01
      endloop
   endfacet
   facet normal -6.774952e-02 3.090986e-01 9.486138e-01
      outer loop
         vertex 8.750000e-01 1.397368e-01 1.943677e-01
         vertex 7.607607e-01 9.396618e-02 2.011228e-01
         vertex 8.750000e-01 9.727228e-02 2.082045e-01
      endloop
   endfacet
   facet normal -6.668334e-02 2.191398e-01 9.734121e-01
      outer loop
         vertex 8.750000e-01 9.727228e-02 2.082045e-01
         vertex 7.607607e-01 9.396618e-02 2.011228e-01
         vertex 7.609117e-01 4.876398e-02 2.113093e-01
      endloop
   endfacet
   facet normal -5.109847e-02 1.830209e-01 9.817802e-01
      outer loop
         vertex 8.750000e-01 9.727228e-02 2.082045e-01
         vertex 7.609117e-01 4.876398e-02 2.113093e-01
         vertex 8.750000e-01 5.035718e-02 2.169503e-01
      endloop
   endfacet
   facet normal -5.029222e-02 7.533003e-02 9.958896e-01
      outer loop
         vertex 8.750000e-01 5.035718e-02 2.169503e-01
         vertex 7.609117e-01 4.876398e-02 2.113093e-01
         vertex 7.609764e-01 1.684696e-18 2.150012e-01
      endloop
   endfacet
   facet normal -3.253431e-02 3.500599e-02 9.988574e-01
      outer loop
         vertex 8.750000e-01 5.035718e-02 2.169503e-01
         vertex 7.609764e-01 1.684696e-18 2.150012e-01
         vertex 9.071822e-01 -8.979666e-19 2.197633e-01
      endloop
   endfacet
   facet normal -4.259857e-03 2.998705e-01 9.539704e-01
      outer loop
         vertex 1.750000e+00 2.651131e-01 1.056968e-01
         vertex 1.750000e+00 3.050627e-01 9.313905e-02
         vertex 1.639937e+00 2.595502e-01 1.069540e-01
      endloop
   endfacet
   facet normal -2.985114e-02 3.557302e-01 9.341118e-01
      outer loop
         vertex 1.639937e+00 2.595502e-01 1.069540e-01
         vertex 1.750000e+00 3.050627e-01 9.313905e-02
         vertex 1.640160e+00 3.017800e-01 9.087909e-02
      endloop
   endfacet
   facet normal 4.200716e-02 3.552425e-01 9.338298e-01
      outer loop
         vertex 1.639937e+00 2.595502e-01 1.069540e-01
         vertex 1.640160e+00 3.017800e-01 9.087909e-02
         vertex 1.530414e+00 2.500942e-01 1.154779e-01
      endloop
   endfacet
   facet normal 1.747966e-02 3.991740e-01 9.167086e-01
      outer loop
         vertex 1.530414e+00 2.500942e-01 1.154779e-01
         vertex 1.640160e+00 3.017800e-01 9.087909e-02
         vertex 1.530671e+00 2.900033e-01 9.809487e-02
      endloop
   endfacet
   facet normal 5.794461e-02 3.983455e-01 9.154033e-01
      outer loop
         vertex 1.530414e+00 2.500942e-01 1.154779e-01
         vertex 1.530671e+00 2.900033e-01 9.809487e-02
         vertex 1.312307e+00 2.616325e-01 1.242630e-01
      endloop
   endfacet
   facet normal 1.273006e-02 6.232385e-01 7.819282e-01
      outer loop
         vertex 1.312307e+00 2.616325e-01 1.242630e-01
         vertex 1.530671e+00 2.900033e-01 9.809487e-02
         vertex 1.312409e+00 2.893757e-01 1.021485e-01
      endloop
   endfacet
   facet normal -7.681309e-03 6.233163e-01 7.819321e-01
      outer loop
         vertex 1.312307e+00 2.616325e-01 1.242630e-01
         vertex 1.312409e+00 2.893757e-01 1.021485e-01
         vertex 1.093800e+00 2.593289e-01 1.239528e-01
      endloop
   endfacet
   facet normal -6.452247e-02 8.494653e-01 5.236846e-01
      outer loop
         vertex 1.093800e+00 2.593289e-01 1.239528e-01
         vertex 1.312409e+00 2.893757e-01 1.021485e-01
         vertex 1.093620e+00 2.769455e-01 9.535479e-02
      endloop
   endfacet
   facet normal -8.827487e-02 8.478486e-01 5.228387e-01
      outer loop
         vertex 1.093800e+00 2.593289e-01 1.239528e-01
         vertex 1.093620e+00 2.769455e-01 9.535479e-02
         vertex 9.844391e-01 2.445910e-01 1.293878e-01
      endloop
   endfacet
   facet normal -1.015388e-01 8.630756e-01 4.947629e-01
      outer loop
         vertex 9.844391e-01 2.445910e-01 1.293878e-01
         vertex 1.093620e+00 2.769455e-01 9.535479e-02
         vertex 9.842551e-01 2.613625e-01 1.000934e-01
      endloop
   endfacet
   facet normal -1.168117e-01 8.615784e-01 4.940017e-01
      outer loop
         vertex 9.844391e-01 2.445910e-01 1.293878e-01
         vertex 9.842551e-01 2.613625e-01 1.000934e-01
         vertex 8.750000e-01 2.303408e-01 1.283634e-01
      endloop
   endfacet
   facet normal -1.319916e-01 8.802362e-01 4.558097e-01
      outer loop
         vertex 8.750000e-01 2.303408e-01 1.283634e-01
         vertex 9.842551e-01 2.613625e-01 1.000934e-01
         vertex 8.750000e-01 2.449171e-01 1.002143e-01
      endloop
   endfacet
   facet normal -1.418813e-01 8.790222e-01 4.551810e-01
      outer loop
         vertex 8.750000e-01 2.303408e-01 1.283634e-01
         vertex 8.750000e-01 2.449171e-01 1.002143e-01
         vertex 7.604455e-01 2.158255e-01 1.206876e-01
      endloop
   endfacet
   facet normal -1.535574e-01 8.967504e-01 4.150407e-01
      outer loop
         vertex 7.604455e-01 2.158255e-01 1.206876e-01
         vertex 8.750000e-01 2.449171e-01 1.002143e-01
         vertex 7.604926e-01 2.278726e-01 9.467566e-02
      endloop
   endfacet
   facet normal -1.626824e-01 8.954308e-01 4.144130e-01
      outer loop
         vertex 7.604455e-01 2.158255e-01 1.206876e-01
         vertex 7.604926e-01 2.278726e-01 9.467566e-02
         vertex 6.386607e-01 1.994156e-01 1.083368e-01
      endloop
   endfacet
   facet normal -1.673772e-01 9.046869e-01 3.918245e-01
      outer loop
         vertex 6.386607e-01 1.994156e-01 1.083368e-01
         vertex 7.604926e-01 2.278726e-01 9.467566e-02
         vertex 6.383719e-01 2.097412e-01 8.437245e-02
      endloop
   endfacet
   facet normal -1.899151e-01 9.008294e-01 3.904339e-01
      outer loop
         vertex 6.386607e-01 1.994156e-01 1.083368e-01
         vertex 6.383719e-01 2.097412e-01 8.437245e-02
         vertex 5.140009e-01 1.800188e-01 9.245285e-02
      endloop
   endfacet
   facet normal -1.907630e-01 9.029336e-01 3.851239e-01
      outer loop
         vertex 5.140009e-01 1.800188e-01 9.245285e-02
         vertex 6.383719e-01 2.097412e-01 8.437245e-02
         vertex 5.131779e-01 1.891280e-01 7.068866e-02
      endloop
   endfacet
   facet normal -2.274701e-01 8.951879e-01 3.832700e-01
      outer loop
         vertex 5.140009e-01 1.800188e-01 9.245285e-02
         vertex 5.131779e-01 1.891280e-01 7.068866e-02
         vertex 3.908209e-01 1.565429e-01 7.417762e-02
      endloop
   endfacet
   facet normal -2.262094e-01 8.914536e-01 3.926065e-01
      outer loop
         vertex 3.908209e-01 1.565429e-01 7.417762e-02
         vertex 5.131779e-01 1.891280e-01 7.068866e-02
         vertex 3.894503e-01 1.646375e-01 5.500825e-02
      endloop
   endfacet
   facet normal -2.791366e-01 8.773021e-01 3.904148e-01
      outer loop
         vertex 3.908209e-01 1.565429e-01 7.417762e-02
         vertex 3.894503e-01 1.646375e-01 5.500825e-02
         vertex 2.734758e-01 1.278953e-01 5.465288e-02
      endloop
   endfacet
   facet normal -2.765054e-01 8.688001e-01 4.107690e-01
      outer loop
         vertex 2.734758e-01 1.278953e-01 5.465288e-02
         vertex 3.894503e-01 1.646375e-01 5.500825e-02
         vertex 2.717289e-01 1.348747e-01 3.871520e-02
      endloop
   endfacet
   facet normal -3.495336e-01 8.435586e-01 4.077195e-01
      outer loop
         vertex 2.734758e-01 1.278953e-01 5.465288e-02
         vertex 2.717289e-01 1.348747e-01 3.871520e-02
         vertex 1.663206e-01 9.298386e-02 3.502049e-02
      endloop
   endfacet
   facet normal -3.456106e-01 8.312444e-01 4.354148e-01
      outer loop
         vertex 1.663206e-01 9.298386e-02 3.502049e-02
         vertex 2.717289e-01 1.348747e-01 3.871520e-02
         vertex 1.645536e-01 9.844429e-02 2.319350e-02
      endloop
   endfacet
   facet normal -4.144817e-01 8.011018e-01 4.317879e-01
      outer loop
         vertex 1.663206e-01 9.298386e-02 3.502049e-02
         vertex 1.645536e-01 9.844429e-02 2.319350e-02
         vertex 1.163393e-01 7.729276e-02 1.615439e-02
      endloop
   endfacet
   facet normal -4.164462e-01 8.936800e-01 1.670589e-01
      outer loop
         vertex 1.163393e-01 7.729276e-02 1.615439e-02
         vertex 1.645536e-01 9.844429e-02 2.319350e-02
         vertex 1.157400e-01 7.882571e-02 6.459961e-03
      endloop
   endfacet
   facet normal -4.611546e-01 8.715909e-01 1.663298e-01
      outer loop
         vertex 1.163393e-01 7.729276e-02 1.615439e-02
         vertex 1.157400e-01 7.882571e-02 6.459961e-03
         vertex 9.530350e-02 6.833848e-02 4.753663e-03
      endloop
   endfacet
   facet normal 1.086193e-01 4.081294e-02 9.932453e-01
      outer loop
         vertex 1.087834e+00 -4.238354e-18 2.107146e-01
         vertex 1.312874e+00 6.429247e-02 1.834629e-01
         vertex 1.094784e+00 5.544630e-02 2.076763e-01
      endloop
   endfacet
   facet normal 1.033457e-01 1.454100e-01 9.839592e-01
      outer loop
         vertex 1.094784e+00 5.544630e-02 2.076763e-01
         vertex 1.312874e+00 6.429247e-02 1.834629e-01
         vertex 1.312669e+00 1.240668e-01 1.746509e-01
      endloop
   endfacet
   facet normal 1.051777e-01 1.398847e-01 9.845658e-01
      outer loop
         vertex 1.094784e+00 5.544630e-02 2.076763e-01
         vertex 1.312669e+00 1.240668e-01 1.746509e-01
         vertex 1.094676e+00 1.073249e-01 2.003171e-01
      endloop
   endfacet
   facet normal 9.510222e-02 2.420055e-01 9.656029e-01
      outer loop
         vertex 1.094676e+00 1.073249e-01 2.003171e-01
         vertex 1.312669e+00 1.240668e-01 1.746509e-01
         vertex 1.312446e+00 1.778466e-01 1.611942e-01
      endloop
   endfacet
   facet normal 9.264318e-02 2.487764e-01 9.641201e-01
      outer loop
         vertex 1.094676e+00 1.073249e-01 2.003171e-01
         vertex 1.312446e+00 1.778466e-01 1.611942e-01
         vertex 1.094508e+00 1.546918e-01 1.881109e-01
      endloop
   endfacet
   facet normal 7.879117e-02 3.454485e-01 9.351242e-01
      outer loop
         vertex 1.094508e+00 1.546918e-01 1.881109e-01
         vertex 1.312446e+00 1.778466e-01 1.611942e-01
         vertex 1.312303e+00 2.241556e-01 1.440991e-01
      endloop
   endfacet
   facet normal 6.707153e-02 3.754160e-01 9.244264e-01
      outer loop
         vertex 1.094508e+00 1.546918e-01 1.881109e-01
         vertex 1.312303e+00 2.241556e-01 1.440991e-01
         vertex 1.094291e+00 1.966030e-01 1.711062e-01
      endloop
   endfacet
   facet normal 3.975105e-02 5.211358e-01 8.525476e-01
      outer loop
         vertex 1.094291e+00 1.966030e-01 1.711062e-01
         vertex 1.312303e+00 2.241556e-01 1.440991e-01
         vertex 1.094041e+00 2.319952e-01 1.494838e-01
      endloop
   endfacet
   facet normal -3.922490e-03 5.213190e-01 8.533529e-01
      outer loop
         vertex 1.094291e+00 1.966030e-01 1.711062e-01
         vertex 1.094041e+00 2.319952e-01 1.494838e-01
         vertex 9.848912e-01 1.851294e-01 1.776126e-01
      endloop
   endfacet
   facet normal -2.119264e-02 5.503316e-01 8.346772e-01
      outer loop
         vertex 9.848912e-01 1.851294e-01 1.776126e-01
         vertex 1.094041e+00 2.319952e-01 1.494838e-01
         vertex 9.846714e-01 2.186354e-01 1.555154e-01
      endloop
   endfacet
   facet normal -5.383293e-02 5.495077e-01 8.337525e-01
      outer loop
         vertex 9.848912e-01 1.851294e-01 1.776126e-01
         vertex 9.846714e-01 2.186354e-01 1.555154e-01
         vertex 8.750000e-01 1.767420e-01 1.760452e-01
      endloop
   endfacet
   facet normal -7.303621e-02 5.864982e-01 8.066508e-01
      outer loop
         vertex 8.750000e-01 1.767420e-01 1.760452e-01
         vertex 9.846714e-01 2.186354e-01 1.555154e-01
         vertex 8.750000e-01 2.072795e-01 1.538421e-01
      endloop
   endfacet
   facet normal -1.070897e-01 5.846870e-01 8.041597e-01
      outer loop
         vertex 8.750000e-01 1.767420e-01 1.760452e-01
         vertex 8.750000e-01 2.072795e-01 1.538421e-01
         vertex 7.604590e-01 1.687540e-01 1.665998e-01
      endloop
   endfacet
   facet normal -1.223009e-01 6.202048e-01 7.748474e-01
      outer loop
         vertex 7.604590e-01 1.687540e-01 1.665998e-01
         vertex 8.750000e-01 2.072795e-01 1.538421e-01
         vertex 7.604198e-01 1.960395e-01 1.447537e-01
      endloop
   endfacet
   facet normal -1.525654e-01 6.175535e-01 7.715902e-01
      outer loop
         vertex 7.604590e-01 1.687540e-01 1.665998e-01
         vertex 7.604198e-01 1.960395e-01 1.447537e-01
         vertex 6.397671e-01 1.574612e-01 1.517739e-01
      endloop
   endfacet
   facet normal -1.600497e-01 6.376686e-01 7.535004e-01
      outer loop
         vertex 6.397671e-01 1.574612e-01 1.517739e-01
         vertex 7.604198e-01 1.960395e-01 1.447537e-01
         vertex 6.391293e-01 1.820355e-01 1.308418e-01
      endloop
   endfacet
   facet normal -1.945786e-01 6.331130e-01 7.492043e-01
      outer loop
         vertex 6.397671e-01 1.574612e-01 1.517739e-01
         vertex 6.391293e-01 1.820355e-01 1.308418e-01
         vertex 5.167376e-01 1.425011e-01 1.324634e-01
      endloop
   endfacet
   facet normal -1.968339e-01 6.398356e-01 7.428773e-01
      outer loop
         vertex 5.167376e-01 1.425011e-01 1.324634e-01
         vertex 6.391293e-01 1.820355e-01 1.308418e-01
         vertex 5.152271e-01 1.645538e-01 1.130694e-01
      endloop
   endfacet
   facet normal -2.376921e-01 6.322342e-01 7.374161e-01
      outer loop
         vertex 5.167376e-01 1.425011e-01 1.324634e-01
         vertex 5.152271e-01 1.645538e-01 1.130694e-01
         vertex 3.951842e-01 1.235111e-01 1.095644e-01
      endloop
   endfacet
   facet normal -2.363819e-01 6.280626e-01 7.413912e-01
      outer loop
         vertex 3.951842e-01 1.235111e-01 1.095644e-01
         vertex 5.152271e-01 1.645538e-01 1.130694e-01
         vertex 3.928121e-01 1.428807e-01 9.239926e-02
      endloop
   endfacet
   facet normal -2.854931e-01 6.158097e-01 7.343515e-01
      outer loop
         vertex 3.951842e-01 1.235111e-01 1.095644e-01
         vertex 3.928121e-01 1.428807e-01 9.239926e-02
         vertex 2.789202e-01 1.001285e-01 8.397257e-02
      endloop
   endfacet
   facet normal -2.816026e-01 6.030873e-01 7.463148e-01
      outer loop
         vertex 2.789202e-01 1.001285e-01 8.397257e-02
         vertex 3.928121e-01 1.428807e-01 9.239926e-02
         vertex 2.759831e-01 1.163025e-01 6.979436e-02
      endloop
   endfacet
   facet normal -3.415393e-01 5.837153e-01 7.366324e-01
      outer loop
         vertex 2.789202e-01 1.001285e-01 8.397257e-02
         vertex 2.759831e-01 1.163025e-01 6.979436e-02
         vertex 1.717592e-01 7.199092e-02 5.658396e-02
      endloop
   endfacet
   facet normal -3.355736e-01 5.644530e-01 7.541771e-01
      outer loop
         vertex 1.717592e-01 7.199092e-02 5.658396e-02
         vertex 2.759831e-01 1.163025e-01 6.979436e-02
         vertex 1.688388e-01 8.410545e-02 4.621759e-02
      endloop
   endfacet
   facet normal -4.103029e-01 5.337950e-01 7.394014e-01
      outer loop
         vertex 1.717592e-01 7.199092e-02 5.658396e-02
         vertex 1.688388e-01 8.410545e-02 4.621759e-02
         vertex 7.751465e-02 3.873561e-02 2.829447e-02
      endloop
   endfacet
   facet normal -4.024546e-01 5.096928e-01 7.604232e-01
      outer loop
         vertex 7.751465e-02 3.873561e-02 2.829447e-02
         vertex 1.688388e-01 8.410545e-02 4.621759e-02
         vertex 7.547823e-02 4.557586e-02 2.263184e-02
      endloop
   endfacet
   facet normal -4.722598e-01 4.744085e-01 7.429046e-01
      outer loop
         vertex 7.751465e-02 3.873561e-02 2.829447e-02
         vertex 7.547823e-02 4.557586e-02 2.263184e-02
         vertex 3.642774e-02 2.007550e-02 1.409186e-02
      endloop
   endfacet
   facet normal -4.664653e-01 4.616468e-01 7.545147e-01
      outer loop
         vertex 3.642774e-02 2.007550e-02 1.409186e-02
         vertex 7.547823e-02 4.557586e-02 2.263184e-02
         vertex 3.524764e-02 2.371332e-02 1.113650e-02
      endloop
   endfacet
   facet normal -5.218199e-01 4.294976e-01 7.370453e-01
      outer loop
         vertex 3.642774e-02 2.007550e-02 1.409186e-02
         vertex 3.524764e-02 2.371332e-02 1.113650e-02
         vertex 0.000000e+00 0.000000e+00 0.000000e+00
      endloop
   endfacet
   facet normal -5.603871e-01 5.367270e-01 6.307856e-01
      outer loop
         vertex 3.422047e-02 2.648244e-02 7.867762e-03
         vertex 0.000000e+00 0.000000e+00 0.000000e+00
         vertex 3.524764e-02 2.371332e-02 1.113650e-02
      endloop
   endfacet
   facet normal -5.356873e-01 8.442361e-01 -1.744914e-02
      outer loop
         vertex 9.530350e-02 6.833848e-02 4.753663e-03
         vertex 3.322017e-02 2.886317e-02 7.861328e-04
         vertex 7.246397e-02 5.395113e-02 9.827104e-03
      endloop
   endfacet
   facet normal -5.590333e-01 8.089972e-01 1.816734e-01
      outer loop
         vertex 7.246397e-02 5.395113e-02 9.827104e-03
         vertex 3.322017e-02 2.886317e-02 7.861328e-04
         vertex 3.349505e-02 2.824501e-02 4.384642e-03
      endloop
   endfacet
   facet normal -5.312312e-01 7.062275e-01 4.680129e-01
      outer loop
         vertex 7.246397e-02 5.395113e-02 9.827104e-03
         vertex 3.349505e-02 2.824501e-02 4.384642e-03
         vertex 3.422047e-02 2.648244e-02 7.867762e-03
      endloop
   endfacet
   facet normal -6.079486e-01 6.502179e-01 4.556481e-01
      outer loop
         vertex 3.422047e-02 2.648244e-02 7.867762e-03
         vertex 3.349505e-02 2.824501e-02 4.384642e-03
         vertex 0.000000e+00 0.000000e+00 0.000000e+00
      endloop
   endfacet
   facet normal -1.520617e-01 9.785807e-01 -1.387698e-01
      outer loop
         vertex 1.531537e+00 3.403795e-01 3.025118e-02
         vertex 1.531579e+00 3.418351e-01 4.046875e-02
         vertex 1.750000e+00 3.750000e-01 3.500000e-02
      endloop
   endfacet
   facet normal -2.363905e-01 7.951119e-02 -9.683995e-01
      outer loop
         vertex 8.263478e-02 1.070938e-02 -3.368992e-02
         vertex 1.792030e-01 2.023933e-02 -5.648018e-02
         vertex 1.799137e-01 -5.041540e-18 -5.831543e-02
      endloop
   endfacet
   facet normal -4.276444e-01 5.415595e-02 -9.023233e-01
      outer loop
         vertex 3.965736e-02 -2.223461e-18 -1.879509e-02
         vertex 0.000000e+00 0.000000e+00 0.000000e+00
         vertex 3.937904e-02 5.499560e-03 -1.833311e-02
      endloop
   endfacet
   facet normal -4.068811e-03 5.440941e-02 -9.985104e-01
      outer loop
         vertex 1.312874e+00 6.429247e-02 -7.846288e-02
         vertex 1.261422e+00 -6.944198e-19 -8.175655e-02
         vertex 1.094822e+00 -1.707618e-18 -8.107768e-02
      endloop
   endfacet
   facet normal -6.317730e-02 5.363511e-01 -8.416270e-01
      outer loop
         vertex 1.640160e+00 3.017800e-01 -1.787128e-02
         vertex 1.530671e+00 2.900033e-01 -1.715737e-02
         vertex 1.531063e+00 3.186976e-01 1.099466e-03
      endloop
   endfacet
   facet normal -2.950439e-02 3.993149e-01 -9.163390e-01
      outer loop
         vertex 1.639937e+00 2.595502e-01 -3.394614e-02
         vertex 1.530414e+00 2.500942e-01 -3.454039e-02
         vertex 1.530671e+00 2.900033e-01 -1.715737e-02
      endloop
   endfacet
   facet normal -5.869474e-01 6.476735e-01 -4.858105e-01
      outer loop
         vertex 0.000000e+00 0.000000e+00 0.000000e+00
         vertex 1.923930e-02 1.765151e-02 2.880895e-04
         vertex 3.349505e-02 2.824501e-02 -2.812377e-03
      endloop
   endfacet
   facet normal -6.116061e-01 7.706245e-01 -1.790974e-01
      outer loop
         vertex 3.349505e-02 2.824501e-02 -2.812377e-03
         vertex 1.923930e-02 1.765151e-02 2.880895e-04
         vertex 3.322017e-02 2.886317e-02 7.861328e-04
      endloop
   endfacet
   facet normal -5.446741e-01 8.186105e-01 -1.822279e-01
      outer loop
         vertex 3.349505e-02 2.824501e-02 -2.812377e-03
         vertex 3.322017e-02 2.886317e-02 7.861328e-04
         vertex 7.246397e-02 5.395113e-02 -3.811479e-03
      endloop
   endfacet
   facet normal -5.372234e-01 8.432877e-01 1.602520e-02
      outer loop
         vertex 7.246397e-02 5.395113e-02 -3.811479e-03
         vertex 3.322017e-02 2.886317e-02 7.861328e-04
         vertex 9.530350e-02 6.833848e-02 4.753663e-03
      endloop
   endfacet
   facet normal -4.543894e-01 8.598697e-01 -2.327109e-01
      outer loop
         vertex 7.246397e-02 5.395113e-02 -3.811479e-03
         vertex 9.530350e-02 6.833848e-02 4.753663e-03
         vertex 1.163393e-01 7.729276e-02 -3.234466e-03
      endloop
   endfacet
   facet normal -4.391101e-01 8.828244e-01 -1.667434e-01
      outer loop
         vertex 1.163393e-01 7.729276e-02 -3.234466e-03
         vertex 9.530350e-02 6.833848e-02 4.753663e-03
         vertex 1.157400e-01 7.882571e-02 6.459961e-03
      endloop
   endfacet
   facet normal -3.904962e-01 9.052775e-01 -1.672886e-01
      outer loop
         vertex 1.163393e-01 7.729276e-02 -3.234466e-03
         vertex 1.157400e-01 7.882571e-02 6.459961e-03
         vertex 1.645536e-01 9.844429e-02 -1.318497e-03
      endloop
   endfacet
   facet normal -3.787631e-01 9.243749e-01 -4.549125e-02
      outer loop
         vertex 1.645536e-01 9.844429e-02 -1.318497e-03
         vertex 1.157400e-01 7.882571e-02 6.459961e-03
         vertex 2.064700e-01 1.164352e-01 1.525371e-02
      endloop
   endfacet
   facet normal -2.973273e-01 9.218179e-01 -2.486929e-01
      outer loop
         vertex 1.645536e-01 9.844429e-02 -1.318497e-03
         vertex 2.064700e-01 1.164352e-01 1.525371e-02
         vertex 2.717289e-01 1.348747e-01 5.581671e-03
      endloop
   endfacet
   facet normal -2.888573e-01 9.463675e-01 -1.447414e-01
      outer loop
         vertex 2.717289e-01 1.348747e-01 5.581671e-03
         vertex 2.064700e-01 1.164352e-01 1.525371e-02
         vertex 2.710732e-01 1.372083e-01 2.214844e-02
      endloop
   endfacet
   facet normal -2.316473e-01 9.619814e-01 -1.446764e-01
      outer loop
         vertex 2.717289e-01 1.348747e-01 5.581671e-03
         vertex 2.710732e-01 1.372083e-01 2.214844e-02
         vertex 3.894503e-01 1.646375e-01 1.499175e-02
      endloop
   endfacet
   facet normal -2.323557e-01 9.558504e-01 -1.798914e-01
      outer loop
         vertex 3.894503e-01 1.646375e-01 1.499175e-02
         vertex 2.710732e-01 1.372083e-01 2.214844e-02
         vertex 3.594413e-01 1.605062e-01 3.180113e-02
      endloop
   endfacet
   facet normal -1.861755e-01 9.782041e-01 -9.195394e-02
      outer loop
         vertex 3.894503e-01 1.646375e-01 1.499175e-02
         vertex 3.594413e-01 1.605062e-01 3.180113e-02
         vertex 5.131779e-01 1.891280e-01 2.501447e-02
      endloop
   endfacet
   facet normal -7.820759e-02 5.193434e-01 -8.509794e-01
      outer loop
         vertex 1.094041e+00 2.319952e-01 -2.042126e-02
         vertex 1.094291e+00 1.966030e-01 -4.204373e-02
         vertex 9.846714e-01 2.186354e-01 -1.852323e-02
      endloop
   endfacet
   facet normal -6.841036e-02 5.489494e-01 -8.330514e-01
      outer loop
         vertex 9.846714e-01 2.186354e-01 -1.852323e-02
         vertex 1.094291e+00 1.966030e-01 -4.204373e-02
         vertex 9.848912e-01 1.851294e-01 -4.062044e-02
      endloop
   endfacet
   facet normal -9.221229e-02 5.477846e-01 -8.315220e-01
      outer loop
         vertex 9.846714e-01 2.186354e-01 -1.852323e-02
         vertex 9.848912e-01 1.851294e-01 -4.062044e-02
         vertex 8.750000e-01 2.072795e-01 -1.384205e-02
      endloop
   endfacet
   facet normal -7.831686e-02 5.862626e-01 -8.063266e-01
      outer loop
         vertex 8.750000e-01 2.072795e-01 -1.384205e-02
         vertex 9.848912e-01 1.851294e-01 -4.062044e-02
         vertex 8.750000e-01 1.767420e-01 -3.604522e-02
      endloop
   endfacet
   facet normal -7.912964e-02 5.862249e-01 -8.062747e-01
      outer loop
         vertex 8.750000e-01 2.072795e-01 -1.384205e-02
         vertex 8.750000e-01 1.767420e-01 -3.604522e-02
         vertex 7.604198e-01 1.960395e-01 -1.076929e-02
      endloop
   endfacet
   facet normal -6.681025e-02 6.235487e-01 -7.789245e-01
      outer loop
         vertex 7.604198e-01 1.960395e-01 -1.076929e-02
         vertex 8.750000e-01 1.767420e-01 -3.604522e-02
         vertex 7.604590e-01 1.687540e-01 -3.261541e-02
      endloop
   endfacet
   facet normal -5.951544e-02 6.238436e-01 -7.792798e-01
      outer loop
         vertex 7.604198e-01 1.960395e-01 -1.076929e-02
         vertex 7.604590e-01 1.687540e-01 -3.261541e-02
         vertex 6.391293e-01 1.820355e-01 -1.271681e-02
      endloop
   endfacet
   facet normal -5.399280e-02 6.466798e-01 -7.608482e-01
      outer loop
         vertex 6.391293e-01 1.820355e-01 -1.271681e-02
         vertex 7.604590e-01 1.687540e-01 -3.261541e-02
         vertex 6.397671e-01 1.574612e-01 -3.364889e-02
      endloop
   endfacet
   facet normal -6.263665e-02 6.462222e-01 -7.605744e-01
      outer loop
         vertex 6.391293e-01 1.820355e-01 -1.271681e-02
         vertex 6.397671e-01 1.574612e-01 -3.364889e-02
         vertex 5.152271e-01 1.645538e-01 -1.736625e-02
      endloop
   endfacet
   facet normal -6.085916e-02 6.568139e-01 -7.515928e-01
      outer loop
         vertex 5.152271e-01 1.645538e-01 -1.736625e-02
         vertex 6.397671e-01 1.574612e-01 -3.364889e-02
         vertex 5.167376e-01 1.425011e-01 -3.676032e-02
      endloop
   endfacet
   facet normal -8.503339e-02 6.547094e-01 -7.510825e-01
      outer loop
         vertex 5.152271e-01 1.645538e-01 -1.736625e-02
         vertex 5.167376e-01 1.425011e-01 -3.676032e-02
         vertex 3.928121e-01 1.428807e-01 -2.239926e-02
      endloop
   endfacet
   facet normal -8.500541e-02 6.549816e-01 -7.508483e-01
      outer loop
         vertex 3.928121e-01 1.428807e-01 -2.239926e-02
         vertex 5.167376e-01 1.425011e-01 -3.676032e-02
         vertex 3.951842e-01 1.235111e-01 -3.956436e-02
      endloop
   endfacet
   facet normal -1.277536e-01 6.489896e-01 -7.499943e-01
      outer loop
         vertex 3.928121e-01 1.428807e-01 -2.239926e-02
         vertex 3.951842e-01 1.235111e-01 -3.956436e-02
         vertex 2.759831e-01 1.163025e-01 -2.549749e-02
      endloop
   endfacet
   facet normal -1.280904e-01 6.405040e-01 -7.571971e-01
      outer loop
         vertex 2.759831e-01 1.163025e-01 -2.549749e-02
         vertex 3.951842e-01 1.235111e-01 -3.956436e-02
         vertex 2.789202e-01 1.001285e-01 -3.967569e-02
      endloop
   endfacet
   facet normal -1.962429e-01 6.259782e-01 -7.547450e-01
      outer loop
         vertex 2.759831e-01 1.163025e-01 -2.549749e-02
         vertex 2.789202e-01 1.001285e-01 -3.967569e-02
         vertex 1.688388e-01 8.410545e-02 -2.434259e-02
      endloop
   endfacet
   facet normal -1.957389e-01 6.099153e-01 -7.679125e-01
      outer loop
         vertex 1.688388e-01 8.410545e-02 -2.434259e-02
         vertex 2.789202e-01 1.001285e-01 -3.967569e-02
         vertex 1.717592e-01 7.199092e-02 -3.470896e-02
      endloop
   endfacet
   facet normal -4.217797e-01 5.528407e-01 -7.186578e-01
      outer loop
         vertex 3.642774e-02 2.007550e-02 -1.251960e-02
         vertex 3.422047e-02 2.648244e-02 -6.295497e-03
         vertex 7.751465e-02 3.873561e-02 -2.227884e-02
      endloop
   endfacet
   facet normal -4.216985e-01 5.671563e-01 -7.074632e-01
      outer loop
         vertex 7.751465e-02 3.873561e-02 -2.227884e-02
         vertex 3.422047e-02 2.648244e-02 -6.295497e-03
         vertex 7.371031e-02 5.071621e-02 -1.040662e-02
      endloop
   endfacet
   facet normal -3.128549e-01 6.165808e-01 -7.224610e-01
      outer loop
         vertex 7.751465e-02 3.873561e-02 -2.227884e-02
         vertex 7.371031e-02 5.071621e-02 -1.040662e-02
         vertex 1.717592e-01 7.199092e-02 -3.470896e-02
      endloop
   endfacet
   facet normal -3.112133e-01 5.447910e-01 -7.786842e-01
      outer loop
         vertex 1.717592e-01 7.199092e-02 -3.470896e-02
         vertex 7.371031e-02 5.071621e-02 -1.040662e-02
         vertex 1.179251e-01 7.283783e-02 -1.260081e-02
      endloop
   endfacet
   facet normal -3.026239e-01 5.765090e-01 -7.589836e-01
      outer loop
         vertex 1.717592e-01 7.199092e-02 -3.470896e-02
         vertex 1.179251e-01 7.283783e-02 -1.260081e-02
         vertex 1.688388e-01 8.410545e-02 -2.434259e-02
      endloop
   endfacet
   facet normal -3.035852e-01 7.121686e-01 -6.329707e-01
      outer loop
         vertex 1.688388e-01 8.410545e-02 -2.434259e-02
         vertex 1.179251e-01 7.283783e-02 -1.260081e-02
         vertex 1.663206e-01 9.298386e-02 -1.314548e-02
      endloop
   endfacet
   facet normal -2.283844e-01 7.372003e-01 -6.359059e-01
      outer loop
         vertex 1.688388e-01 8.410545e-02 -2.434259e-02
         vertex 1.663206e-01 9.298386e-02 -1.314548e-02
         vertex 2.759831e-01 1.163025e-01 -2.549749e-02
      endloop
   endfacet
   facet normal -2.296534e-01 7.540531e-01 -6.153562e-01
      outer loop
         vertex 2.759831e-01 1.163025e-01 -2.549749e-02
         vertex 1.663206e-01 9.298386e-02 -1.314548e-02
         vertex 2.734758e-01 1.278953e-01 -1.035601e-02
      endloop
   endfacet
   facet normal -1.590485e-01 7.710073e-01 -6.166452e-01
      outer loop
         vertex 2.759831e-01 1.163025e-01 -2.549749e-02
         vertex 2.734758e-01 1.278953e-01 -1.035601e-02
         vertex 3.928121e-01 1.428807e-01 -2.239926e-02
      endloop
   endfacet
   facet normal -1.590194e-01 7.814865e-01 -6.033173e-01
      outer loop
         vertex 3.928121e-01 1.428807e-01 -2.239926e-02
         vertex 2.734758e-01 1.278953e-01 -1.035601e-02
         vertex 3.908209e-01 1.565429e-01 -4.177612e-03
      endloop
   endfacet
   facet normal -1.148122e-01 7.887328e-01 -6.039195e-01
      outer loop
         vertex 3.928121e-01 1.428807e-01 -2.239926e-02
         vertex 3.908209e-01 1.565429e-01 -4.177612e-03
         vertex 5.152271e-01 1.645538e-01 -1.736625e-02
      endloop
   endfacet
   facet normal -1.146174e-01 7.913940e-01 -6.004652e-01
      outer loop
         vertex 5.152271e-01 1.645538e-01 -1.736625e-02
         vertex 3.908209e-01 1.565429e-01 -4.177612e-03
         vertex 5.140009e-01 1.800188e-01 3.250272e-03
      endloop
   endfacet
   facet normal -8.949788e-02 7.941775e-01 -6.010592e-01
      outer loop
         vertex 5.152271e-01 1.645538e-01 -1.736625e-02
         vertex 5.140009e-01 1.800188e-01 3.250272e-03
         vertex 6.391293e-01 1.820355e-01 -1.271681e-02
      endloop
   endfacet
   facet normal -9.051449e-02 7.872960e-01 -6.098951e-01
      outer loop
         vertex 6.391293e-01 1.820355e-01 -1.271681e-02
         vertex 5.140009e-01 1.800188e-01 3.250272e-03
         vertex 6.386607e-01 1.994156e-01 9.788224e-03
      endloop
   endfacet
   facet normal -8.118553e-02 7.880264e-01 -6.102649e-01
      outer loop
         vertex 6.391293e-01 1.820355e-01 -1.271681e-02
         vertex 6.386607e-01 1.994156e-01 9.788224e-03
         vertex 7.604198e-01 1.960395e-01 -1.076929e-02
      endloop
   endfacet
   facet normal -8.548132e-02 7.696699e-01 -6.326936e-01
      outer loop
         vertex 7.604198e-01 1.960395e-01 -1.076929e-02
         vertex 6.386607e-01 1.994156e-01 9.788224e-03
         vertex 7.604455e-01 2.158255e-01 1.329682e-02
      endloop
   endfacet
   facet normal -9.241294e-02 7.691953e-01 -6.322961e-01
      outer loop
         vertex 7.604198e-01 1.960395e-01 -1.076929e-02
         vertex 7.604455e-01 2.158255e-01 1.329682e-02
         vertex 8.750000e-01 2.072795e-01 -1.384205e-02
      endloop
   endfacet
   facet normal -1.031167e-01 7.374522e-01 -6.674813e-01
      outer loop
         vertex 8.750000e-01 2.072795e-01 -1.384205e-02
         vertex 7.604455e-01 2.158255e-01 1.329682e-02
         vertex 8.750000e-01 2.303408e-01 1.163663e-02
      endloop
   endfacet
   facet normal -1.048305e-01 7.373193e-01 -6.673611e-01
      outer loop
         vertex 8.750000e-01 2.072795e-01 -1.384205e-02
         vertex 8.750000e-01 2.303408e-01 1.163663e-02
         vertex 9.846714e-01 2.186354e-01 -1.852323e-02
      endloop
   endfacet
   facet normal -1.148930e-01 7.110040e-01 -6.937384e-01
      outer loop
         vertex 9.846714e-01 2.186354e-01 -1.852323e-02
         vertex 8.750000e-01 2.303408e-01 1.163663e-02
         vertex 1.093800e+00 2.593289e-01 5.109712e-03
      endloop
   endfacet
   facet normal -9.557649e-02 6.790235e-01 -7.278683e-01
      outer loop
         vertex 9.846714e-01 2.186354e-01 -1.852323e-02
         vertex 1.093800e+00 2.593289e-01 5.109712e-03
         vertex 1.094041e+00 2.319952e-01 -2.042126e-02
      endloop
   endfacet
   facet normal -4.433605e-02 3.556058e-01 -9.335839e-01
      outer loop
         vertex 1.530671e+00 2.900033e-01 -1.715737e-02
         vertex 1.640160e+00 3.017800e-01 -1.787128e-02
         vertex 1.639937e+00 2.595502e-01 -3.394614e-02
      endloop
   endfacet
   facet normal -5.395525e-02 3.554819e-01 -9.331246e-01
      outer loop
         vertex 1.639937e+00 2.595502e-01 -3.394614e-02
         vertex 1.640160e+00 3.017800e-01 -1.787128e-02
         vertex 1.750000e+00 2.973890e-01 -2.589521e-02
      endloop
   endfacet
   facet normal -2.989277e-02 2.904477e-01 -9.564238e-01
      outer loop
         vertex 1.639937e+00 2.595502e-01 -3.394614e-02
         vertex 1.750000e+00 2.973890e-01 -2.589521e-02
         vertex 1.750000e+00 2.651131e-01 -3.569681e-02
      endloop
   endfacet
   facet normal -1.379455e-01 8.428925e-01 -5.200993e-01
      outer loop
         vertex 1.093620e+00 2.769455e-01 3.370771e-02
         vertex 1.093800e+00 2.593289e-01 5.109712e-03
         vertex 8.750000e-01 2.449171e-01 3.978569e-02
      endloop
   endfacet
   facet normal -1.302468e-01 8.804411e-01 -4.559157e-01
      outer loop
         vertex 8.750000e-01 2.449171e-01 3.978569e-02
         vertex 1.093800e+00 2.593289e-01 5.109712e-03
         vertex 8.750000e-01 2.303408e-01 1.163663e-02
      endloop
   endfacet
   facet normal -1.291737e-01 8.805658e-01 -4.559803e-01
      outer loop
         vertex 8.750000e-01 2.449171e-01 3.978569e-02
         vertex 8.750000e-01 2.303408e-01 1.163663e-02
         vertex 7.604926e-01 2.278726e-01 3.930871e-02
      endloop
   endfacet
   facet normal -1.201989e-01 9.009106e-01 -4.170278e-01
      outer loop
         vertex 7.604926e-01 2.278726e-01 3.930871e-02
         vertex 8.750000e-01 2.303408e-01 1.163663e-02
         vertex 7.604455e-01 2.158255e-01 1.329682e-02
      endloop
   endfacet
   facet normal -1.148572e-01 9.014806e-01 -4.173015e-01
      outer loop
         vertex 7.604926e-01 2.278726e-01 3.930871e-02
         vertex 7.604455e-01 2.158255e-01 1.329682e-02
         vertex 6.383719e-01 2.097412e-01 3.375255e-02
      endloop
   endfacet
   facet normal -1.115467e-01 9.121565e-01 -3.943701e-01
      outer loop
         vertex 6.383719e-01 2.097412e-01 3.375255e-02
         vertex 7.604455e-01 2.158255e-01 1.329682e-02
         vertex 6.386607e-01 1.994156e-01 9.788224e-03
      endloop
   endfacet
   facet normal -1.224867e-01 9.109246e-01 -3.939712e-01
      outer loop
         vertex 6.383719e-01 2.097412e-01 3.375255e-02
         vertex 6.386607e-01 1.994156e-01 9.788224e-03
         vertex 5.131779e-01 1.891280e-01 2.501447e-02
      endloop
   endfacet
   facet normal -1.219025e-01 9.139337e-01 -3.871240e-01
      outer loop
         vertex 5.131779e-01 1.891280e-01 2.501447e-02
         vertex 6.386607e-01 1.994156e-01 9.788224e-03
         vertex 5.140009e-01 1.800188e-01 3.250272e-03
      endloop
   endfacet
   facet normal -1.488435e-01 9.101708e-01 -3.865679e-01
      outer loop
         vertex 5.131779e-01 1.891280e-01 2.501447e-02
         vertex 5.140009e-01 1.800188e-01 3.250272e-03
         vertex 3.894503e-01 1.646375e-01 1.499175e-02
      endloop
   endfacet
   facet normal -1.491313e-01 9.070662e-01 -3.936886e-01
      outer loop
         vertex 3.894503e-01 1.646375e-01 1.499175e-02
         vertex 5.140009e-01 1.800188e-01 3.250272e-03
         vertex 3.908209e-01 1.565429e-01 -4.177612e-03
      endloop
   endfacet
   facet normal -1.956794e-01 8.983329e-01 -3.933288e-01
      outer loop
         vertex 3.894503e-01 1.646375e-01 1.499175e-02
         vertex 3.908209e-01 1.565429e-01 -4.177612e-03
         vertex 2.717289e-01 1.348747e-01 5.581671e-03
      endloop
   endfacet
   facet normal -1.956810e-01 8.902468e-01 -4.113023e-01
      outer loop
         vertex 2.717289e-01 1.348747e-01 5.581671e-03
         vertex 3.908209e-01 1.565429e-01 -4.177612e-03
         vertex 2.734758e-01 1.278953e-01 -1.035601e-02
      endloop
   endfacet
   facet normal -2.695746e-01 8.709001e-01 -4.109290e-01
      outer loop
         vertex 2.717289e-01 1.348747e-01 5.581671e-03
         vertex 2.734758e-01 1.278953e-01 -1.035601e-02
         vertex 1.645536e-01 9.844429e-02 -1.318497e-03
      endloop
   endfacet
   facet normal -2.684040e-01 8.587060e-01 -4.365586e-01
      outer loop
         vertex 1.645536e-01 9.844429e-02 -1.318497e-03
         vertex 2.734758e-01 1.278953e-01 -1.035601e-02
         vertex 1.663206e-01 9.298386e-02 -1.314548e-02
      endloop
   endfacet
   facet normal -3.471039e-01 8.306491e-01 -4.353631e-01
      outer loop
         vertex 1.645536e-01 9.844429e-02 -1.318497e-03
         vertex 1.663206e-01 9.298386e-02 -1.314548e-02
         vertex 1.163393e-01 7.729276e-02 -3.234466e-03
      endloop
   endfacet
   facet normal -3.474962e-01 8.225974e-01 -4.500888e-01
      outer loop
         vertex 1.163393e-01 7.729276e-02 -3.234466e-03
         vertex 1.663206e-01 9.298386e-02 -1.314548e-02
         vertex 1.179251e-01 7.283783e-02 -1.260081e-02
      endloop
   endfacet
   facet normal -4.155218e-01 7.921100e-01 -4.471056e-01
      outer loop
         vertex 1.163393e-01 7.729276e-02 -3.234466e-03
         vertex 1.179251e-01 7.283783e-02 -1.260081e-02
         vertex 7.246397e-02 5.395113e-02 -3.811479e-03
      endloop
   endfacet
   facet normal -4.149267e-01 7.834279e-01 -4.626841e-01
      outer loop
         vertex 7.246397e-02 5.395113e-02 -3.811479e-03
         vertex 1.179251e-01 7.283783e-02 -1.260081e-02
         vertex 7.371031e-02 5.071621e-02 -1.040662e-02
      endloop
   endfacet
   facet normal -4.982025e-01 7.375255e-01 -4.559061e-01
      outer loop
         vertex 7.246397e-02 5.395113e-02 -3.811479e-03
         vertex 7.371031e-02 5.071621e-02 -1.040662e-02
         vertex 3.349505e-02 2.824501e-02 -2.812377e-03
      endloop
   endfacet
   facet normal -4.962718e-01 7.286115e-01 -4.720589e-01
      outer loop
         vertex 3.349505e-02 2.824501e-02 -2.812377e-03
         vertex 7.371031e-02 5.071621e-02 -1.040662e-02
         vertex 3.422047e-02 2.648244e-02 -6.295497e-03
      endloop
   endfacet
   facet normal -5.952078e-01 6.602323e-01 -4.580622e-01
      outer loop
         vertex 3.349505e-02 2.824501e-02 -2.812377e-03
         vertex 3.422047e-02 2.648244e-02 -6.295497e-03
         vertex 0.000000e+00 0.000000e+00 0.000000e+00
      endloop
   endfacet
   facet normal -5.147637e-01 4.995377e-01 -6.967642e-01
      outer loop
         vertex 3.642774e-02 2.007550e-02 -1.251960e-02
         vertex 0.000000e+00 0.000000e+00 0.000000e+00
         vertex 3.422047e-02 2.648244e-02 -6.295497e-03
      endloop
   endfacet
   facet normal -1.560311e-01 9.736585e-01 -1.662628e-01
      outer loop
         vertex 8.750000e-01 2.449171e-01 3.978569e-02
         vertex 8.880794e-01 2.521685e-01 6.997665e-02
         vertex 9.841802e-01 2.673161e-01 6.849609e-02
      endloop
   endfacet
   facet normal -1.474769e-01 9.695361e-01 -1.955770e-01
      outer loop
         vertex 8.750000e-01 2.449171e-01 3.978569e-02
         vertex 9.841802e-01 2.673161e-01 6.849609e-02
         vertex 1.093620e+00 2.769455e-01 3.370771e-02
      endloop
   endfacet
   facet normal -1.477770e-01 9.692854e-01 -1.965906e-01
      outer loop
         vertex 1.093620e+00 2.769455e-01 3.370771e-02
         vertex 9.841802e-01 2.673161e-01 6.849609e-02
         vertex 1.093549e+00 2.831863e-01 6.453125e-02
      endloop
   endfacet
   facet normal -1.434299e-01 9.699144e-01 -1.967079e-01
      outer loop
         vertex 1.093620e+00 2.769455e-01 3.370771e-02
         vertex 1.093549e+00 2.831863e-01 6.453125e-02
         vertex 1.137564e+00 2.892687e-01 6.242841e-02
      endloop
   endfacet
   facet normal -1.413447e-01 9.801480e-01 -1.390380e-01
      outer loop
         vertex 1.531579e+00 3.418351e-01 4.046875e-02
         vertex 1.531537e+00 3.403795e-01 3.025118e-02
         vertex 1.458325e+00 3.317849e-01 4.408973e-02
      endloop
   endfacet
   facet normal -1.474447e-01 9.733724e-01 -1.755172e-01
      outer loop
         vertex 1.458325e+00 3.317849e-01 4.408973e-02
         vertex 1.531537e+00 3.403795e-01 3.025118e-02
         vertex 1.312528e+00 3.065985e-01 2.689044e-02
      endloop
   endfacet
   facet normal -1.405693e-01 9.649752e-01 -2.215022e-01
      outer loop
         vertex 1.458325e+00 3.317849e-01 4.408973e-02
         vertex 1.312528e+00 3.065985e-01 2.689044e-02
         vertex 1.137564e+00 2.892687e-01 6.242841e-02
      endloop
   endfacet
   facet normal -1.344077e-01 8.484035e-01 -5.120021e-01
      outer loop
         vertex 1.750000e+00 3.724147e-01 2.320707e-02
         vertex 1.750000e+00 3.673756e-01 1.485713e-02
         vertex 1.531422e+00 3.360255e-01 2.028866e-02
      endloop
   endfacet
   facet normal -1.203968e-01 7.212399e-01 -6.821419e-01
      outer loop
         vertex 1.531422e+00 3.360255e-01 2.028866e-02
         vertex 1.750000e+00 3.673756e-01 1.485713e-02
         vertex 1.750000e+00 3.591859e-01 6.197982e-03
      endloop
   endfacet
   facet normal -1.209896e-01 7.378594e-01 -6.640219e-01
      outer loop
         vertex 1.531422e+00 3.360255e-01 2.028866e-02
         vertex 1.750000e+00 3.591859e-01 6.197982e-03
         vertex 1.531063e+00 3.186976e-01 1.099466e-03
      endloop
   endfacet
   facet normal -9.081309e-02 5.919146e-01 -8.008683e-01
      outer loop
         vertex 1.531063e+00 3.186976e-01 1.099466e-03
         vertex 1.750000e+00 3.591859e-01 6.197982e-03
         vertex 1.750000e+00 3.455111e-01 -3.908915e-03
      endloop
   endfacet
   facet normal -7.838606e-02 4.764701e-01 -8.756894e-01
      outer loop
         vertex 1.531063e+00 3.186976e-01 1.099466e-03
         vertex 1.750000e+00 3.455111e-01 -3.908915e-03
         vertex 1.640160e+00 3.017800e-01 -1.787128e-02
      endloop
   endfacet
   facet normal -6.126691e-02 4.399364e-01 -8.959366e-01
      outer loop
         vertex 1.640160e+00 3.017800e-01 -1.787128e-02
         vertex 1.750000e+00 3.455111e-01 -3.908915e-03
         vertex 1.750000e+00 3.109193e-01 -2.089470e-02
      endloop
   endfacet
   facet normal -5.458186e-02 3.461441e-01 -9.365923e-01
      outer loop
         vertex 1.640160e+00 3.017800e-01 -1.787128e-02
         vertex 1.750000e+00 3.109193e-01 -2.089470e-02
         vertex 1.750000e+00 2.973890e-01 -2.589521e-02
      endloop
   endfacet
   facet normal -1.168355e-02 1.832481e-01 -9.829973e-01
      outer loop
         vertex 1.094784e+00 5.544630e-02 -7.861383e-02
         vertex 8.750000e-01 5.035718e-02 -7.695026e-02
         vertex 8.750000e-01 9.727228e-02 -6.820446e-02
      endloop
   endfacet
   facet normal 1.965388e-02 3.308031e-02 -9.992594e-01
      outer loop
         vertex 1.261422e+00 -6.944198e-19 -8.175655e-02
         vertex 1.530778e+00 7.246564e-02 -7.405978e-02
         vertex 1.586890e+00 1.435510e-18 -7.535510e-02
      endloop
   endfacet
   facet normal 4.967026e-02 5.628568e-02 -9.971784e-01
      outer loop
         vertex 1.586890e+00 1.435510e-18 -7.535510e-02
         vertex 1.530778e+00 7.246564e-02 -7.405978e-02
         vertex 1.750000e+00 7.553577e-02 -6.296684e-02
      endloop
   endfacet
   facet normal 6.333493e-02 2.685274e-02 -9.976310e-01
      outer loop
         vertex 1.586890e+00 1.435510e-18 -7.535510e-02
         vertex 1.750000e+00 7.553577e-02 -6.296684e-02
         vertex 1.750000e+00 0.000000e+00 -6.500000e-02
      endloop
   endfacet
   facet normal 1.883537e-02 3.611326e-02 -9.991702e-01
      outer loop
         vertex 1.261422e+00 -6.944198e-19 -8.175655e-02
         vertex 1.312874e+00 6.429247e-02 -7.846288e-02
         vertex 1.530778e+00 7.246564e-02 -7.405978e-02
      endloop
   endfacet
   facet normal 1.474464e-02 1.402395e-01 -9.900078e-01
      outer loop
         vertex 1.530778e+00 7.246564e-02 -7.405978e-02
         vertex 1.312874e+00 6.429247e-02 -7.846288e-02
         vertex 1.530578e+00 1.395704e-01 -6.455703e-02
      endloop
   endfacet
   facet normal 4.807918e-02 1.401897e-01 -9.889566e-01
      outer loop
         vertex 1.530778e+00 7.246564e-02 -7.405978e-02
         vertex 1.530578e+00 1.395704e-01 -6.455703e-02
         vertex 1.750000e+00 7.553577e-02 -6.296684e-02
      endloop
   endfacet
   facet normal 2.859703e-02 7.323453e-02 -9.969047e-01
      outer loop
         vertex 1.750000e+00 7.553577e-02 -6.296684e-02
         vertex 1.530578e+00 1.395704e-01 -6.455703e-02
         vertex 1.640000e+00 1.443806e-01 -6.106481e-02
      endloop
   endfacet
   facet normal 3.442445e-02 8.252041e-02 -9.959946e-01
      outer loop
         vertex 1.750000e+00 7.553577e-02 -6.296684e-02
         vertex 1.640000e+00 1.443806e-01 -6.106481e-02
         vertex 1.750000e+00 1.459084e-01 -5.713630e-02
      endloop
   endfacet
   facet normal -3.298712e-01 6.243357e-02 -9.419591e-01
      outer loop
         vertex 3.965736e-02 -2.223461e-18 -1.879509e-02
         vertex 3.937904e-02 5.499560e-03 -1.833311e-02
         vertex 9.683770e-02 -4.080804e-18 -3.881947e-02
      endloop
   endfacet
   facet normal -7.431456e-03 1.239200e-01 -9.922644e-01
      outer loop
         vertex 1.750000e+00 1.713020e-01 -5.396500e-02
         vertex 1.750000e+00 1.459084e-01 -5.713630e-02
         vertex 1.639903e+00 2.065429e-01 -4.873934e-02
      endloop
   endfacet
   facet normal 3.231237e-02 1.944392e-01 -9.803822e-01
      outer loop
         vertex 1.639903e+00 2.065429e-01 -4.873934e-02
         vertex 1.750000e+00 1.459084e-01 -5.713630e-02
         vertex 1.640000e+00 1.443806e-01 -6.106481e-02
      endloop
   endfacet
   facet normal 5.911340e-03 1.944977e-01 -9.808852e-01
      outer loop
         vertex 1.639903e+00 2.065429e-01 -4.873934e-02
         vertex 1.640000e+00 1.443806e-01 -6.106481e-02
         vertex 1.530412e+00 1.994135e-01 -5.081288e-02
      endloop
   endfacet
   facet normal 2.125761e-02 2.238476e-01 -9.743923e-01
      outer loop
         vertex 1.530412e+00 1.994135e-01 -5.081288e-02
         vertex 1.640000e+00 1.443806e-01 -6.106481e-02
         vertex 1.530578e+00 1.395704e-01 -6.455703e-02
      endloop
   endfacet
   facet normal 6.855826e-03 2.238549e-01 -9.745984e-01
      outer loop
         vertex 1.530412e+00 1.994135e-01 -5.081288e-02
         vertex 1.530578e+00 1.395704e-01 -6.455703e-02
         vertex 1.312669e+00 1.240668e-01 -6.965093e-02
      endloop
   endfacet
   facet normal 1.274570e-02 1.458751e-01 -9.892209e-01
      outer loop
         vertex 1.312669e+00 1.240668e-01 -6.965093e-02
         vertex 1.530578e+00 1.395704e-01 -6.455703e-02
         vertex 1.312874e+00 6.429247e-02 -7.846288e-02
      endloop
   endfacet
   facet normal -5.230225e-03 1.458246e-01 -9.892966e-01
      outer loop
         vertex 1.312669e+00 1.240668e-01 -6.965093e-02
         vertex 1.312874e+00 6.429247e-02 -7.846288e-02
         vertex 1.094784e+00 5.544630e-02 -7.861383e-02
      endloop
   endfacet
   facet normal -1.109209e-03 4.439218e-02 -9.990136e-01
      outer loop
         vertex 1.094784e+00 5.544630e-02 -7.861383e-02
         vertex 1.312874e+00 6.429247e-02 -7.846288e-02
         vertex 1.094822e+00 -1.707618e-18 -8.107768e-02
      endloop
   endfacet
   facet normal -8.589122e-03 4.438543e-02 -9.989776e-01
      outer loop
         vertex 1.094784e+00 5.544630e-02 -7.861383e-02
         vertex 1.094822e+00 -1.707618e-18 -8.107768e-02
         vertex 8.750000e-01 5.035718e-02 -7.695026e-02
      endloop
   endfacet
   facet normal 2.176380e-03 9.112215e-02 -9.958373e-01
      outer loop
         vertex 8.750000e-01 5.035718e-02 -7.695026e-02
         vertex 1.094822e+00 -1.707618e-18 -8.107768e-02
         vertex 7.009851e-01 9.528010e-19 -8.193840e-02
      endloop
   endfacet
   facet normal 6.700550e-03 7.561489e-02 -9.971146e-01
      outer loop
         vertex 8.750000e-01 5.035718e-02 -7.695026e-02
         vertex 7.009851e-01 9.528010e-19 -8.193840e-02
         vertex 6.418766e-01 4.574559e-02 -7.886655e-02
      endloop
   endfacet
   facet normal 1.410214e-02 8.512191e-02 -9.962707e-01
      outer loop
         vertex 6.418766e-01 4.574559e-02 -7.886655e-02
         vertex 7.009851e-01 9.528010e-19 -8.193840e-02
         vertex 6.421075e-01 4.878910e-19 -8.277181e-02
      endloop
   endfacet
   facet normal -9.644435e-03 8.500742e-02 -9.963336e-01
      outer loop
         vertex 6.418766e-01 4.574559e-02 -7.886655e-02
         vertex 6.421075e-01 4.878910e-19 -8.277181e-02
         vertex 4.015531e-01 3.559707e-02 -7.740611e-02
      endloop
   endfacet
   facet normal -7.964245e-03 9.621024e-02 -9.953292e-01
      outer loop
         vertex 4.015531e-01 3.559707e-02 -7.740611e-02
         vertex 6.421075e-01 4.878910e-19 -8.277181e-02
         vertex 4.061274e-01 -2.973744e-18 -8.088358e-02
      endloop
   endfacet
   facet normal -6.613841e-02 8.859217e-02 -9.938698e-01
      outer loop
         vertex 4.015531e-01 3.559707e-02 -7.740611e-02
         vertex 4.061274e-01 -2.973744e-18 -8.088358e-02
         vertex 2.865581e-01 2.854888e-02 -7.038187e-02
      endloop
   endfacet
   facet normal -6.561710e-02 9.071772e-02 -9.937126e-01
      outer loop
         vertex 2.865581e-01 2.854888e-02 -7.038187e-02
         vertex 4.061274e-01 -2.973744e-18 -8.088358e-02
         vertex 2.872965e-01 -4.573978e-18 -7.303691e-02
      endloop
   endfacet
   facet normal -1.346381e-01 8.830373e-02 -9.869524e-01
      outer loop
         vertex 2.865581e-01 2.854888e-02 -7.038187e-02
         vertex 2.872965e-01 -4.573978e-18 -7.303691e-02
         vertex 1.792030e-01 2.023933e-02 -5.648018e-02
      endloop
   endfacet
   facet normal -1.204180e-01 1.585469e-01 -9.799808e-01
      outer loop
         vertex 1.792030e-01 2.023933e-02 -5.648018e-02
         vertex 2.872965e-01 -4.573978e-18 -7.303691e-02
         vertex 2.143446e-01 -5.048108e-18 -6.407273e-02
      endloop
   endfacet
   facet normal -1.643498e-01 8.335344e-02 -9.828740e-01
      outer loop
         vertex 1.792030e-01 2.023933e-02 -5.648018e-02
         vertex 2.143446e-01 -5.048108e-18 -6.407273e-02
         vertex 1.799137e-01 -5.041540e-18 -5.831543e-02
      endloop
   endfacet
   facet normal -1.004348e-02 3.829577e-01 -9.237113e-01
      outer loop
         vertex 6.412967e-01 8.811774e-02 -6.826420e-02
         vertex 6.405371e-01 1.257963e-01 -5.263493e-02
         vertex 7.607607e-01 9.396618e-02 -6.713845e-02
      endloop
   endfacet
   facet normal -1.878736e-02 3.549391e-01 -9.347006e-01
      outer loop
         vertex 7.607607e-01 9.396618e-02 -6.713845e-02
         vertex 6.405371e-01 1.257963e-01 -5.263493e-02
         vertex 7.605882e-01 1.343738e-01 -5.179077e-02
      endloop
   endfacet
   facet normal -3.602862e-01 2.829007e-01 -8.889100e-01
      outer loop
         vertex 3.864604e-02 1.079591e-02 -1.704018e-02
         vertex 3.761129e-02 1.571319e-02 -1.505584e-02
         vertex 8.136015e-02 2.096674e-02 -3.111582e-02
      endloop
   endfacet
   facet normal -3.602867e-01 2.969663e-01 -8.843102e-01
      outer loop
         vertex 8.136015e-02 2.096674e-02 -3.111582e-02
         vertex 3.761129e-02 1.571319e-02 -1.505584e-02
         vertex 7.956394e-02 3.042464e-02 -2.720788e-02
      endloop
   endfacet
   facet normal -2.557231e-01 3.272990e-01 -9.096599e-01
      outer loop
         vertex 8.136015e-02 2.096674e-02 -3.111582e-02
         vertex 7.956394e-02 3.042464e-02 -2.720788e-02
         vertex 1.773390e-01 3.942992e-02 -5.145422e-02
      endloop
   endfacet
   facet normal -2.557145e-01 3.486068e-01 -9.017114e-01
      outer loop
         vertex 1.773390e-01 3.942992e-02 -5.145422e-02
         vertex 7.956394e-02 3.042464e-02 -2.720788e-02
         vertex 1.747237e-01 5.690328e-02 -4.395724e-02
      endloop
   endfacet
   facet normal -1.550794e-01 3.698282e-01 -9.160663e-01
      outer loop
         vertex 1.773390e-01 3.942992e-02 -5.145422e-02
         vertex 1.747237e-01 5.690328e-02 -4.395724e-02
         vertex 2.846293e-01 5.538307e-02 -6.317672e-02
      endloop
   endfacet
   facet normal -1.539935e-01 3.828477e-01 -9.108862e-01
      outer loop
         vertex 2.846293e-01 5.538307e-02 -6.317672e-02
         vertex 1.747237e-01 5.690328e-02 -4.395724e-02
         vertex 2.819400e-01 7.955786e-02 -5.256136e-02
      endloop
   endfacet
   facet normal -8.756143e-02 3.923286e-01 -9.156480e-01
      outer loop
         vertex 2.846293e-01 5.538307e-02 -6.317672e-02
         vertex 2.819400e-01 7.955786e-02 -5.256136e-02
         vertex 3.999238e-01 6.881972e-02 -6.844487e-02
      endloop
   endfacet
   facet normal -8.688550e-02 3.969204e-01 -9.137314e-01
      outer loop
         vertex 3.999238e-01 6.881972e-02 -6.844487e-02
         vertex 2.819400e-01 7.955786e-02 -5.256136e-02
         vertex 3.976739e-01 9.851028e-02 -5.533350e-02
      endloop
   endfacet
   facet normal -3.143698e-02 4.017710e-01 -9.152004e-01
      outer loop
         vertex 3.999238e-01 6.881972e-02 -6.844487e-02
         vertex 3.976739e-01 9.851028e-02 -5.533350e-02
         vertex 6.412967e-01 8.811774e-02 -6.826420e-02
      endloop
   endfacet
   facet normal -3.605397e-02 3.289485e-01 -9.436594e-01
      outer loop
         vertex 6.412967e-01 8.811774e-02 -6.826420e-02
         vertex 3.976739e-01 9.851028e-02 -5.533350e-02
         vertex 5.183859e-01 1.138825e-01 -5.458693e-02
      endloop
   endfacet
   facet normal -2.256318e-02 3.826642e-01 -9.236120e-01
      outer loop
         vertex 6.412967e-01 8.811774e-02 -6.826420e-02
         vertex 5.183859e-01 1.138825e-01 -5.458693e-02
         vertex 6.405371e-01 1.257963e-01 -5.263493e-02
      endloop
   endfacet
   facet normal -1.899393e-02 3.549370e-01 -9.346973e-01
      outer loop
         vertex 7.605882e-01 1.343738e-01 -5.179077e-02
         vertex 8.750000e-01 9.727228e-02 -6.820446e-02
         vertex 7.607607e-01 9.396618e-02 -6.713845e-02
      endloop
   endfacet
   facet normal -1.447540e-02 1.832414e-01 -9.829614e-01
      outer loop
         vertex 7.607607e-01 9.396618e-02 -6.713845e-02
         vertex 8.750000e-01 9.727228e-02 -6.820446e-02
         vertex 8.750000e-01 5.035718e-02 -7.695026e-02
      endloop
   endfacet
   facet normal -1.377201e-03 2.160722e-01 -9.763764e-01
      outer loop
         vertex 7.607607e-01 9.396618e-02 -6.713845e-02
         vertex 8.750000e-01 5.035718e-02 -7.695026e-02
         vertex 6.412967e-01 8.811774e-02 -6.826420e-02
      endloop
   endfacet
   facet normal 3.171559e-03 2.427758e-01 -9.700772e-01
      outer loop
         vertex 6.412967e-01 8.811774e-02 -6.826420e-02
         vertex 8.750000e-01 5.035718e-02 -7.695026e-02
         vertex 6.418766e-01 4.574559e-02 -7.886655e-02
      endloop
   endfacet
   facet normal -1.865838e-02 2.424536e-01 -9.699836e-01
      outer loop
         vertex 6.412967e-01 8.811774e-02 -6.826420e-02
         vertex 6.418766e-01 4.574559e-02 -7.886655e-02
         vertex 3.999238e-01 6.881972e-02 -6.844487e-02
      endloop
   endfacet
   facet normal -1.683104e-02 2.596190e-01 -9.655644e-01
      outer loop
         vertex 3.999238e-01 6.881972e-02 -6.844487e-02
         vertex 6.418766e-01 4.574559e-02 -7.886655e-02
         vertex 4.015531e-01 3.559707e-02 -7.740611e-02
      endloop
   endfacet
   facet normal -7.391050e-02 2.563326e-01 -9.637587e-01
      outer loop
         vertex 3.999238e-01 6.881972e-02 -6.844487e-02
         vertex 4.015531e-01 3.559707e-02 -7.740611e-02
         vertex 2.846293e-01 5.538307e-02 -6.317672e-02
      endloop
   endfacet
   facet normal -7.445455e-02 2.536061e-01 -9.644379e-01
      outer loop
         vertex 2.846293e-01 5.538307e-02 -6.317672e-02
         vertex 4.015531e-01 3.559707e-02 -7.740611e-02
         vertex 2.865581e-01 2.854888e-02 -7.038187e-02
      endloop
   endfacet
   facet normal -1.414921e-01 2.472133e-01 -9.585748e-01
      outer loop
         vertex 2.846293e-01 5.538307e-02 -6.317672e-02
         vertex 2.865581e-01 2.854888e-02 -7.038187e-02
         vertex 1.773390e-01 3.942992e-02 -5.145422e-02
      endloop
   endfacet
   facet normal -1.428152e-01 2.377507e-01 -9.607697e-01
      outer loop
         vertex 1.773390e-01 3.942992e-02 -5.145422e-02
         vertex 2.865581e-01 2.854888e-02 -7.038187e-02
         vertex 1.792030e-01 2.023933e-02 -5.648018e-02
      endloop
   endfacet
   facet normal -2.430293e-01 2.235976e-01 -9.438967e-01
      outer loop
         vertex 1.773390e-01 3.942992e-02 -5.145422e-02
         vertex 1.792030e-01 2.023933e-02 -5.648018e-02
         vertex 8.136015e-02 2.096674e-02 -3.111582e-02
      endloop
   endfacet
   facet normal -2.440388e-01 2.074074e-01 -9.473264e-01
      outer loop
         vertex 8.136015e-02 2.096674e-02 -3.111582e-02
         vertex 1.792030e-01 2.023933e-02 -5.648018e-02
         vertex 8.263478e-02 1.070938e-02 -3.368992e-02
      endloop
   endfacet
   facet normal -3.473972e-01 1.874050e-01 -9.188006e-01
      outer loop
         vertex 8.136015e-02 2.096674e-02 -3.111582e-02
         vertex 8.263478e-02 1.070938e-02 -3.368992e-02
         vertex 3.864604e-02 1.079591e-02 -1.704018e-02
      endloop
   endfacet
   facet normal -1.484777e-01 9.659767e-01 -2.117627e-01
      outer loop
         vertex 1.750000e+00 3.750000e-01 3.500000e-02
         vertex 1.750000e+00 3.724147e-01 2.320707e-02
         vertex 1.531537e+00 3.403795e-01 3.025118e-02
      endloop
   endfacet
   facet normal -1.457511e-01 9.071390e-01 -3.947852e-01
      outer loop
         vertex 1.531537e+00 3.403795e-01 3.025118e-02
         vertex 1.750000e+00 3.724147e-01 2.320707e-02
         vertex 1.531422e+00 3.360255e-01 2.028866e-02
      endloop
   endfacet
   facet normal -1.340775e-01 9.086015e-01 -3.955585e-01
      outer loop
         vertex 1.531537e+00 3.403795e-01 3.025118e-02
         vertex 1.531422e+00 3.360255e-01 2.028866e-02
         vertex 1.312528e+00 3.065985e-01 2.689044e-02
      endloop
   endfacet
   facet normal -1.192443e-01 7.379999e-01 -6.641814e-01
      outer loop
         vertex 1.312528e+00 3.065985e-01 2.689044e-02
         vertex 1.531422e+00 3.360255e-01 2.028866e-02
         vertex 1.531063e+00 3.186976e-01 1.099466e-03
      endloop
   endfacet
   facet normal -1.129827e-01 8.079584e-01 -5.783062e-01
      outer loop
         vertex 1.312528e+00 3.065985e-01 2.689044e-02
         vertex 1.531063e+00 3.186976e-01 1.099466e-03
         vertex 1.312409e+00 2.893757e-01 2.851499e-03
      endloop
   endfacet
   facet normal -7.860261e-02 5.359126e-01 -8.406065e-01
      outer loop
         vertex 1.312409e+00 2.893757e-01 2.851499e-03
         vertex 1.531063e+00 3.186976e-01 1.099466e-03
         vertex 1.530671e+00 2.900033e-01 -1.715737e-02
      endloop
   endfacet
   facet normal -7.326942e-02 6.218060e-01 -7.797364e-01
      outer loop
         vertex 1.312409e+00 2.893757e-01 2.851499e-03
         vertex 1.530671e+00 2.900033e-01 -1.715737e-02
         vertex 1.312307e+00 2.616325e-01 -1.926296e-02
      endloop
   endfacet
   facet normal -4.303373e-02 3.991918e-01 -9.158570e-01
      outer loop
         vertex 1.312307e+00 2.616325e-01 -1.926296e-02
         vertex 1.530671e+00 2.900033e-01 -1.715737e-02
         vertex 1.530414e+00 2.500942e-01 -3.454039e-02
      endloop
   endfacet
   facet normal -3.713499e-02 4.674835e-01 -8.832215e-01
      outer loop
         vertex 1.312307e+00 2.616325e-01 -1.926296e-02
         vertex 1.530414e+00 2.500942e-01 -3.454039e-02
         vertex 1.312303e+00 2.241556e-01 -3.909907e-02
      endloop
   endfacet
   facet normal -2.156480e-02 3.461717e-01 -9.379233e-01
      outer loop
         vertex 1.312303e+00 2.241556e-01 -3.909907e-02
         vertex 1.530414e+00 2.500942e-01 -3.454039e-02
         vertex 1.312446e+00 1.778466e-01 -5.619424e-02
      endloop
   endfacet
   facet normal -2.449316e-02 3.461403e-01 -9.378630e-01
      outer loop
         vertex 1.312303e+00 2.241556e-01 -3.909907e-02
         vertex 1.312446e+00 1.778466e-01 -5.619424e-02
         vertex 1.094508e+00 1.546918e-01 -5.904837e-02
      endloop
   endfacet
   facet normal -1.382436e-02 2.494724e-01 -9.682832e-01
      outer loop
         vertex 1.094508e+00 1.546918e-01 -5.904837e-02
         vertex 1.312446e+00 1.778466e-01 -5.619424e-02
         vertex 1.094676e+00 1.073249e-01 -7.125457e-02
      endloop
   endfacet
   facet normal -3.035977e-02 2.493264e-01 -9.679435e-01
      outer loop
         vertex 1.094508e+00 1.546918e-01 -5.904837e-02
         vertex 1.094676e+00 1.073249e-01 -7.125457e-02
         vertex 9.850500e-01 1.455776e-01 -5.796287e-02
      endloop
   endfacet
   facet normal -2.321907e-02 2.681103e-01 -9.631084e-01
      outer loop
         vertex 9.850500e-01 1.455776e-01 -5.796287e-02
         vertex 1.094676e+00 1.073249e-01 -7.125457e-02
         vertex 9.851479e-01 1.009670e-01 -7.038394e-02
      endloop
   endfacet
   facet normal -4.565555e-02 2.678572e-01 -9.623763e-01
      outer loop
         vertex 9.850500e-01 1.455776e-01 -5.796287e-02
         vertex 9.851479e-01 1.009670e-01 -7.038394e-02
         vertex 8.750000e-01 1.397368e-01 -5.436773e-02
      endloop
   endfacet
   facet normal -1.870146e-01 9.737527e-01 -1.297349e-01
      outer loop
         vertex 3.594413e-01 1.605062e-01 3.180113e-02
         vertex 5.128772e-01 1.921128e-01 4.785156e-02
         vertex 5.131779e-01 1.891280e-01 2.501447e-02
      endloop
   endfacet
   facet normal -1.531274e-01 9.796111e-01 -1.300544e-01
      outer loop
         vertex 5.131779e-01 1.891280e-01 2.501447e-02
         vertex 5.128772e-01 1.921128e-01 4.785156e-02
         vertex 6.325096e-01 2.122406e-01 5.860389e-02
      endloop
   endfacet
   facet normal -1.518576e-01 9.792349e-01 -1.343067e-01
      outer loop
         vertex 5.131779e-01 1.891280e-01 2.501447e-02
         vertex 6.325096e-01 2.122406e-01 5.860389e-02
         vertex 6.383719e-01 2.097412e-01 3.375255e-02
      endloop
   endfacet
   facet normal -1.445059e-01 9.805647e-01 -1.327062e-01
      outer loop
         vertex 6.383719e-01 2.097412e-01 3.375255e-02
         vertex 6.325096e-01 2.122406e-01 5.860389e-02
         vertex 6.382734e-01 2.131521e-01 5.906250e-02
      endloop
   endfacet
   facet normal -1.396468e-01 9.812584e-01 -1.327807e-01
      outer loop
         vertex 6.383719e-01 2.097412e-01 3.375255e-02
         vertex 6.382734e-01 2.131521e-01 5.906250e-02
         vertex 7.604926e-01 2.278726e-01 3.930871e-02
      endloop
   endfacet
   facet normal -1.412181e-01 9.794742e-01 -1.438321e-01
      outer loop
         vertex 7.604926e-01 2.278726e-01 3.930871e-02
         vertex 6.382734e-01 2.131521e-01 5.906250e-02
         vertex 7.605179e-01 2.319414e-01 6.699219e-02
      endloop
   endfacet
   facet normal -1.451140e-01 9.789172e-01 -1.437467e-01
      outer loop
         vertex 7.604926e-01 2.278726e-01 3.930871e-02
         vertex 7.605179e-01 2.319414e-01 6.699219e-02
         vertex 8.750000e-01 2.449171e-01 3.978569e-02
      endloop
   endfacet
   facet normal -1.494979e-01 9.750608e-01 -1.640329e-01
      outer loop
         vertex 8.750000e-01 2.449171e-01 3.978569e-02
         vertex 7.605179e-01 2.319414e-01 6.699219e-02
         vertex 8.750000e-01 2.500000e-01 7.000000e-02
      endloop
   endfacet
   facet normal -1.616425e-01 9.731747e-01 -1.637156e-01
      outer loop
         vertex 8.750000e-01 2.449171e-01 3.978569e-02
         vertex 8.750000e-01 2.500000e-01 7.000000e-02
         vertex 8.880794e-01 2.521685e-01 6.997665e-02
      endloop
   endfacet
   facet normal -2.526550e-02 1.910824e-01 -9.812488e-01
      outer loop
         vertex 1.750000e+00 2.651131e-01 -3.569681e-02
         vertex 1.750000e+00 1.713020e-01 -5.396500e-02
         vertex 1.639937e+00 2.595502e-01 -3.394614e-02
      endloop
   endfacet
   facet normal 4.028466e-02 2.685651e-01 -9.624188e-01
      outer loop
         vertex 1.639937e+00 2.595502e-01 -3.394614e-02
         vertex 1.750000e+00 1.713020e-01 -5.396500e-02
         vertex 1.639903e+00 2.065429e-01 -4.873934e-02
      endloop
   endfacet
   facet normal -1.798031e-02 2.687740e-01 -9.630354e-01
      outer loop
         vertex 1.639937e+00 2.595502e-01 -3.394614e-02
         vertex 1.639903e+00 2.065429e-01 -4.873934e-02
         vertex 1.530414e+00 2.500942e-01 -3.454039e-02
      endloop
   endfacet
   facet normal -1.874614e-03 3.057066e-01 -9.521239e-01
      outer loop
         vertex 1.530414e+00 2.500942e-01 -3.454039e-02
         vertex 1.639903e+00 2.065429e-01 -4.873934e-02
         vertex 1.530412e+00 1.994135e-01 -5.081288e-02
      endloop
   endfacet
   facet normal -6.741449e-03 3.057005e-01 -9.521039e-01
      outer loop
         vertex 1.530414e+00 2.500942e-01 -3.454039e-02
         vertex 1.530412e+00 1.994135e-01 -5.081288e-02
         vertex 1.312446e+00 1.778466e-01 -5.619424e-02
      endloop
   endfacet
   facet normal -6.706577e-05 2.427346e-01 -9.700927e-01
      outer loop
         vertex 1.312446e+00 1.778466e-01 -5.619424e-02
         vertex 1.530412e+00 1.994135e-01 -5.081288e-02
         vertex 1.312669e+00 1.240668e-01 -6.965093e-02
      endloop
   endfacet
   facet normal -1.150134e-02 2.426740e-01 -9.700397e-01
      outer loop
         vertex 1.312446e+00 1.778466e-01 -5.619424e-02
         vertex 1.312669e+00 1.240668e-01 -6.965093e-02
         vertex 1.094676e+00 1.073249e-01 -7.125457e-02
      endloop
   endfacet
   facet normal -3.502456e-03 1.404412e-01 -9.900828e-01
      outer loop
         vertex 1.094676e+00 1.073249e-01 -7.125457e-02
         vertex 1.312669e+00 1.240668e-01 -6.965093e-02
         vertex 1.094784e+00 5.544630e-02 -7.861383e-02
      endloop
   endfacet
   facet normal -1.601906e-02 1.403985e-01 -9.899655e-01
      outer loop
         vertex 1.094676e+00 1.073249e-01 -7.125457e-02
         vertex 1.094784e+00 5.544630e-02 -7.861383e-02
         vertex 9.851479e-01 1.009670e-01 -7.038394e-02
      endloop
   endfacet
   facet normal -2.373285e-02 1.222273e-01 -9.922183e-01
      outer loop
         vertex 9.851479e-01 1.009670e-01 -7.038394e-02
         vertex 1.094784e+00 5.544630e-02 -7.861383e-02
         vertex 8.750000e-01 9.727228e-02 -6.820446e-02
      endloop
   endfacet
   facet normal -2.919296e-02 3.096783e-01 -9.503931e-01
      outer loop
         vertex 9.851479e-01 1.009670e-01 -7.038394e-02
         vertex 8.750000e-01 9.727228e-02 -6.820446e-02
         vertex 8.750000e-01 1.397368e-01 -5.436773e-02
      endloop
   endfacet
   facet normal -3.591431e-02 3.096105e-01 -9.501850e-01
      outer loop
         vertex 8.750000e-01 1.397368e-01 -5.436773e-02
         vertex 8.750000e-01 9.727228e-02 -6.820446e-02
         vertex 7.605882e-01 1.343738e-01 -5.179077e-02
      endloop
   endfacet
   facet normal -1.376489e-01 9.690004e-01 -2.051611e-01
      outer loop
         vertex 1.137564e+00 2.892687e-01 6.242841e-02
         vertex 1.312528e+00 3.065985e-01 2.689044e-02
         vertex 1.093620e+00 2.769455e-01 3.370771e-02
      endloop
   endfacet
   facet normal -1.272367e-01 8.065899e-01 -5.772551e-01
      outer loop
         vertex 1.093620e+00 2.769455e-01 3.370771e-02
         vertex 1.312528e+00 3.065985e-01 2.689044e-02
         vertex 1.312409e+00 2.893757e-01 2.851499e-03
      endloop
   endfacet
   facet normal -1.214938e-01 8.447715e-01 -5.211529e-01
      outer loop
         vertex 1.093620e+00 2.769455e-01 3.370771e-02
         vertex 1.312409e+00 2.893757e-01 2.851499e-03
         vertex 1.093800e+00 2.593289e-01 5.109712e-03
      endloop
   endfacet
   facet normal -9.336751e-02 6.208034e-01 -7.783865e-01
      outer loop
         vertex 1.093800e+00 2.593289e-01 5.109712e-03
         vertex 1.312409e+00 2.893757e-01 2.851499e-03
         vertex 1.312307e+00 2.616325e-01 -1.926296e-02
      endloop
   endfacet
   facet normal -8.840205e-02 6.795096e-01 -7.283212e-01
      outer loop
         vertex 1.093800e+00 2.593289e-01 5.109712e-03
         vertex 1.312307e+00 2.616325e-01 -1.926296e-02
         vertex 1.094041e+00 2.319952e-01 -2.042126e-02
      endloop
   endfacet
   facet normal -5.872938e-02 4.670005e-01 -8.823046e-01
      outer loop
         vertex 1.094041e+00 2.319952e-01 -2.042126e-02
         vertex 1.312307e+00 2.616325e-01 -1.926296e-02
         vertex 1.312303e+00 2.241556e-01 -3.909907e-02
      endloop
   endfacet
   facet normal -5.424417e-02 5.202961e-01 -8.522614e-01
      outer loop
         vertex 1.094041e+00 2.319952e-01 -2.042126e-02
         vertex 1.312303e+00 2.241556e-01 -3.909907e-02
         vertex 1.094291e+00 1.966030e-01 -4.204373e-02
      endloop
   endfacet
   facet normal -3.495694e-02 3.755789e-01 -9.261309e-01
      outer loop
         vertex 1.094291e+00 1.966030e-01 -4.204373e-02
         vertex 1.312303e+00 2.241556e-01 -3.909907e-02
         vertex 1.094508e+00 1.546918e-01 -5.904837e-02
      endloop
   endfacet
   facet normal -5.139483e-02 3.752387e-01 -9.255023e-01
      outer loop
         vertex 1.094291e+00 1.966030e-01 -4.204373e-02
         vertex 1.094508e+00 1.546918e-01 -5.904837e-02
         vertex 9.848912e-01 1.851294e-01 -4.062044e-02
      endloop
   endfacet
   facet normal -4.246993e-02 4.010620e-01 -9.150659e-01
      outer loop
         vertex 9.848912e-01 1.851294e-01 -4.062044e-02
         vertex 1.094508e+00 1.546918e-01 -5.904837e-02
         vertex 9.850500e-01 1.455776e-01 -5.796287e-02
      endloop
   endfacet
   facet normal -6.860368e-02 4.003902e-01 -9.137731e-01
      outer loop
         vertex 9.848912e-01 1.851294e-01 -4.062044e-02
         vertex 9.850500e-01 1.455776e-01 -5.796287e-02
         vertex 8.750000e-01 1.767420e-01 -3.604522e-02
      endloop
   endfacet
   facet normal -5.275286e-02 4.431026e-01 -8.949174e-01
      outer loop
         vertex 8.750000e-01 1.767420e-01 -3.604522e-02
         vertex 9.850500e-01 1.455776e-01 -5.796287e-02
         vertex 8.750000e-01 1.397368e-01 -5.436773e-02
      endloop
   endfacet
   facet normal -5.768351e-02 4.429817e-01 -8.946731e-01
      outer loop
         vertex 8.750000e-01 1.767420e-01 -3.604522e-02
         vertex 8.750000e-01 1.397368e-01 -5.436773e-02
         vertex 7.604590e-01 1.687540e-01 -3.261541e-02
      endloop
   endfacet
   facet normal -4.246093e-02 4.865422e-01 -8.726246e-01
      outer loop
         vertex 7.604590e-01 1.687540e-01 -3.261541e-02
         vertex 8.750000e-01 1.397368e-01 -5.436773e-02
         vertex 7.605882e-01 1.343738e-01 -5.179077e-02
      endloop
   endfacet
   facet normal -3.806007e-02 4.866412e-01 -8.727725e-01
      outer loop
         vertex 7.604590e-01 1.687540e-01 -3.261541e-02
         vertex 7.605882e-01 1.343738e-01 -5.179077e-02
         vertex 6.397671e-01 1.574612e-01 -3.364889e-02
      endloop
   endfacet
   facet normal -3.065500e-02 5.134492e-01 -8.575723e-01
      outer loop
         vertex 6.397671e-01 1.574612e-01 -3.364889e-02
         vertex 7.605882e-01 1.343738e-01 -5.179077e-02
         vertex 6.405371e-01 1.257963e-01 -5.263493e-02
      endloop
   endfacet
   facet normal -4.070687e-02 5.130848e-01 -8.573721e-01
      outer loop
         vertex 6.397671e-01 1.574612e-01 -3.364889e-02
         vertex 6.405371e-01 1.257963e-01 -5.263493e-02
         vertex 5.167376e-01 1.425011e-01 -3.676032e-02
      endloop
   endfacet
   facet normal -3.780803e-02 5.267702e-01 -8.491665e-01
      outer loop
         vertex 5.167376e-01 1.425011e-01 -3.676032e-02
         vertex 6.405371e-01 1.257963e-01 -5.263493e-02
         vertex 5.183859e-01 1.138825e-01 -5.458693e-02
      endloop
   endfacet
   facet normal -6.245457e-02 5.250918e-01 -8.487509e-01
      outer loop
         vertex 5.167376e-01 1.425011e-01 -3.676032e-02
         vertex 5.183859e-01 1.138825e-01 -5.458693e-02
         vertex 3.951842e-01 1.235111e-01 -3.956436e-02
      endloop
   endfacet
   facet normal -6.200526e-02 5.280378e-01 -8.469542e-01
      outer loop
         vertex 3.951842e-01 1.235111e-01 -3.956436e-02
         vertex 5.183859e-01 1.138825e-01 -5.458693e-02
         vertex 3.976739e-01 9.851028e-02 -5.533350e-02
      endloop
   endfacet
   facet normal -1.043969e-01 5.231156e-01 -8.458436e-01
      outer loop
         vertex 3.951842e-01 1.235111e-01 -3.956436e-02
         vertex 3.976739e-01 9.851028e-02 -5.533350e-02
         vertex 2.789202e-01 1.001285e-01 -3.967569e-02
      endloop
   endfacet
   facet normal -1.049832e-01 5.168097e-01 -8.496389e-01
      outer loop
         vertex 2.789202e-01 1.001285e-01 -3.967569e-02
         vertex 3.976739e-01 9.851028e-02 -5.533350e-02
         vertex 2.819400e-01 7.955786e-02 -5.256136e-02
      endloop
   endfacet
   facet normal -1.717425e-01 5.047396e-01 -8.460156e-01
      outer loop
         vertex 2.789202e-01 1.001285e-01 -3.967569e-02
         vertex 2.819400e-01 7.955786e-02 -5.256136e-02
         vertex 1.717592e-01 7.199092e-02 -3.470896e-02
      endloop
   endfacet
   facet normal -1.721150e-01 4.900028e-01 -8.545605e-01
      outer loop
         vertex 1.717592e-01 7.199092e-02 -3.470896e-02
         vertex 2.819400e-01 7.955786e-02 -5.256136e-02
         vertex 1.747237e-01 5.690328e-02 -4.395724e-02
      endloop
   endfacet
   facet normal -2.744656e-01 4.627601e-01 -8.429245e-01
      outer loop
         vertex 1.717592e-01 7.199092e-02 -3.470896e-02
         vertex 1.747237e-01 5.690328e-02 -4.395724e-02
         vertex 7.751465e-02 3.873561e-02 -2.227884e-02
      endloop
   endfacet
   facet normal -2.730167e-01 4.400389e-01 -8.554693e-01
      outer loop
         vertex 7.751465e-02 3.873561e-02 -2.227884e-02
         vertex 1.747237e-01 5.690328e-02 -4.395724e-02
         vertex 7.956394e-02 3.042464e-02 -2.720788e-02
      endloop
   endfacet
   facet normal -3.800143e-01 4.007275e-01 -8.336705e-01
      outer loop
         vertex 7.751465e-02 3.873561e-02 -2.227884e-02
         vertex 7.956394e-02 3.042464e-02 -2.720788e-02
         vertex 3.642774e-02 2.007550e-02 -1.251960e-02
      endloop
   endfacet
   facet normal -3.790030e-01 3.861220e-01 -8.409914e-01
      outer loop
         vertex 3.642774e-02 2.007550e-02 -1.251960e-02
         vertex 7.956394e-02 3.042464e-02 -2.720788e-02
         vertex 3.761129e-02 1.571319e-02 -1.505584e-02
      endloop
   endfacet
   facet normal -4.695017e-01 3.451141e-01 -8.126897e-01
      outer loop
         vertex 3.642774e-02 2.007550e-02 -1.251960e-02
         vertex 3.761129e-02 1.571319e-02 -1.505584e-02
         vertex 0.000000e+00 0.000000e+00 0.000000e+00
      endloop
   endfacet
   facet normal -4.484688e-01 2.517178e-01 -8.576211e-01
      outer loop
         vertex 3.864604e-02 1.079591e-02 -1.704018e-02
         vertex 0.000000e+00 0.000000e+00 0.000000e+00
         vertex 3.761129e-02 1.571319e-02 -1.505584e-02
      endloop
   endfacet
   facet normal -2.254821e-01 1.611754e-01 -9.608227e-01
      outer loop
         vertex 1.799137e-01 -5.041540e-18 -5.831543e-02
         vertex 9.683770e-02 -4.080804e-18 -3.881947e-02
         vertex 8.263478e-02 1.070938e-02 -3.368992e-02
      endloop
   endfacet
   facet normal -3.352645e-01 6.613216e-03 -9.421008e-01
      outer loop
         vertex 8.263478e-02 1.070938e-02 -3.368992e-02
         vertex 9.683770e-02 -4.080804e-18 -3.881947e-02
         vertex 3.937904e-02 5.499560e-03 -1.833311e-02
      endloop
   endfacet
   facet normal -3.481257e-01 1.765707e-01 -9.206689e-01
      outer loop
         vertex 8.263478e-02 1.070938e-02 -3.368992e-02
         vertex 3.937904e-02 5.499560e-03 -1.833311e-02
         vertex 3.864604e-02 1.079591e-02 -1.704018e-02
      endloop
   endfacet
   facet normal -4.347286e-01 1.563384e-01 -8.868874e-01
      outer loop
         vertex 3.864604e-02 1.079591e-02 -1.704018e-02
         vertex 3.937904e-02 5.499560e-03 -1.833311e-02
         vertex 0.000000e+00 0.000000e+00 0.000000e+00
      endloop
   endfacet
endsolid uav