solid uav
   facet normal -8.857264e-02 -6.255161e-01 7.751674e-01
      outer loop
         vertex 1.866700e+00 -3.597363e-01 7.576450e-02
         vertex 1.750000e+00 -3.455111e-01 7.390892e-02
         vertex 1.750000e+00 -3.644654e-01 5.861389e-02
      endloop
   endfacet
   facet normal 1.012348e-01 -1.370364e-02 9.947682e-01
      outer loop
         vertex 2.539909e+00 -1.035027e-02 9.724542e-02
         vertex 2.533924e+00 7.592693e-19 9.799706e-02
         vertex 2.450079e+00 1.401840e-18 1.065297e-01
      endloop
   endfacet
   facet normal 9.308403e-02 -5.128117e-02 9.943368e-01
      outer loop
         vertex 2.594287e+00 -1.430498e-01 8.674162e-02
         vertex 2.565931e+00 -1.952672e-01 8.670315e-02
         vertex 2.624133e+00 -2.338683e-01 7.926385e-02
      endloop
   endfacet
   facet normal 6.069858e-02 -9.988163e-02 9.931462e-01
      outer loop
         vertex 2.624133e+00 -2.338683e-01 7.926385e-02
         vertex 2.565931e+00 -1.952672e-01 8.670315e-02
         vertex 2.565579e+00 -3.524446e-01 7.091717e-02
      endloop
   endfacet
   facet normal 9.938094e-03 -8.847568e-02 9.960288e-01
      outer loop
         vertex 2.678132e+00 -3.797441e-01 6.747919e-02
         vertex 2.675199e+00 -3.572376e-01 6.950768e-02
         vertex 2.624349e+00 -3.534839e-01 7.034848e-02
      endloop
   endfacet
   facet normal 1.072815e-02 -7.796776e-02 9.968982e-01
      outer loop
         vertex 2.624349e+00 -3.534839e-01 7.034848e-02
         vertex 2.675199e+00 -3.572376e-01 6.950768e-02
         vertex 2.668873e+00 -3.387498e-01 7.102169e-02
      endloop
   endfacet
   facet normal 9.161992e-03 -7.325212e-02 9.972714e-01
      outer loop
         vertex 2.624349e+00 -3.534839e-01 7.034848e-02
         vertex 2.668873e+00 -3.387498e-01 7.102169e-02
         vertex 2.649106e+00 -2.950342e-01 7.441432e-02
      endloop
   endfacet
   facet normal -3.441292e-02 -1.270010e-01 9.913054e-01
      outer loop
         vertex 2.624349e+00 -3.534839e-01 7.034848e-02
         vertex 2.621518e+00 -4.285700e-01 6.063059e-02
         vertex 2.639046e+00 -4.263652e-01 6.152150e-02
      endloop
   endfacet
   facet normal -3.868019e-02 -9.469620e-02 9.947545e-01
      outer loop
         vertex 2.675021e+00 -3.961225e-01 6.579910e-02
         vertex 2.678132e+00 -3.797441e-01 6.747919e-02
         vertex 2.666350e+00 -4.104558e-01 6.409746e-02
      endloop
   endfacet
   facet normal -3.469284e-04 -1.093194e-01 9.940066e-01
      outer loop
         vertex 2.666350e+00 -4.104558e-01 6.409746e-02
         vertex 2.678132e+00 -3.797441e-01 6.747919e-02
         vertex 2.624349e+00 -3.534839e-01 7.034848e-02
      endloop
   endfacet
   facet normal -1.679932e-02 -1.212807e-01 9.924761e-01
      outer loop
         vertex 2.666350e+00 -4.104558e-01 6.409746e-02
         vertex 2.624349e+00 -3.534839e-01 7.034848e-02
         vertex 2.654476e+00 -4.201085e-01 6.271691e-02
      endloop
   endfacet
   facet normal -2.600182e-02 -1.253612e-01 9.917704e-01
      outer loop
         vertex 2.654476e+00 -4.201085e-01 6.271691e-02
         vertex 2.624349e+00 -3.534839e-01 7.034848e-02
         vertex 2.639046e+00 -4.263652e-01 6.152150e-02
      endloop
   endfacet
   facet normal 1.165623e-02 -7.430137e-02 9.971677e-01
      outer loop
         vertex 2.649106e+00 -2.950342e-01 7.441432e-02
         vertex 2.624133e+00 -2.338683e-01 7.926385e-02
         vertex 2.624349e+00 -3.534839e-01 7.034848e-02
      endloop
   endfacet
   facet normal 8.335474e-03 -7.430980e-02 9.972004e-01
      outer loop
         vertex 2.624349e+00 -3.534839e-01 7.034848e-02
         vertex 2.624133e+00 -2.338683e-01 7.926385e-02
         vertex 2.565579e+00 -3.524446e-01 7.091717e-02
      endloop
   endfacet
   facet normal 7.321478e-03 -1.286209e-01 9.916668e-01
      outer loop
         vertex 2.624349e+00 -3.534839e-01 7.034848e-02
         vertex 2.565579e+00 -3.524446e-01 7.091717e-02
         vertex 2.621518e+00 -4.285700e-01 6.063059e-02
      endloop
   endfacet
   facet normal -3.092514e-02 -1.561293e-01 9.872524e-01
      outer loop
         vertex 2.621518e+00 -4.285700e-01 6.063059e-02
         vertex 2.565579e+00 -3.524446e-01 7.091717e-02
         vertex 2.551749e+00 -4.369245e-01 5.712386e-02
      endloop
   endfacet
   facet normal -7.032442e-02 -4.615745e-01 8.843096e-01
      outer loop
         vertex 1.750000e+00 -3.455111e-01 7.390892e-02
         vertex 1.866700e+00 -3.597363e-01 7.576450e-02
         vertex 1.750000e+00 -3.210880e-01 8.665682e-02
      endloop
   endfacet
   facet normal -4.892902e-02 -4.050514e-01 9.129837e-01
      outer loop
         vertex 1.750000e+00 -3.210880e-01 8.665682e-02
         vertex 1.866700e+00 -3.597363e-01 7.576450e-02
         vertex 1.867015e+00 -3.213850e-01 9.279614e-02
      endloop
   endfacet
   facet normal -5.042455e-02 -3.216221e-01 9.455245e-01
      outer loop
         vertex 1.750000e+00 -3.210880e-01 8.665682e-02
         vertex 1.867015e+00 -3.213850e-01 9.279614e-02
         vertex 1.750000e+00 -2.651131e-01 1.056968e-01
      endloop
   endfacet
   facet normal -2.287640e-02 -2.683546e-01 9.630485e-01
      outer loop
         vertex 1.750000e+00 -2.651131e-01 1.056968e-01
         vertex 1.867015e+00 -3.213850e-01 9.279614e-02
         vertex 1.867258e+00 -2.719865e-01 1.065669e-01
      endloop
   endfacet
   facet normal -1.925472e-02 -2.045950e-01 9.786573e-01
      outer loop
         vertex 1.750000e+00 -2.651131e-01 1.056968e-01
         vertex 1.867258e+00 -2.719865e-01 1.065669e-01
         vertex 1.750000e+00 -1.937131e-01 1.206235e-01
      endloop
   endfacet
   facet normal -9.533565e-02 -7.566462e-01 6.468366e-01
      outer loop
         vertex 2.162445e+00 -4.324460e-01 4.242682e-02
         vertex 2.269135e+00 -4.432254e-01 4.554226e-02
         vertex 2.216293e+00 -4.329470e-01 4.977743e-02
      endloop
   endfacet
   facet normal -6.832408e-02 -6.596523e-01 7.484589e-01
      outer loop
         vertex 2.216293e+00 -4.329470e-01 4.977743e-02
         vertex 2.269135e+00 -4.432254e-01 4.554226e-02
         vertex 2.347240e+00 -4.484363e-01 4.807958e-02
      endloop
   endfacet
   facet normal -4.787720e-02 -4.995641e-01 8.649529e-01
      outer loop
         vertex 2.216293e+00 -4.329470e-01 4.977743e-02
         vertex 2.347240e+00 -4.484363e-01 4.807958e-02
         vertex 2.216134e+00 -4.086708e-01 6.378961e-02
      endloop
   endfacet
   facet normal -2.325408e-02 -4.327143e-01 9.012312e-01
      outer loop
         vertex 2.216134e+00 -4.086708e-01 6.378961e-02
         vertex 2.347240e+00 -4.484363e-01 4.807958e-02
         vertex 2.449171e+00 -4.405279e-01 5.450679e-02
      endloop
   endfacet
   facet normal -5.918327e-03 -3.194126e-01 9.475973e-01
      outer loop
         vertex 2.216134e+00 -4.086708e-01 6.378961e-02
         vertex 2.449171e+00 -4.405279e-01 5.450679e-02
         vertex 2.216023e+00 -3.695450e-01 7.697730e-02
      endloop
   endfacet
   facet normal 2.059932e-02 -2.396116e-01 9.706503e-01
      outer loop
         vertex 2.216023e+00 -3.695450e-01 7.697730e-02
         vertex 2.449171e+00 -4.405279e-01 5.450679e-02
         vertex 2.448761e+00 -4.005061e-01 6.439511e-02
      endloop
   endfacet
   facet normal 2.249975e-02 -2.265787e-01 9.737330e-01
      outer loop
         vertex 2.216023e+00 -3.695450e-01 7.697730e-02
         vertex 2.448761e+00 -4.005061e-01 6.439511e-02
         vertex 2.216089e+00 -3.166614e-01 8.928128e-02
      endloop
   endfacet
   facet normal 3.816229e-02 -1.855375e-01 9.818959e-01
      outer loop
         vertex 2.216089e+00 -3.166614e-01 8.928128e-02
         vertex 2.448761e+00 -4.005061e-01 6.439511e-02
         vertex 2.448607e+00 -3.450742e-01 7.487544e-02
      endloop
   endfacet
   facet normal -3.655600e-02 -3.028122e-01 9.523489e-01
      outer loop
         vertex 2.347240e+00 -4.484363e-01 4.807958e-02
         vertex 2.447156e+00 -4.482241e-01 5.198232e-02
         vertex 2.449171e+00 -4.405279e-01 5.450679e-02
      endloop
   endfacet
   facet normal -1.343059e-02 -3.084697e-01 9.511393e-01
      outer loop
         vertex 2.449171e+00 -4.405279e-01 5.450679e-02
         vertex 2.447156e+00 -4.482241e-01 5.198232e-02
         vertex 2.551749e+00 -4.369245e-01 5.712386e-02
      endloop
   endfacet
   facet normal -1.633370e-02 -2.399867e-01 9.706387e-01
      outer loop
         vertex 2.449171e+00 -4.405279e-01 5.450679e-02
         vertex 2.551749e+00 -4.369245e-01 5.712386e-02
         vertex 2.448761e+00 -4.005061e-01 6.439511e-02
      endloop
   endfacet
   facet normal 1.199882e-02 -1.630410e-01 9.865463e-01
      outer loop
         vertex 2.448761e+00 -4.005061e-01 6.439511e-02
         vertex 2.551749e+00 -4.369245e-01 5.712386e-02
         vertex 2.565579e+00 -3.524446e-01 7.091717e-02
      endloop
   endfacet
   facet normal 2.154355e-02 -1.856743e-01 9.823752e-01
      outer loop
         vertex 2.448761e+00 -4.005061e-01 6.439511e-02
         vertex 2.565579e+00 -3.524446e-01 7.091717e-02
         vertex 2.448607e+00 -3.450742e-01 7.487544e-02
      endloop
   endfacet
   facet normal 2.735902e-02 -9.995459e-02 9.946158e-01
      outer loop
         vertex 2.448607e+00 -3.450742e-01 7.487544e-02
         vertex 2.565579e+00 -3.524446e-01 7.091717e-02
         vertex 2.565931e+00 -1.952672e-01 8.670315e-02
      endloop
   endfacet
   facet normal 8.714998e-02 -4.805923e-02 9.950353e-01
      outer loop
         vertex 2.594287e+00 -1.430498e-01 8.674162e-02
         vertex 2.561076e+00 -5.328139e-02 9.398610e-02
         vertex 2.565931e+00 -1.952672e-01 8.670315e-02
      endloop
   endfacet
   facet normal 7.951127e-02 -4.835247e-02 9.956606e-01
      outer loop
         vertex 2.565931e+00 -1.952672e-01 8.670315e-02
         vertex 2.561076e+00 -5.328139e-02 9.398610e-02
         vertex 2.449370e+00 -1.923419e-01 9.615348e-02
      endloop
   endfacet
   facet normal 7.659871e-02 -1.379535e-01 9.874723e-01
      outer loop
         vertex 2.565931e+00 -1.952672e-01 8.670315e-02
         vertex 2.449370e+00 -1.923419e-01 9.615348e-02
         vertex 2.448607e+00 -3.450742e-01 7.487544e-02
      endloop
   endfacet
   facet normal 4.767562e-02 -1.380602e-01 9.892757e-01
      outer loop
         vertex 2.448607e+00 -3.450742e-01 7.487544e-02
         vertex 2.449370e+00 -1.923419e-01 9.615348e-02
         vertex 2.216856e+00 -1.753152e-01 1.097351e-01
      endloop
   endfacet
   facet normal 4.374443e-02 -1.433109e-01 9.887105e-01
      outer loop
         vertex 2.448607e+00 -3.450742e-01 7.487544e-02
         vertex 2.216856e+00 -1.753152e-01 1.097351e-01
         vertex 2.216089e+00 -3.166614e-01 8.928128e-02
      endloop
   endfacet
   facet normal 3.933064e-02 -1.433137e-01 9.888955e-01
      outer loop
         vertex 2.216089e+00 -3.166614e-01 8.928128e-02
         vertex 2.216856e+00 -1.753152e-01 1.097351e-01
         vertex 1.983864e+00 -2.842968e-01 1.032078e-01
      endloop
   endfacet
   facet normal 2.681328e-02 -2.265597e-01 9.736281e-01
      outer loop
         vertex 2.216089e+00 -3.166614e-01 8.928128e-02
         vertex 1.983864e+00 -2.842968e-01 1.032078e-01
         vertex 2.216023e+00 -3.695450e-01 7.697730e-02
      endloop
   endfacet
   facet normal 1.827483e-02 -2.482427e-01 9.685255e-01
      outer loop
         vertex 2.216023e+00 -3.695450e-01 7.697730e-02
         vertex 1.983864e+00 -2.842968e-01 1.032078e-01
         vertex 1.983572e+00 -3.356522e-01 9.005040e-02
      endloop
   endfacet
   facet normal 6.726040e-03 -3.193789e-01 9.476032e-01
      outer loop
         vertex 2.216023e+00 -3.695450e-01 7.697730e-02
         vertex 1.983572e+00 -3.356522e-01 9.005040e-02
         vertex 2.216134e+00 -4.086708e-01 6.378961e-02
      endloop
   endfacet
   facet normal -1.418764e-02 -3.780956e-01 9.256578e-01
      outer loop
         vertex 2.216134e+00 -4.086708e-01 6.378961e-02
         vertex 1.983572e+00 -3.356522e-01 9.005040e-02
         vertex 1.983247e+00 -3.754033e-01 7.380858e-02
      endloop
   endfacet
   facet normal -3.415861e-02 -4.997780e-01 8.654797e-01
      outer loop
         vertex 2.216134e+00 -4.086708e-01 6.378961e-02
         vertex 1.983247e+00 -3.754033e-01 7.380858e-02
         vertex 2.216293e+00 -4.329470e-01 4.977743e-02
      endloop
   endfacet
   facet normal -6.109815e-02 -5.851387e-01 8.086283e-01
      outer loop
         vertex 2.216293e+00 -4.329470e-01 4.977743e-02
         vertex 1.983247e+00 -3.754033e-01 7.380858e-02
         vertex 1.982981e+00 -4.010717e-01 5.521441e-02
      endloop
   endfacet
   facet normal -9.194338e-02 -7.788182e-01 6.204746e-01
      outer loop
         vertex 2.216293e+00 -4.329470e-01 4.977743e-02
         vertex 1.982981e+00 -4.010717e-01 5.521441e-02
         vertex 2.162445e+00 -4.324460e-01 4.242682e-02
      endloop
   endfacet
   facet normal -1.036945e-01 -8.216083e-01 5.605419e-01
      outer loop
         vertex 2.162445e+00 -4.324460e-01 4.242682e-02
         vertex 1.982981e+00 -4.010717e-01 5.521441e-02
         vertex 1.982901e+00 -4.078503e-01 4.526398e-02
      endloop
   endfacet
   facet normal -1.198023e-01 -9.181103e-01 3.777842e-01
      outer loop
         vertex 2.162445e+00 -4.324460e-01 4.242682e-02
         vertex 1.982901e+00 -4.078503e-01 4.526398e-02
         vertex 2.074454e+00 -4.219584e-01 4.001095e-02
      endloop
   endfacet
   facet normal -1.374538e-01 -9.687938e-01 2.062646e-01
      outer loop
         vertex 2.074454e+00 -4.219584e-01 4.001095e-02
         vertex 1.982901e+00 -4.078503e-01 4.526398e-02
         vertex 1.880204e+00 -3.954648e-01 3.500000e-02
      endloop
   endfacet
   facet normal 3.363742e-02 -8.252273e-02 9.960213e-01
      outer loop
         vertex 1.750000e+00 -7.553577e-02 1.329668e-01
         vertex 1.750000e+00 -1.459084e-01 1.271363e-01
         vertex 1.867322e+00 -1.482730e-01 1.229782e-01
      endloop
   endfacet
   facet normal 6.826651e-02 -2.684399e-02 9.973059e-01
      outer loop
         vertex 1.750000e+00 -7.553577e-02 1.329668e-01
         vertex 1.867322e+00 -1.482730e-01 1.229782e-01
         vertex 1.750000e+00 0.000000e+00 1.350000e-01
      endloop
   endfacet
   facet normal 3.237955e-02 -1.349208e-01 9.903272e-01
      outer loop
         vertex 1.750000e+00 -1.459084e-01 1.271363e-01
         vertex 1.750000e+00 -1.937131e-01 1.206235e-01
         vertex 1.867322e+00 -1.482730e-01 1.229782e-01
      endloop
   endfacet
   facet normal 3.102762e-02 -1.314566e-01 9.908362e-01
      outer loop
         vertex 1.867322e+00 -1.482730e-01 1.229782e-01
         vertex 1.750000e+00 -1.937131e-01 1.206235e-01
         vertex 1.867258e+00 -2.719865e-01 1.065669e-01
      endloop
   endfacet
   facet normal 2.630973e-02 -1.314720e-01 9.909707e-01
      outer loop
         vertex 1.867322e+00 -1.482730e-01 1.229782e-01
         vertex 1.867258e+00 -2.719865e-01 1.065669e-01
         vertex 1.984137e+00 -1.551373e-01 1.189661e-01
      endloop
   endfacet
   facet normal 2.256203e-02 -2.826499e-02 9.993458e-01
      outer loop
         vertex 2.256477e+00 2.484966e-18 1.172054e-01
         vertex 1.984192e+00 2.386773e-18 1.233527e-01
         vertex 1.984137e+00 -1.551373e-01 1.189661e-01
      endloop
   endfacet
   facet normal 2.602244e-02 -2.826383e-02 9.992617e-01
      outer loop
         vertex 1.984137e+00 -1.551373e-01 1.189661e-01
         vertex 1.984192e+00 2.386773e-18 1.233527e-01
         vertex 1.984167e+00 2.386651e-18 1.233534e-01
      endloop
   endfacet
   facet normal 3.265280e-02 -2.825962e-02 9.990672e-01
      outer loop
         vertex 1.984137e+00 -1.551373e-01 1.189661e-01
         vertex 1.984167e+00 2.386651e-18 1.233534e-01
         vertex 1.867322e+00 -1.482730e-01 1.229782e-01
      endloop
   endfacet
   facet normal 3.577037e-02 -3.071594e-02 9.988879e-01
      outer loop
         vertex 1.867322e+00 -1.482730e-01 1.229782e-01
         vertex 1.984167e+00 2.386651e-18 1.233534e-01
         vertex 1.864249e+00 1.480135e-18 1.276477e-01
      endloop
   endfacet
   facet normal 6.419173e-02 -3.008263e-02 9.974841e-01
      outer loop
         vertex 1.867322e+00 -1.482730e-01 1.229782e-01
         vertex 1.864249e+00 1.480135e-18 1.276477e-01
         vertex 1.750000e+00 0.000000e+00 1.350000e-01
      endloop
   endfacet
   facet normal -1.536322e-01 -9.774621e-01 1.447926e-01
      outer loop
         vertex 1.750000e+00 -3.750000e-01 3.500000e-02
         vertex 1.880204e+00 -3.954648e-01 3.500000e-02
         vertex 1.750000e+00 -3.738148e-01 4.300087e-02
      endloop
   endfacet
   facet normal -1.418126e-01 -9.524855e-01 2.695560e-01
      outer loop
         vertex 1.750000e+00 -3.738148e-01 4.300087e-02
         vertex 1.880204e+00 -3.954648e-01 3.500000e-02
         vertex 1.982901e+00 -4.078503e-01 4.526398e-02
      endloop
   endfacet
   facet normal -1.292748e-01 -8.507397e-01 5.094409e-01
      outer loop
         vertex 1.750000e+00 -3.738148e-01 4.300087e-02
         vertex 1.982901e+00 -4.078503e-01 4.526398e-02
         vertex 1.750000e+00 -3.644654e-01 5.861389e-02
      endloop
   endfacet
   facet normal -1.206687e-01 -8.199609e-01 5.595563e-01
      outer loop
         vertex 1.750000e+00 -3.644654e-01 5.861389e-02
         vertex 1.982901e+00 -4.078503e-01 4.526398e-02
         vertex 1.982981e+00 -4.010717e-01 5.521441e-02
      endloop
   endfacet
   facet normal -8.780009e-02 -6.304291e-01 7.712654e-01
      outer loop
         vertex 1.750000e+00 -3.644654e-01 5.861389e-02
         vertex 1.982981e+00 -4.010717e-01 5.521441e-02
         vertex 1.866700e+00 -3.597363e-01 7.576450e-02
      endloop
   endfacet
   facet normal -6.506789e-02 -5.849646e-01 8.084445e-01
      outer loop
         vertex 1.866700e+00 -3.597363e-01 7.576450e-02
         vertex 1.982981e+00 -4.010717e-01 5.521441e-02
         vertex 1.983247e+00 -3.754033e-01 7.380858e-02
      endloop
   endfacet
   facet normal -3.915457e-02 -4.052933e-01 9.133478e-01
      outer loop
         vertex 1.866700e+00 -3.597363e-01 7.576450e-02
         vertex 1.983247e+00 -3.754033e-01 7.380858e-02
         vertex 1.867015e+00 -3.213850e-01 9.279614e-02
      endloop
   endfacet
   facet normal -2.446038e-02 -3.779483e-01 9.255035e-01
      outer loop
         vertex 1.867015e+00 -3.213850e-01 9.279614e-02
         vertex 1.983247e+00 -3.754033e-01 7.380858e-02
         vertex 1.983572e+00 -3.356522e-01 9.005040e-02
      endloop
   endfacet
   facet normal -1.017086e-02 -2.684690e-01 9.632346e-01
      outer loop
         vertex 1.867015e+00 -3.213850e-01 9.279614e-02
         vertex 1.983572e+00 -3.356522e-01 9.005040e-02
         vertex 1.867258e+00 -2.719865e-01 1.065669e-01
      endloop
   endfacet
   facet normal 1.703307e-03 -2.481954e-01 9.687085e-01
      outer loop
         vertex 1.867258e+00 -2.719865e-01 1.065669e-01
         vertex 1.983572e+00 -3.356522e-01 9.005040e-02
         vertex 1.983864e+00 -2.842968e-01 1.032078e-01
      endloop
   endfacet
   facet normal 1.580378e-02 -1.211268e-01 9.925112e-01
      outer loop
         vertex 1.867258e+00 -2.719865e-01 1.065669e-01
         vertex 1.983864e+00 -2.842968e-01 1.032078e-01
         vertex 1.984137e+00 -1.551373e-01 1.189661e-01
      endloop
   endfacet
   facet normal 2.885584e-02 -1.211187e-01 9.922185e-01
      outer loop
         vertex 1.984137e+00 -1.551373e-01 1.189661e-01
         vertex 1.983864e+00 -2.842968e-01 1.032078e-01
         vertex 2.216856e+00 -1.753152e-01 1.097351e-01
      endloop
   endfacet
   facet normal 3.521332e-02 -5.048811e-02 9.981037e-01
      outer loop
         vertex 1.984137e+00 -1.551373e-01 1.189661e-01
         vertex 2.216856e+00 -1.753152e-01 1.097351e-01
         vertex 2.256477e+00 2.484966e-18 1.172054e-01
      endloop
   endfacet
   facet normal 5.422978e-02 -5.473996e-02 9.970269e-01
      outer loop
         vertex 2.256477e+00 2.484966e-18 1.172054e-01
         vertex 2.216856e+00 -1.753152e-01 1.097351e-01
         vertex 2.449370e+00 -1.923419e-01 9.615348e-02
      endloop
   endfacet
   facet normal 5.497854e-02 -5.398905e-02 9.970269e-01
      outer loop
         vertex 2.256477e+00 2.484966e-18 1.172054e-01
         vertex 2.449370e+00 -1.923419e-01 9.615348e-02
         vertex 2.450079e+00 1.401840e-18 1.065297e-01
      endloop
   endfacet
   facet normal 8.650550e-02 -5.398447e-02 9.947877e-01
      outer loop
         vertex 2.450079e+00 1.401840e-18 1.065297e-01
         vertex 2.449370e+00 -1.923419e-01 9.615348e-02
         vertex 2.561076e+00 -5.328139e-02 9.398610e-02
      endloop
   endfacet
   facet normal 9.976988e-02 -2.632229e-02 9.946623e-01
      outer loop
         vertex 2.450079e+00 1.401840e-18 1.065297e-01
         vertex 2.561076e+00 -5.328139e-02 9.398610e-02
         vertex 2.539909e+00 -1.035027e-02 9.724542e-02
      endloop
   endfacet
   facet normal -1.550247e-01 -9.863218e-01 -5.600645e-02
      outer loop
         vertex 1.880204e+00 -3.954648e-01 3.500000e-02
         vertex 1.750000e+00 -3.750000e-01 3.500000e-02
         vertex 1.750000e+00 -3.748251e-01 3.191916e-02
      endloop
   endfacet
   facet normal -2.123440e-02 -1.357512e-01 -9.905154e-01
      outer loop
         vertex 1.750877e+00 -2.116614e-01 -4.754063e-02
         vertex 1.750000e+00 -2.120258e-01 -4.747190e-02
         vertex 1.750000e+00 -1.273557e-01 -5.907602e-02
      endloop
   endfacet
   facet normal -2.028514e-02 -1.357442e-01 -9.905362e-01
      outer loop
         vertex 1.750877e+00 -2.116614e-01 -4.754063e-02
         vertex 1.750000e+00 -1.273557e-01 -5.907602e-02
         vertex 1.754353e+00 -2.101356e-01 -4.782093e-02
      endloop
   endfacet
   facet normal -1.570870e-02 -1.355190e-01 -9.906502e-01
      outer loop
         vertex 1.754353e+00 -2.101356e-01 -4.782093e-02
         vertex 1.750000e+00 -1.273557e-01 -5.907602e-02
         vertex 1.767674e+00 -2.027697e-01 -4.903981e-02
      endloop
   endfacet
   facet normal 1.044375e-02 -1.295060e-01 -9.915236e-01
      outer loop
         vertex 1.767674e+00 -2.027697e-01 -4.903981e-02
         vertex 1.750000e+00 -1.273557e-01 -5.907602e-02
         vertex 1.793507e+00 -1.666513e-01 -5.348525e-02
      endloop
   endfacet
   facet normal -3.858185e-02 -9.483894e-02 -9.947447e-01
      outer loop
         vertex 1.767674e+00 -2.027697e-01 -4.903981e-02
         vertex 1.793507e+00 -1.666513e-01 -5.348525e-02
         vertex 1.784583e+00 -1.867233e-01 -5.122547e-02
      endloop
   endfacet
   facet normal 2.363366e-02 -5.819695e-02 -9.980253e-01
      outer loop
         vertex 1.750000e+00 -3.189150e-02 -6.464274e-02
         vertex 1.756944e+00 -4.361812e-02 -6.379451e-02
         vertex 1.750000e+00 -1.273557e-01 -5.907602e-02
      endloop
   endfacet
   facet normal 3.514297e-02 -5.912914e-02 -9.976316e-01
      outer loop
         vertex 1.750000e+00 -1.273557e-01 -5.907602e-02
         vertex 1.756944e+00 -4.361812e-02 -6.379451e-02
         vertex 1.782963e+00 -9.705376e-02 -5.971085e-02
      endloop
   endfacet
   facet normal 4.111880e-02 -6.561642e-02 -9.969974e-01
      outer loop
         vertex 1.782963e+00 -9.705376e-02 -5.971085e-02
         vertex 1.786351e+00 -1.062455e-01 -5.896614e-02
         vertex 1.750000e+00 -1.273557e-01 -5.907602e-02
      endloop
   endfacet
   facet normal 4.653819e-02 -7.495316e-02 -9.961005e-01
      outer loop
         vertex 1.750000e+00 -1.273557e-01 -5.907602e-02
         vertex 1.786351e+00 -1.062455e-01 -5.896614e-02
         vertex 1.794759e+00 -1.420483e-01 -5.587932e-02
      endloop
   endfacet
   facet normal 3.861101e-02 -9.872455e-02 -9.943655e-01
      outer loop
         vertex 1.750000e+00 -1.273557e-01 -5.907602e-02
         vertex 1.794759e+00 -1.420483e-01 -5.587932e-02
         vertex 1.793507e+00 -1.666513e-01 -5.348525e-02
      endloop
   endfacet
   facet normal 2.256203e-02 2.826662e-02 9.993458e-01
      outer loop
         vertex 1.984161e+00 1.551391e-01 1.189653e-01
         vertex 1.984192e+00 2.386773e-18 1.233527e-01
         vertex 2.256477e+00 2.484966e-18 1.172054e-01
      endloop
   endfacet
   facet normal 6.419764e-02 2.685126e-02 9.975759e-01
      outer loop
         vertex 1.750000e+00 7.553577e-02 1.329668e-01
         vertex 1.750000e+00 0.000000e+00 1.350000e-01
         vertex 1.864249e+00 1.480135e-18 1.276477e-01
      endloop
   endfacet
   facet normal -1.508359e-01 9.596714e-01 2.372325e-01
      outer loop
         vertex 1.880204e+00 3.954648e-01 3.500000e-02
         vertex 1.750000e+00 3.750000e-01 3.500000e-02
         vertex 1.750000e+00 3.717183e-01 4.827520e-02
      endloop
   endfacet
   facet normal -1.301784e-01 9.649099e-01 2.280404e-01
      outer loop
         vertex 2.140919e+00 4.299815e-01 4.182610e-02
         vertex 1.942178e+00 4.044156e-01 3.655060e-02
         vertex 1.982925e+00 4.078537e-01 4.526379e-02
      endloop
   endfacet
   facet normal -1.430466e-01 9.443068e-01 2.963483e-01
      outer loop
         vertex 1.982925e+00 4.078537e-01 4.526379e-02
         vertex 1.942178e+00 4.044156e-01 3.655060e-02
         vertex 1.892593e+00 3.972949e-01 3.530604e-02
      endloop
   endfacet
   facet normal -4.432201e-02 4.887943e-01 8.712725e-01
      outer loop
         vertex 2.358523e+00 4.488769e-01 4.847597e-02
         vertex 2.216182e+00 4.086777e-01 6.378723e-02
         vertex 2.379839e+00 4.494269e-01 4.925177e-02
      endloop
   endfacet
   facet normal -1.815534e-02 3.998075e-01 9.164193e-01
      outer loop
         vertex 2.379839e+00 4.494269e-01 4.925177e-02
         vertex 2.216182e+00 4.086777e-01 6.378723e-02
         vertex 2.449243e+00 4.405371e-01 5.450512e-02
      endloop
   endfacet
   facet normal -3.071471e-02 3.198157e-01 9.469818e-01
      outer loop
         vertex 2.379839e+00 4.494269e-01 4.925177e-02
         vertex 2.449243e+00 4.405371e-01 5.450512e-02
         vertex 2.462655e+00 4.472314e-01 5.267930e-02
      endloop
   endfacet
   facet normal 7.342669e-03 9.514042e-02 9.954368e-01
      outer loop
         vertex 2.624440e+00 3.534840e-01 7.034846e-02
         vertex 2.677436e+00 3.680648e-01 6.856396e-02
         vertex 2.677272e+00 3.879472e-01 6.666487e-02
      endloop
   endfacet
   facet normal -1.245406e-03 1.081664e-01 9.941320e-01
      outer loop
         vertex 2.677272e+00 3.879472e-01 6.666487e-02
         vertex 2.671930e+00 4.027189e-01 6.505095e-02
         vertex 2.624440e+00 3.534840e-01 7.034846e-02
      endloop
   endfacet
   facet normal -1.157853e-02 1.180056e-01 9.929454e-01
      outer loop
         vertex 2.624440e+00 3.534840e-01 7.034846e-02
         vertex 2.671930e+00 4.027189e-01 6.505095e-02
         vertex 2.660225e+00 4.161930e-01 6.331314e-02
      endloop
   endfacet
   facet normal -2.243931e-02 1.240989e-01 9.920161e-01
      outer loop
         vertex 2.624440e+00 3.534840e-01 7.034846e-02
         vertex 2.660225e+00 4.161930e-01 6.331314e-02
         vertex 2.644605e+00 4.246839e-01 6.189762e-02
      endloop
   endfacet
   facet normal 1.272898e-02 7.649143e-02 9.969890e-01
      outer loop
         vertex 2.620640e+00 2.239129e-01 8.007517e-02
         vertex 2.627152e+00 2.421760e-01 7.859084e-02
         vertex 2.565664e+00 3.524476e-01 7.091558e-02
      endloop
   endfacet
   facet normal 8.836923e-03 7.433548e-02 9.971941e-01
      outer loop
         vertex 2.565664e+00 3.524476e-01 7.091558e-02
         vertex 2.627152e+00 2.421760e-01 7.859084e-02
         vertex 2.662462e+00 3.239093e-01 7.218515e-02
      endloop
   endfacet
   facet normal 8.341776e-03 7.266169e-02 9.973218e-01
      outer loop
         vertex 2.565664e+00 3.524476e-01 7.091558e-02
         vertex 2.662462e+00 3.239093e-01 7.218515e-02
         vertex 2.624440e+00 3.534840e-01 7.034846e-02
      endloop
   endfacet
   facet normal 9.278958e-03 7.386057e-02 9.972254e-01
      outer loop
         vertex 2.624440e+00 3.534840e-01 7.034846e-02
         vertex 2.662462e+00 3.239093e-01 7.218515e-02
         vertex 2.667401e+00 3.351742e-01 7.130485e-02
      endloop
   endfacet
   facet normal 1.169145e-02 7.949710e-02 9.967665e-01
      outer loop
         vertex 2.624440e+00 3.534840e-01 7.034846e-02
         vertex 2.667401e+00 3.351742e-01 7.130485e-02
         vertex 2.677436e+00 3.680648e-01 6.856396e-02
      endloop
   endfacet
   facet normal 7.953378e-02 4.803905e-02 9.956740e-01
      outer loop
         vertex 2.449443e+00 1.923452e-01 9.614822e-02
         vertex 2.557755e+00 4.583387e-02 9.456513e-02
         vertex 2.566016e+00 1.952673e-01 8.669548e-02
      endloop
   endfacet
   facet normal 7.915772e-02 4.806136e-02 9.957028e-01
      outer loop
         vertex 2.566016e+00 1.952673e-01 8.669548e-02
         vertex 2.557755e+00 4.583387e-02 9.456513e-02
         vertex 2.583122e+00 1.099762e-01 8.945248e-02
      endloop
   endfacet
   facet normal -1.848608e-02 1.911632e-01 9.813842e-01
      outer loop
         vertex 1.867270e+00 2.719876e-01 1.065667e-01
         vertex 1.750000e+00 2.651131e-01 1.056968e-01
         vertex 1.750000e+00 1.713927e-01 1.239525e-01
      endloop
   endfacet
   facet normal 3.363712e-02 8.252273e-02 9.960214e-01
      outer loop
         vertex 1.750000e+00 1.459084e-01 1.271363e-01
         vertex 1.750000e+00 7.553577e-02 1.329668e-01
         vertex 1.867334e+00 1.482735e-01 1.229778e-01
      endloop
   endfacet
   facet normal 6.629009e-02 3.003213e-02 9.973483e-01
      outer loop
         vertex 1.867334e+00 1.482735e-01 1.229778e-01
         vertex 1.750000e+00 7.553577e-02 1.329668e-01
         vertex 1.864249e+00 1.480135e-18 1.276477e-01
      endloop
   endfacet
   facet normal 3.250189e-02 3.078718e-02 9.989974e-01
      outer loop
         vertex 1.867334e+00 1.482735e-01 1.229778e-01
         vertex 1.864249e+00 1.480135e-18 1.276477e-01
         vertex 1.984161e+00 1.551391e-01 1.189653e-01
      endloop
   endfacet
   facet normal 3.577297e-02 2.825677e-02 9.989604e-01
      outer loop
         vertex 1.984161e+00 1.551391e-01 1.189653e-01
         vertex 1.864249e+00 1.480135e-18 1.276477e-01
         vertex 1.984167e+00 2.386651e-18 1.233534e-01
      endloop
   endfacet
   facet normal 2.602244e-02 2.826492e-02 9.992617e-01
      outer loop
         vertex 1.984161e+00 1.551391e-01 1.189653e-01
         vertex 1.984167e+00 2.386651e-18 1.233534e-01
         vertex 1.984192e+00 2.386773e-18 1.233527e-01
      endloop
   endfacet
   facet normal 9.378621e-02 5.094948e-02 9.942878e-01
      outer loop
         vertex 2.583122e+00 1.099762e-01 8.945248e-02
         vertex 2.620640e+00 2.239129e-01 8.007517e-02
         vertex 2.566016e+00 1.952673e-01 8.669548e-02
      endloop
   endfacet
   facet normal 6.796812e-02 9.981094e-02 9.926823e-01
      outer loop
         vertex 2.566016e+00 1.952673e-01 8.669548e-02
         vertex 2.620640e+00 2.239129e-01 8.007517e-02
         vertex 2.565664e+00 3.524476e-01 7.091558e-02
      endloop
   endfacet
   facet normal 7.793572e-02 9.976018e-02 9.919546e-01
      outer loop
         vertex 2.566016e+00 1.952673e-01 8.669548e-02
         vertex 2.565664e+00 3.524476e-01 7.091558e-02
         vertex 2.449443e+00 1.923452e-01 9.614822e-02
      endloop
   endfacet
   facet normal 2.479242e-02 1.380480e-01 9.901152e-01
      outer loop
         vertex 2.449443e+00 1.923452e-01 9.614822e-02
         vertex 2.565664e+00 3.524476e-01 7.091558e-02
         vertex 2.448680e+00 3.450806e-01 7.487201e-02
      endloop
   endfacet
   facet normal 4.768517e-02 1.380457e-01 9.892773e-01
      outer loop
         vertex 2.449443e+00 1.923452e-01 9.614822e-02
         vertex 2.448680e+00 3.450806e-01 7.487201e-02
         vertex 2.216904e+00 1.753196e-01 1.097329e-01
      endloop
   endfacet
   facet normal 4.373996e-02 1.433156e-01 9.887100e-01
      outer loop
         vertex 2.216904e+00 1.753196e-01 1.097329e-01
         vertex 2.448680e+00 3.450806e-01 7.487201e-02
         vertex 2.216138e+00 3.166683e-01 8.927796e-02
      endloop
   endfacet
   facet normal 3.933312e-02 1.433185e-01 9.888947e-01
      outer loop
         vertex 2.216904e+00 1.753196e-01 1.097329e-01
         vertex 2.216138e+00 3.166683e-01 8.927796e-02
         vertex 1.983888e+00 2.842998e-01 1.032067e-01
      endloop
   endfacet
   facet normal -7.171677e-02 6.985036e-01 7.120038e-01
      outer loop
         vertex 2.358523e+00 4.488769e-01 4.847597e-02
         vertex 2.240533e+00 4.406334e-01 4.467849e-02
         vertex 2.216342e+00 4.329535e-01 4.977615e-02
      endloop
   endfacet
   facet normal -9.871996e-02 7.472009e-01 6.572254e-01
      outer loop
         vertex 2.216342e+00 4.329535e-01 4.977615e-02
         vertex 2.240533e+00 4.406334e-01 4.467849e-02
         vertex 2.140919e+00 4.299815e-01 4.182610e-02
      endloop
   endfacet
   facet normal -9.454742e-02 7.943954e-01 5.999973e-01
      outer loop
         vertex 2.216342e+00 4.329535e-01 4.977615e-02
         vertex 2.140919e+00 4.299815e-01 4.182610e-02
         vertex 1.983006e+00 4.010751e-01 5.521403e-02
      endloop
   endfacet
   facet normal -1.028821e-01 8.216767e-01 5.605914e-01
      outer loop
         vertex 1.983006e+00 4.010751e-01 5.521403e-02
         vertex 2.140919e+00 4.299815e-01 4.182610e-02
         vertex 1.982925e+00 4.078537e-01 4.526379e-02
      endloop
   endfacet
   facet normal -1.199816e-01 8.200278e-01 5.596060e-01
      outer loop
         vertex 1.983006e+00 4.010751e-01 5.521403e-02
         vertex 1.982925e+00 4.078537e-01 4.526379e-02
         vertex 1.750000e+00 3.717183e-01 4.827520e-02
      endloop
   endfacet
   facet normal -1.428428e-01 9.452158e-01 2.935354e-01
      outer loop
         vertex 1.750000e+00 3.717183e-01 4.827520e-02
         vertex 1.982925e+00 4.078537e-01 4.526379e-02
         vertex 1.892593e+00 3.972949e-01 3.530604e-02
      endloop
   endfacet
   facet normal -1.473714e-01 9.540032e-01 2.610737e-01
      outer loop
         vertex 1.750000e+00 3.717183e-01 4.827520e-02
         vertex 1.892593e+00 3.972949e-01 3.530604e-02
         vertex 1.880204e+00 3.954648e-01 3.500000e-02
      endloop
   endfacet
   facet normal -8.327552e-02 4.615360e-01 8.832042e-01
      outer loop
         vertex 1.750000e+00 3.063636e-01 9.265170e-02
         vertex 1.866712e+00 3.597378e-01 7.576447e-02
         vertex 1.750000e+00 3.551722e-01 6.714576e-02
      endloop
   endfacet
   facet normal -8.189975e-02 6.188046e-01 7.812639e-01
      outer loop
         vertex 1.750000e+00 3.551722e-01 6.714576e-02
         vertex 1.866712e+00 3.597378e-01 7.576447e-02
         vertex 1.983006e+00 4.010751e-01 5.521403e-02
      endloop
   endfacet
   facet normal -1.011146e-01 6.976307e-01 7.092864e-01
      outer loop
         vertex 1.750000e+00 3.551722e-01 6.714576e-02
         vertex 1.983006e+00 4.010751e-01 5.521403e-02
         vertex 1.750000e+00 3.673756e-01 5.514287e-02
      endloop
   endfacet
   facet normal -1.214970e-01 8.389369e-01 5.304934e-01
      outer loop
         vertex 1.750000e+00 3.673756e-01 5.514287e-02
         vertex 1.983006e+00 4.010751e-01 5.521403e-02
         vertex 1.750000e+00 3.717183e-01 4.827520e-02
      endloop
   endfacet
   facet normal -2.287497e-02 2.683518e-01 9.630493e-01
      outer loop
         vertex 1.750000e+00 2.651131e-01 1.056968e-01
         vertex 1.867270e+00 2.719876e-01 1.065667e-01
         vertex 1.867027e+00 3.213863e-01 9.279606e-02
      endloop
   endfacet
   facet normal -1.016677e-02 2.684662e-01 9.632354e-01
      outer loop
         vertex 1.867027e+00 3.213863e-01 9.279606e-02
         vertex 1.867270e+00 2.719876e-01 1.065667e-01
         vertex 1.983597e+00 3.356554e-01 9.004946e-02
      endloop
   endfacet
   facet normal -2.445656e-02 3.779429e-01 9.255058e-01
      outer loop
         vertex 1.867027e+00 3.213863e-01 9.279606e-02
         vertex 1.983597e+00 3.356554e-01 9.004946e-02
         vertex 1.983271e+00 3.754067e-01 7.380787e-02
      endloop
   endfacet
   facet normal -3.079385e-03 3.782045e-01 9.257170e-01
      outer loop
         vertex 1.983271e+00 3.754067e-01 7.380787e-02
         vertex 1.983597e+00 3.356554e-01 9.004946e-02
         vertex 2.216071e+00 3.695521e-01 7.697419e-02
      endloop
   endfacet
   facet normal -4.856046e-03 3.193974e-01 9.476084e-01
      outer loop
         vertex 1.983271e+00 3.754067e-01 7.380787e-02
         vertex 2.216071e+00 3.695521e-01 7.697419e-02
         vertex 2.216182e+00 4.086777e-01 6.378723e-02
      endloop
   endfacet
   facet normal 8.740304e-03 3.193545e-01 9.475950e-01
      outer loop
         vertex 2.216182e+00 4.086777e-01 6.378723e-02
         vertex 2.216071e+00 3.695521e-01 7.697419e-02
         vertex 2.448834e+00 4.005141e-01 6.439259e-02
      endloop
   endfacet
   facet normal 5.887457e-03 2.397737e-01 9.708110e-01
      outer loop
         vertex 2.216182e+00 4.086777e-01 6.378723e-02
         vertex 2.448834e+00 4.005141e-01 6.439259e-02
         vertex 2.449243e+00 4.405371e-01 5.450512e-02
      endloop
   endfacet
   facet normal -1.632798e-02 2.399601e-01 9.706454e-01
      outer loop
         vertex 2.449243e+00 4.405371e-01 5.450512e-02
         vertex 2.448834e+00 4.005141e-01 6.439259e-02
         vertex 2.547041e+00 4.375986e-01 5.687670e-02
      endloop
   endfacet
   facet normal -1.449078e-02 2.900200e-01 9.569109e-01
      outer loop
         vertex 2.449243e+00 4.405371e-01 5.450512e-02
         vertex 2.547041e+00 4.375986e-01 5.687670e-02
         vertex 2.462655e+00 4.472314e-01 5.267930e-02
      endloop
   endfacet
   facet normal -4.803526e-02 4.995379e-01 8.649592e-01
      outer loop
         vertex 2.358523e+00 4.488769e-01 4.847597e-02
         vertex 2.216342e+00 4.329535e-01 4.977615e-02
         vertex 2.216182e+00 4.086777e-01 6.378723e-02
      endloop
   endfacet
   facet normal -4.808898e-02 4.995369e-01 8.649568e-01
      outer loop
         vertex 2.216182e+00 4.086777e-01 6.378723e-02
         vertex 2.216342e+00 4.329535e-01 4.977615e-02
         vertex 1.983006e+00 4.010751e-01 5.521403e-02
      endloop
   endfacet
   facet normal -4.884240e-02 5.856105e-01 8.091198e-01
      outer loop
         vertex 2.216182e+00 4.086777e-01 6.378723e-02
         vertex 1.983006e+00 4.010751e-01 5.521403e-02
         vertex 1.983271e+00 3.754067e-01 7.380787e-02
      endloop
   endfacet
   facet normal -6.506452e-02 5.849577e-01 8.084498e-01
      outer loop
         vertex 1.983271e+00 3.754067e-01 7.380787e-02
         vertex 1.983006e+00 4.010751e-01 5.521403e-02
         vertex 1.866712e+00 3.597378e-01 7.576447e-02
      endloop
   endfacet
   facet normal -3.915105e-02 4.052904e-01 9.133493e-01
      outer loop
         vertex 1.983271e+00 3.754067e-01 7.380787e-02
         vertex 1.866712e+00 3.597378e-01 7.576447e-02
         vertex 1.867027e+00 3.213863e-01 9.279606e-02
      endloop
   endfacet
   facet normal -5.310753e-02 4.049332e-01 9.128027e-01
      outer loop
         vertex 1.867027e+00 3.213863e-01 9.279606e-02
         vertex 1.866712e+00 3.597378e-01 7.576447e-02
         vertex 1.750000e+00 3.063636e-01 9.265170e-02
      endloop
   endfacet
   facet normal -3.985118e-02 3.012835e-01 9.527015e-01
      outer loop
         vertex 1.867027e+00 3.213863e-01 9.279606e-02
         vertex 1.750000e+00 3.063636e-01 9.265170e-02
         vertex 1.750000e+00 2.651131e-01 1.056968e-01
      endloop
   endfacet
   facet normal 1.012201e-01 2.184559e-02 9.946242e-01
      outer loop
         vertex 2.533924e+00 7.592693e-19 9.799706e-02
         vertex 2.557755e+00 4.583387e-02 9.456513e-02
         vertex 2.450079e+00 1.401840e-18 1.065297e-01
      endloop
   endfacet
   facet normal 8.755111e-02 5.397664e-02 9.946966e-01
      outer loop
         vertex 2.450079e+00 1.401840e-18 1.065297e-01
         vertex 2.557755e+00 4.583387e-02 9.456513e-02
         vertex 2.449443e+00 1.923452e-01 9.614822e-02
      endloop
   endfacet
   facet normal 5.497852e-02 5.399460e-02 9.970266e-01
      outer loop
         vertex 2.450079e+00 1.401840e-18 1.065297e-01
         vertex 2.449443e+00 1.923452e-01 9.614822e-02
         vertex 2.256477e+00 2.484966e-18 1.172054e-01
      endloop
   endfacet
   facet normal 5.423735e-02 5.473817e-02 9.970266e-01
      outer loop
         vertex 2.256477e+00 2.484966e-18 1.172054e-01
         vertex 2.449443e+00 1.923452e-01 9.614822e-02
         vertex 2.216904e+00 1.753196e-01 1.097329e-01
      endloop
   endfacet
   facet normal 3.521494e-02 5.049035e-02 9.981035e-01
      outer loop
         vertex 2.256477e+00 2.484966e-18 1.172054e-01
         vertex 2.216904e+00 1.753196e-01 1.097329e-01
         vertex 1.984161e+00 1.551391e-01 1.189653e-01
      endloop
   endfacet
   facet normal 2.885747e-02 1.211190e-01 9.922184e-01
      outer loop
         vertex 1.984161e+00 1.551391e-01 1.189653e-01
         vertex 2.216904e+00 1.753196e-01 1.097329e-01
         vertex 1.983888e+00 2.842998e-01 1.032067e-01
      endloop
   endfacet
   facet normal 2.696221e-02 1.211214e-01 9.922715e-01
      outer loop
         vertex 1.984161e+00 1.551391e-01 1.189653e-01
         vertex 1.983888e+00 2.842998e-01 1.032067e-01
         vertex 1.867334e+00 1.482735e-01 1.229778e-01
      endloop
   endfacet
   facet normal -3.313795e-02 1.270489e-01 9.913428e-01
      outer loop
         vertex 2.644605e+00 4.246839e-01 6.189762e-02
         vertex 2.620751e+00 4.286143e-01 6.059656e-02
         vertex 2.624440e+00 3.534840e-01 7.034846e-02
      endloop
   endfacet
   facet normal -3.455062e-02 1.269745e-01 9.913041e-01
      outer loop
         vertex 2.624440e+00 3.534840e-01 7.034846e-02
         vertex 2.620751e+00 4.286143e-01 6.059656e-02
         vertex 2.547041e+00 4.375986e-01 5.687670e-02
      endloop
   endfacet
   facet normal 6.624623e-03 1.640812e-01 9.864246e-01
      outer loop
         vertex 2.624440e+00 3.534840e-01 7.034846e-02
         vertex 2.547041e+00 4.375986e-01 5.687670e-02
         vertex 2.565664e+00 3.524476e-01 7.091558e-02
      endloop
   endfacet
   facet normal 1.300181e-02 1.654283e-01 9.861361e-01
      outer loop
         vertex 2.565664e+00 3.524476e-01 7.091558e-02
         vertex 2.547041e+00 4.375986e-01 5.687670e-02
         vertex 2.448834e+00 4.005141e-01 6.439259e-02
      endloop
   endfacet
   facet normal 2.153287e-02 1.856541e-01 9.823792e-01
      outer loop
         vertex 2.565664e+00 3.524476e-01 7.091558e-02
         vertex 2.448834e+00 4.005141e-01 6.439259e-02
         vertex 2.448680e+00 3.450806e-01 7.487201e-02
      endloop
   endfacet
   facet normal 2.840306e-02 1.856038e-01 9.822141e-01
      outer loop
         vertex 2.448680e+00 3.450806e-01 7.487201e-02
         vertex 2.448834e+00 4.005141e-01 6.439259e-02
         vertex 2.216071e+00 3.695521e-01 7.697419e-02
      endloop
   endfacet
   facet normal 3.262881e-02 2.265228e-01 9.734592e-01
      outer loop
         vertex 2.448680e+00 3.450806e-01 7.487201e-02
         vertex 2.216071e+00 3.695521e-01 7.697419e-02
         vertex 2.216138e+00 3.166683e-01 8.927796e-02
      endloop
   endfacet
   facet normal 2.173074e-02 2.265770e-01 9.737508e-01
      outer loop
         vertex 2.216138e+00 3.166683e-01 8.927796e-02
         vertex 2.216071e+00 3.695521e-01 7.697419e-02
         vertex 1.983597e+00 3.356554e-01 9.004946e-02
      endloop
   endfacet
   facet normal 2.348186e-02 2.482404e-01 9.684138e-01
      outer loop
         vertex 2.216138e+00 3.166683e-01 8.927796e-02
         vertex 1.983597e+00 3.356554e-01 9.004946e-02
         vertex 1.983888e+00 2.842998e-01 1.032067e-01
      endloop
   endfacet
   facet normal 1.706643e-03 2.481925e-01 9.687092e-01
      outer loop
         vertex 1.983888e+00 2.842998e-01 1.032067e-01
         vertex 1.983597e+00 3.356554e-01 9.004946e-02
         vertex 1.867270e+00 2.719876e-01 1.065667e-01
      endloop
   endfacet
   facet normal 1.467547e-02 1.314948e-01 9.912082e-01
      outer loop
         vertex 1.983888e+00 2.842998e-01 1.032067e-01
         vertex 1.867270e+00 2.719876e-01 1.065667e-01
         vertex 1.867334e+00 1.482735e-01 1.229778e-01
      endloop
   endfacet
   facet normal 3.412944e-02 1.314423e-01 9.907361e-01
      outer loop
         vertex 1.867334e+00 1.482735e-01 1.229778e-01
         vertex 1.867270e+00 2.719876e-01 1.065667e-01
         vertex 1.750000e+00 1.713927e-01 1.239525e-01
      endloop
   endfacet
   facet normal 3.265195e-02 1.239007e-01 9.917573e-01
      outer loop
         vertex 1.867334e+00 1.482735e-01 1.229778e-01
         vertex 1.750000e+00 1.713927e-01 1.239525e-01
         vertex 1.750000e+00 1.459084e-01 1.271363e-01
      endloop
   endfacet
   facet normal 1.185764e-02 -8.511314e-02 -9.963007e-01
      outer loop
         vertex 6.418766e-01 -4.574559e-02 -7.886655e-02
         vertex 6.421075e-01 4.878910e-19 -8.277181e-02
         vertex 8.750000e-01 0.000000e+00 -8.000000e-02
      endloop
   endfacet
   facet normal -1.590194e-01 -7.814865e-01 -6.033173e-01
      outer loop
         vertex 3.928121e-01 -1.428807e-01 -2.239926e-02
         vertex 3.908209e-01 -1.565429e-01 -4.177612e-03
         vertex 2.734758e-01 -1.278953e-01 -1.035601e-02
      endloop
   endfacet
   facet normal 6.826143e-03 -8.509193e-02 -9.963497e-01
      outer loop
         vertex 6.421075e-01 4.878910e-19 -8.277181e-02
         vertex 6.418766e-01 -4.574559e-02 -7.886655e-02
         vertex 5.498533e-01 -6.866273e-19 -8.340386e-02
      endloop
   endfacet
   facet normal -1.043969e-01 -5.231156e-01 -8.458436e-01
      outer loop
         vertex 3.976739e-01 -9.851028e-02 -5.533350e-02
         vertex 3.951842e-01 -1.235111e-01 -3.956436e-02
         vertex 2.789202e-01 -1.001285e-01 -3.967569e-02
      endloop
   endfacet
   facet normal -7.388091e-02 -7.344122e-01 -6.746706e-01
      outer loop
         vertex 7.179709e-01 -1.931078e-01 -9.297689e-03
         vertex 6.487214e-01 -1.881713e-01 -7.088049e-03
         vertex 6.391293e-01 -1.820355e-01 -1.271681e-02
      endloop
   endfacet
   facet normal -1.285898e-01 -8.607675e-01 -4.924875e-01
      outer loop
         vertex 1.501785e+00 -3.344479e-01 2.614998e-02
         vertex 1.312528e+00 -3.065985e-01 2.689044e-02
         vertex 1.123552e+00 -2.729210e-01 1.737113e-02
      endloop
   endfacet
   facet normal -1.332275e-01 -8.776986e-01 -4.603212e-01
      outer loop
         vertex 1.123552e+00 -2.729210e-01 1.737113e-02
         vertex 1.312528e+00 -3.065985e-01 2.689044e-02
         vertex 1.093620e+00 -2.769455e-01 3.370771e-02
      endloop
   endfacet
   facet normal -1.377731e-01 -8.731723e-01 -4.675346e-01
      outer loop
         vertex 1.123552e+00 -2.729210e-01 1.737113e-02
         vertex 1.093620e+00 -2.769455e-01 3.370771e-02
         vertex 9.346507e-01 -2.408397e-01 1.312131e-02
      endloop
   endfacet
   facet normal -1.512734e-01 -9.721104e-01 -1.792142e-01
      outer loop
         vertex 1.508823e+00 -3.386728e-01 4.152670e-02
         vertex 1.690937e+00 -3.649918e-01 3.056732e-02
         vertex 1.750000e+00 -3.750000e-01 3.500000e-02
      endloop
   endfacet
   facet normal -1.618332e-01 -9.845659e-01 -6.663340e-02
      outer loop
         vertex 1.750000e+00 -3.750000e-01 3.500000e-02
         vertex 1.690937e+00 -3.649918e-01 3.056732e-02
         vertex 1.738192e+00 -3.728324e-01 3.165141e-02
      endloop
   endfacet
   facet normal -1.649015e-01 -9.847238e-01 -5.591571e-02
      outer loop
         vertex 1.750000e+00 -3.750000e-01 3.500000e-02
         vertex 1.738192e+00 -3.728324e-01 3.165141e-02
         vertex 1.750000e+00 -3.748251e-01 3.191916e-02
      endloop
   endfacet
   facet normal -1.429882e-01 -8.792817e-01 -4.543326e-01
      outer loop
         vertex 8.750000e-01 -2.449171e-01 3.978569e-02
         vertex 8.751033e-01 -2.304767e-01 1.180624e-02
         vertex 9.346507e-01 -2.408397e-01 1.312131e-02
      endloop
   endfacet
   facet normal -1.278951e-01 -9.302902e-01 -3.438066e-01
      outer loop
         vertex 5.066532e-01 -1.785756e-01 2.504593e-03
         vertex 5.516353e-01 -1.851700e-01 3.614922e-03
         vertex 6.386607e-01 -1.994156e-01 9.788224e-03
      endloop
   endfacet
   facet normal -9.478036e-02 -8.222148e-01 -5.612303e-01
      outer loop
         vertex 6.386607e-01 -1.994156e-01 9.788224e-03
         vertex 5.516353e-01 -1.851700e-01 3.614922e-03
         vertex 7.453762e-01 -2.109409e-01 8.651007e-03
      endloop
   endfacet
   facet normal -9.495309e-02 -8.240889e-01 -5.584455e-01
      outer loop
         vertex 6.386607e-01 -1.994156e-01 9.788224e-03
         vertex 7.453762e-01 -2.109409e-01 8.651007e-03
         vertex 7.604455e-01 -2.158255e-01 1.329682e-02
      endloop
   endfacet
   facet normal -9.821381e-02 -8.280309e-01 -5.520135e-01
      outer loop
         vertex 7.604455e-01 -2.158255e-01 1.329682e-02
         vertex 7.453762e-01 -2.109409e-01 8.651007e-03
         vertex 7.604877e-01 -2.129926e-01 9.039941e-03
      endloop
   endfacet
   facet normal -1.095557e-01 -8.269927e-01 -5.514350e-01
      outer loop
         vertex 7.604455e-01 -2.158255e-01 1.329682e-02
         vertex 7.604877e-01 -2.129926e-01 9.039941e-03
         vertex 8.545601e-01 -2.269912e-01 1.134404e-02
      endloop
   endfacet
   facet normal -1.479845e-01 -9.205890e-01 -3.614089e-01
      outer loop
         vertex 3.894503e-01 -1.646375e-01 1.499175e-02
         vertex 3.952208e-01 -1.596796e-01 3.903128e-18
         vertex 5.066532e-01 -1.785756e-01 2.504593e-03
      endloop
   endfacet
   facet normal -9.310996e-02 -7.481890e-01 -6.569199e-01
      outer loop
         vertex 6.391293e-01 -1.820355e-01 -1.271681e-02
         vertex 6.487214e-01 -1.881713e-01 -7.088049e-03
         vertex 3.928121e-01 -1.428807e-01 -2.239926e-02
      endloop
   endfacet
   facet normal -9.110018e-02 -7.400298e-01 -6.663758e-01
      outer loop
         vertex 6.487214e-01 -1.881713e-01 -7.088049e-03
         vertex 4.752389e-01 -1.714204e-01 -1.973635e-03
         vertex 3.928121e-01 -1.428807e-01 -2.239926e-02
      endloop
   endfacet
   facet normal -1.273225e-01 -7.935691e-01 -5.950101e-01
      outer loop
         vertex 3.928121e-01 -1.428807e-01 -2.239926e-02
         vertex 4.752389e-01 -1.714204e-01 -1.973635e-03
         vertex 4.149429e-01 -1.628838e-01 -4.566470e-04
      endloop
   endfacet
   facet normal -1.141983e-01 -7.888220e-01 -6.039193e-01
      outer loop
         vertex 3.928121e-01 -1.428807e-01 -2.239926e-02
         vertex 4.149429e-01 -1.628838e-01 -4.566470e-04
         vertex 3.908209e-01 -1.565429e-01 -4.177612e-03
      endloop
   endfacet
   facet normal -1.496819e-01 -8.578787e-01 -4.915683e-01
      outer loop
         vertex 3.908209e-01 -1.565429e-01 -4.177612e-03
         vertex 4.149429e-01 -1.628838e-01 -4.566470e-04
         vertex 3.999133e-01 -1.604619e-01 -1.067335e-04
      endloop
   endfacet
   facet normal -1.543770e-01 -8.611909e-01 -4.842706e-01
      outer loop
         vertex 3.908209e-01 -1.565429e-01 -4.177612e-03
         vertex 3.999133e-01 -1.604619e-01 -1.067335e-04
         vertex 3.961591e-01 -1.598370e-01 -2.124515e-05
      endloop
   endfacet
   facet normal -7.415453e-02 -7.358626e-01 -6.730582e-01
      outer loop
         vertex 6.391293e-01 -1.820355e-01 -1.271681e-02
         vertex 7.604198e-01 -1.960395e-01 -1.076929e-02
         vertex 7.179709e-01 -1.931078e-01 -9.297689e-03
      endloop
   endfacet
   facet normal -5.142350e-02 -2.606556e-01 -9.640614e-01
      outer loop
         vertex 7.179709e-01 -1.931078e-01 -9.297689e-03
         vertex 7.604198e-01 -1.960395e-01 -1.076929e-02
         vertex 8.750000e-01 -2.072795e-01 -1.384205e-02
      endloop
   endfacet
   facet normal -1.749666e-02 1.242588e-01 -9.920956e-01
      outer loop
         vertex 7.179709e-01 -1.931078e-01 -9.297689e-03
         vertex 8.750000e-01 -2.072795e-01 -1.384205e-02
         vertex 9.096854e-01 -2.114154e-01 -1.497178e-02
      endloop
   endfacet
   facet normal 8.053380e-02 8.272720e-01 -5.559995e-01
      outer loop
         vertex 9.096854e-01 -2.114154e-01 -1.497178e-02
         vertex 8.750000e-01 -2.072795e-01 -1.384205e-02
         vertex 1.065876e+00 -2.295229e-01 -1.929054e-02
      endloop
   endfacet
   facet normal -3.860765e-02 -9.578802e-02 -9.946528e-01
      outer loop
         vertex 9.096854e-01 -2.114154e-01 -1.497178e-02
         vertex 1.065876e+00 -2.295229e-01 -1.929054e-02
         vertex 9.603858e-01 -2.176139e-01 -1.634279e-02
      endloop
   endfacet
   facet normal -6.122362e-02 -5.080954e-01 -8.591220e-01
      outer loop
         vertex 1.144143e+00 -2.371956e-01 -2.158940e-02
         vertex 1.094291e+00 -1.966030e-01 -4.204373e-02
         vertex 1.327482e+00 -2.492167e-01 -2.754520e-02
      endloop
   endfacet
   facet normal -4.347629e-02 -4.398763e-01 -8.970054e-01
      outer loop
         vertex 1.327482e+00 -2.492167e-01 -2.754520e-02
         vertex 1.094291e+00 -1.966030e-01 -4.204373e-02
         vertex 1.312303e+00 -2.241556e-01 -3.909907e-02
      endloop
   endfacet
   facet normal -3.690484e-02 -4.367381e-01 -8.988314e-01
      outer loop
         vertex 1.327482e+00 -2.492167e-01 -2.754520e-02
         vertex 1.312303e+00 -2.241556e-01 -3.909907e-02
         vertex 1.465187e+00 -2.500275e-01 -3.280526e-02
      endloop
   endfacet
   facet normal -2.441639e-02 -3.701906e-01 -9.286349e-01
      outer loop
         vertex 1.465187e+00 -2.500275e-01 -3.280526e-02
         vertex 1.312303e+00 -2.241556e-01 -3.909907e-02
         vertex 1.523499e+00 -2.476286e-01 -3.529473e-02
      endloop
   endfacet
   facet normal -4.952549e-03 -2.684364e-01 -9.632847e-01
      outer loop
         vertex 1.652588e+00 -2.351093e-01 -4.149374e-02
         vertex 1.530412e+00 -1.994135e-01 -5.081288e-02
         vertex 1.706159e+00 -2.252804e-01 -4.450818e-02
      endloop
   endfacet
   facet normal 1.942570e-03 -2.243254e-01 -9.745124e-01
      outer loop
         vertex 1.706159e+00 -2.252804e-01 -4.450818e-02
         vertex 1.530412e+00 -1.994135e-01 -5.081288e-02
         vertex 1.750000e+00 -2.120258e-01 -4.747190e-02
      endloop
   endfacet
   facet normal -3.640974e-01 -3.503703e-01 -8.629448e-01
      outer loop
         vertex 8.136015e-02 -2.096674e-02 -3.111582e-02
         vertex 7.751465e-02 -3.873561e-02 -2.227884e-02
         vertex 3.642774e-02 -2.007550e-02 -1.251960e-02
      endloop
   endfacet
   facet normal -5.043484e-02 -5.126824e-01 -8.570957e-01
      outer loop
         vertex 6.397671e-01 -1.574612e-01 -3.364889e-02
         vertex 3.951842e-01 -1.235111e-01 -3.956436e-02
         vertex 6.405371e-01 -1.257963e-01 -5.263493e-02
      endloop
   endfacet
   facet normal -5.005071e-02 -5.292499e-01 -8.469885e-01
      outer loop
         vertex 6.405371e-01 -1.257963e-01 -5.263493e-02
         vertex 3.951842e-01 -1.235111e-01 -3.956436e-02
         vertex 3.976739e-01 -9.851028e-02 -5.533350e-02
      endloop
   endfacet
   facet normal -3.270062e-02 -3.823824e-01 -9.234254e-01
      outer loop
         vertex 6.405371e-01 -1.257963e-01 -5.263493e-02
         vertex 3.976739e-01 -9.851028e-02 -5.533350e-02
         vertex 6.412967e-01 -8.811774e-02 -6.826420e-02
      endloop
   endfacet
   facet normal -1.404012e-01 -2.380584e-01 -9.610493e-01
      outer loop
         vertex 1.773390e-01 -3.942992e-02 -5.145422e-02
         vertex 1.792030e-01 -2.023933e-02 -5.648018e-02
         vertex 2.846293e-01 -5.538307e-02 -6.317672e-02
      endloop
   endfacet
   facet normal -1.432222e-01 -2.470325e-01 -9.583644e-01
      outer loop
         vertex 2.846293e-01 -5.538307e-02 -6.317672e-02
         vertex 1.792030e-01 -2.023933e-02 -5.648018e-02
         vertex 2.865581e-01 -2.854888e-02 -7.038187e-02
      endloop
   endfacet
   facet normal -7.363407e-02 -2.536770e-01 -9.644822e-01
      outer loop
         vertex 2.846293e-01 -5.538307e-02 -6.317672e-02
         vertex 2.865581e-01 -2.854888e-02 -7.038187e-02
         vertex 3.999238e-01 -6.881972e-02 -6.844487e-02
      endloop
   endfacet
   facet normal -7.457509e-02 -2.562893e-01 -9.637190e-01
      outer loop
         vertex 3.999238e-01 -6.881972e-02 -6.844487e-02
         vertex 2.865581e-01 -2.854888e-02 -7.038187e-02
         vertex 4.015531e-01 -3.559707e-02 -7.740611e-02
      endloop
   endfacet
   facet normal -1.683104e-02 -2.596190e-01 -9.655644e-01
      outer loop
         vertex 3.999238e-01 -6.881972e-02 -6.844487e-02
         vertex 4.015531e-01 -3.559707e-02 -7.740611e-02
         vertex 6.418766e-01 -4.574559e-02 -7.886655e-02
      endloop
   endfacet
   facet normal -1.797407e-02 -1.344265e-01 -9.907605e-01
      outer loop
         vertex 5.498533e-01 -6.866273e-19 -8.340386e-02
         vertex 6.418766e-01 -4.574559e-02 -7.886655e-02
         vertex 4.021809e-01 -3.035766e-18 -8.072483e-02
      endloop
   endfacet
   facet normal -9.962958e-03 -9.264878e-02 -9.956490e-01
      outer loop
         vertex 4.021809e-01 -3.035766e-18 -8.072483e-02
         vertex 6.418766e-01 -4.574559e-02 -7.886655e-02
         vertex 4.015531e-01 -3.559707e-02 -7.740611e-02
      endloop
   endfacet
   facet normal -6.667364e-02 -9.145529e-02 -9.935746e-01
      outer loop
         vertex 4.021809e-01 -3.035766e-18 -8.072483e-02
         vertex 4.015531e-01 -3.559707e-02 -7.740611e-02
         vertex 2.865975e-01 -4.580959e-18 -7.296862e-02
      endloop
   endfacet
   facet normal -6.621385e-02 -8.994951e-02 -9.937428e-01
      outer loop
         vertex 2.865975e-01 -4.580959e-18 -7.296862e-02
         vertex 4.015531e-01 -3.559707e-02 -7.740611e-02
         vertex 2.865581e-01 -2.854888e-02 -7.038187e-02
      endloop
   endfacet
   facet normal -1.355315e-01 -8.922004e-02 -9.867477e-01
      outer loop
         vertex 2.865975e-01 -4.580959e-18 -7.296862e-02
         vertex 2.865581e-01 -2.854888e-02 -7.038187e-02
         vertex 1.799137e-01 -5.041540e-18 -5.831543e-02
      endloop
   endfacet
   facet normal -1.344110e-01 -8.480519e-02 -9.872901e-01
      outer loop
         vertex 1.799137e-01 -5.041540e-18 -5.831543e-02
         vertex 2.865581e-01 -2.854888e-02 -7.038187e-02
         vertex 1.792030e-01 -2.023933e-02 -5.648018e-02
      endloop
   endfacet
   facet normal -2.170760e-01 -8.059047e-02 -9.728223e-01
      outer loop
         vertex 1.799137e-01 -5.041540e-18 -5.831543e-02
         vertex 1.792030e-01 -2.023933e-02 -5.648018e-02
         vertex 1.134971e-01 -4.408168e-18 -4.349519e-02
      endloop
   endfacet
   facet normal -2.543560e-01 -2.218244e-01 -9.413272e-01
      outer loop
         vertex 1.134971e-01 -4.408168e-18 -4.349519e-02
         vertex 1.792030e-01 -2.023933e-02 -5.648018e-02
         vertex 1.773390e-01 -3.942992e-02 -5.145422e-02
      endloop
   endfacet
   facet normal -2.714564e-01 -2.520271e-01 -9.288669e-01
      outer loop
         vertex 1.134971e-01 -4.408168e-18 -4.349519e-02
         vertex 1.773390e-01 -3.942992e-02 -5.145422e-02
         vertex 8.311933e-02 -3.747274e-18 -3.461745e-02
      endloop
   endfacet
   facet normal -2.311712e-01 -1.413646e-01 -9.625881e-01
      outer loop
         vertex 8.311933e-02 -3.747274e-18 -3.461745e-02
         vertex 1.773390e-01 -3.942992e-02 -5.145422e-02
         vertex 8.136015e-02 -2.096674e-02 -3.111582e-02
      endloop
   endfacet
   facet normal -3.816419e-01 -1.210181e-01 -9.163537e-01
      outer loop
         vertex 8.311933e-02 -3.747274e-18 -3.461745e-02
         vertex 8.136015e-02 -2.096674e-02 -3.111582e-02
         vertex 0.000000e+00 0.000000e+00 0.000000e+00
      endloop
   endfacet
   facet normal -3.816497e-01 -1.210616e-01 -9.163447e-01
      outer loop
         vertex 3.642774e-02 -2.007550e-02 -1.251960e-02
         vertex 0.000000e+00 0.000000e+00 0.000000e+00
         vertex 8.136015e-02 -2.096674e-02 -3.111582e-02
      endloop
   endfacet
   facet normal -1.273962e-02 -2.931801e-01 -9.559723e-01
      outer loop
         vertex 1.652588e+00 -2.351093e-01 -4.149374e-02
         vertex 1.591470e+00 -2.424692e-01 -3.842213e-02
         vertex 1.530412e+00 -1.994135e-01 -5.081288e-02
      endloop
   endfacet
   facet normal -2.078295e-02 -3.036075e-01 -9.525705e-01
      outer loop
         vertex 1.530412e+00 -1.994135e-01 -5.081288e-02
         vertex 1.591470e+00 -2.424692e-01 -3.842213e-02
         vertex 1.523499e+00 -2.476286e-01 -3.529473e-02
      endloop
   endfacet
   facet normal -6.719474e-03 -3.054949e-01 -9.521700e-01
      outer loop
         vertex 1.530412e+00 -1.994135e-01 -5.081288e-02
         vertex 1.523499e+00 -2.476286e-01 -3.529473e-02
         vertex 1.312446e+00 -1.778466e-01 -5.619424e-02
      endloop
   endfacet
   facet normal -2.157951e-02 -3.461715e-01 -9.379230e-01
      outer loop
         vertex 1.312446e+00 -1.778466e-01 -5.619424e-02
         vertex 1.523499e+00 -2.476286e-01 -3.529473e-02
         vertex 1.312303e+00 -2.241556e-01 -3.909907e-02
      endloop
   endfacet
   facet normal -2.449316e-02 -3.461403e-01 -9.378630e-01
      outer loop
         vertex 1.312446e+00 -1.778466e-01 -5.619424e-02
         vertex 1.312303e+00 -2.241556e-01 -3.909907e-02
         vertex 1.094508e+00 -1.546918e-01 -5.904837e-02
      endloop
   endfacet
   facet normal -3.495694e-02 -3.755789e-01 -9.261309e-01
      outer loop
         vertex 1.094508e+00 -1.546918e-01 -5.904837e-02
         vertex 1.312303e+00 -2.241556e-01 -3.909907e-02
         vertex 1.094291e+00 -1.966030e-01 -4.204373e-02
      endloop
   endfacet
   facet normal -4.531477e-02 -3.753764e-01 -9.257641e-01
      outer loop
         vertex 1.094508e+00 -1.546918e-01 -5.904837e-02
         vertex 1.094291e+00 -1.966030e-01 -4.204373e-02
         vertex 8.750000e-01 -1.397368e-01 -5.436773e-02
      endloop
   endfacet
   facet normal -6.456610e-02 -4.427946e-01 -8.942953e-01
      outer loop
         vertex 8.750000e-01 -1.397368e-01 -5.436773e-02
         vertex 1.094291e+00 -1.966030e-01 -4.204373e-02
         vertex 8.750000e-01 -1.767420e-01 -3.604522e-02
      endloop
   endfacet
   facet normal 5.485151e-02 -2.887855e-02 -9.980768e-01
      outer loop
         vertex 1.727421e+00 3.690329e-19 -6.680635e-02
         vertex 1.750000e+00 -3.189150e-02 -6.464274e-02
         vertex 1.530874e+00 1.382358e-18 -7.760804e-02
      endloop
   endfacet
   facet normal 5.189939e-02 -4.890927e-02 -9.974539e-01
      outer loop
         vertex 1.530874e+00 1.382358e-18 -7.760804e-02
         vertex 1.750000e+00 -3.189150e-02 -6.464274e-02
         vertex 1.530778e+00 -7.246564e-02 -7.405978e-02
      endloop
   endfacet
   facet normal 2.482854e-02 -4.892412e-02 -9.984939e-01
      outer loop
         vertex 1.530874e+00 1.382358e-18 -7.760804e-02
         vertex 1.530778e+00 -7.246564e-02 -7.405978e-02
         vertex 1.407312e+00 6.439026e-19 -8.068053e-02
      endloop
   endfacet
   facet normal 1.788938e-02 -6.070137e-02 -9.979956e-01
      outer loop
         vertex 1.407312e+00 6.439026e-19 -8.068053e-02
         vertex 1.530778e+00 -7.246564e-02 -7.405978e-02
         vertex 1.312874e+00 -6.429247e-02 -7.846288e-02
      endloop
   endfacet
   facet normal 5.358083e-02 -5.812959e-02 -9.968701e-01
      outer loop
         vertex 1.750000e+00 -3.189150e-02 -6.464274e-02
         vertex 1.750000e+00 -1.273557e-01 -5.907602e-02
         vertex 1.530778e+00 -7.246564e-02 -7.405978e-02
      endloop
   endfacet
   facet normal 3.252551e-02 -1.402323e-01 -9.895842e-01
      outer loop
         vertex 1.530778e+00 -7.246564e-02 -7.405978e-02
         vertex 1.750000e+00 -1.273557e-01 -5.907602e-02
         vertex 1.530578e+00 -1.395704e-01 -6.455703e-02
      endloop
   endfacet
   facet normal 1.474464e-02 -1.402395e-01 -9.900078e-01
      outer loop
         vertex 1.530778e+00 -7.246564e-02 -7.405978e-02
         vertex 1.530578e+00 -1.395704e-01 -6.455703e-02
         vertex 1.312874e+00 -6.429247e-02 -7.846288e-02
      endloop
   endfacet
   facet normal 1.274570e-02 -1.458751e-01 -9.892209e-01
      outer loop
         vertex 1.312874e+00 -6.429247e-02 -7.846288e-02
         vertex 1.530578e+00 -1.395704e-01 -6.455703e-02
         vertex 1.312669e+00 -1.240668e-01 -6.965093e-02
      endloop
   endfacet
   facet normal -5.230225e-03 -1.458246e-01 -9.892966e-01
      outer loop
         vertex 1.312874e+00 -6.429247e-02 -7.846288e-02
         vertex 1.312669e+00 -1.240668e-01 -6.965093e-02
         vertex 1.094784e+00 -5.544630e-02 -7.861383e-02
      endloop
   endfacet
   facet normal -3.502456e-03 -1.404412e-01 -9.900828e-01
      outer loop
         vertex 1.094784e+00 -5.544630e-02 -7.861383e-02
         vertex 1.312669e+00 -1.240668e-01 -6.965093e-02
         vertex 1.094676e+00 -1.073249e-01 -7.125457e-02
      endloop
   endfacet
   facet normal -1.074510e-02 -1.404192e-01 -9.900338e-01
      outer loop
         vertex 1.094784e+00 -5.544630e-02 -7.861383e-02
         vertex 1.094676e+00 -1.073249e-01 -7.125457e-02
         vertex 8.750000e-01 -5.035718e-02 -7.695026e-02
      endloop
   endfacet
   facet normal -2.203037e-02 -1.832161e-01 -9.828258e-01
      outer loop
         vertex 8.750000e-01 -5.035718e-02 -7.695026e-02
         vertex 1.094676e+00 -1.073249e-01 -7.125457e-02
         vertex 8.750000e-01 -9.727228e-02 -6.820446e-02
      endloop
   endfacet
   facet normal -6.927134e-03 -1.832562e-01 -9.830408e-01
      outer loop
         vertex 8.750000e-01 -5.035718e-02 -7.695026e-02
         vertex 8.750000e-01 -9.727228e-02 -6.820446e-02
         vertex 6.412967e-01 -8.811774e-02 -6.826420e-02
      endloop
   endfacet
   facet normal -1.416497e-02 -3.676812e-01 -9.298440e-01
      outer loop
         vertex 6.412967e-01 -8.811774e-02 -6.826420e-02
         vertex 8.750000e-01 -9.727228e-02 -6.820446e-02
         vertex 7.605882e-01 -1.343738e-01 -5.179077e-02
      endloop
   endfacet
   facet normal -2.084921e-02 -3.827079e-01 -9.236341e-01
      outer loop
         vertex 6.412967e-01 -8.811774e-02 -6.826420e-02
         vertex 7.605882e-01 -1.343738e-01 -5.179077e-02
         vertex 6.405371e-01 -1.257963e-01 -5.263493e-02
      endloop
   endfacet
   facet normal -2.864377e-02 -4.868212e-01 -8.730318e-01
      outer loop
         vertex 6.405371e-01 -1.257963e-01 -5.263493e-02
         vertex 7.605882e-01 -1.343738e-01 -5.179077e-02
         vertex 7.604590e-01 -1.687540e-01 -3.261541e-02
      endloop
   endfacet
   facet normal -4.066632e-02 -5.130863e-01 -8.573731e-01
      outer loop
         vertex 6.405371e-01 -1.257963e-01 -5.263493e-02
         vertex 7.604590e-01 -1.687540e-01 -3.261541e-02
         vertex 6.397671e-01 -1.574612e-01 -3.364889e-02
      endloop
   endfacet
   facet normal 3.228975e-02 -1.357110e-01 -9.902221e-01
      outer loop
         vertex 1.750000e+00 -1.273557e-01 -5.907602e-02
         vertex 1.750000e+00 -2.120258e-01 -4.747190e-02
         vertex 1.530578e+00 -1.395704e-01 -6.455703e-02
      endloop
   endfacet
   facet normal 1.971734e-03 -2.238468e-01 -9.746224e-01
      outer loop
         vertex 1.530578e+00 -1.395704e-01 -6.455703e-02
         vertex 1.750000e+00 -2.120258e-01 -4.747190e-02
         vertex 1.530412e+00 -1.994135e-01 -5.081288e-02
      endloop
   endfacet
   facet normal 6.855826e-03 -2.238549e-01 -9.745984e-01
      outer loop
         vertex 1.530578e+00 -1.395704e-01 -6.455703e-02
         vertex 1.530412e+00 -1.994135e-01 -5.081288e-02
         vertex 1.312669e+00 -1.240668e-01 -6.965093e-02
      endloop
   endfacet
   facet normal -6.706577e-05 -2.427346e-01 -9.700927e-01
      outer loop
         vertex 1.312669e+00 -1.240668e-01 -6.965093e-02
         vertex 1.530412e+00 -1.994135e-01 -5.081288e-02
         vertex 1.312446e+00 -1.778466e-01 -5.619424e-02
      endloop
   endfacet
   facet normal -1.150134e-02 -2.426740e-01 -9.700397e-01
      outer loop
         vertex 1.312669e+00 -1.240668e-01 -6.965093e-02
         vertex 1.312446e+00 -1.778466e-01 -5.619424e-02
         vertex 1.094676e+00 -1.073249e-01 -7.125457e-02
      endloop
   endfacet
   facet normal -1.382436e-02 -2.494724e-01 -9.682832e-01
      outer loop
         vertex 1.094676e+00 -1.073249e-01 -7.125457e-02
         vertex 1.312446e+00 -1.778466e-01 -5.619424e-02
         vertex 1.094508e+00 -1.546918e-01 -5.904837e-02
      endloop
   endfacet
   facet normal -2.485358e-02 -2.493826e-01 -9.680861e-01
      outer loop
         vertex 1.094676e+00 -1.073249e-01 -7.125457e-02
         vertex 1.094508e+00 -1.546918e-01 -5.904837e-02
         vertex 8.750000e-01 -9.727228e-02 -6.820446e-02
      endloop
   endfacet
   facet normal -4.134618e-02 -3.095454e-01 -9.499853e-01
      outer loop
         vertex 8.750000e-01 -9.727228e-02 -6.820446e-02
         vertex 1.094508e+00 -1.546918e-01 -5.904837e-02
         vertex 8.750000e-01 -1.397368e-01 -5.436773e-02
      endloop
   endfacet
   facet normal -3.591431e-02 -3.096105e-01 -9.501850e-01
      outer loop
         vertex 8.750000e-01 -9.727228e-02 -6.820446e-02
         vertex 8.750000e-01 -1.397368e-01 -5.436773e-02
         vertex 7.605882e-01 -1.343738e-01 -5.179077e-02
      endloop
   endfacet
   facet normal -4.094953e-02 -4.433483e-01 -8.954135e-01
      outer loop
         vertex 7.605882e-01 -1.343738e-01 -5.179077e-02
         vertex 8.750000e-01 -1.397368e-01 -5.436773e-02
         vertex 8.750000e-01 -1.767420e-01 -3.604522e-02
      endloop
   endfacet
   facet normal -6.000442e-02 -4.860535e-01 -8.718667e-01
      outer loop
         vertex 7.605882e-01 -1.343738e-01 -5.179077e-02
         vertex 8.750000e-01 -1.767420e-01 -3.604522e-02
         vertex 7.604590e-01 -1.687540e-01 -3.261541e-02
      endloop
   endfacet
   facet normal -1.535142e-01 -9.661271e-01 -2.074413e-01
      outer loop
         vertex 8.750000e-01 -2.500000e-01 7.000000e-02
         vertex 1.093620e+00 -2.769455e-01 3.370771e-02
         vertex 1.048319e+00 -2.767702e-01 6.641604e-02
      endloop
   endfacet
   facet normal -1.375729e-01 -9.729995e-01 -1.853257e-01
      outer loop
         vertex 1.048319e+00 -2.767702e-01 6.641604e-02
         vertex 1.093620e+00 -2.769455e-01 3.370771e-02
         vertex 1.312528e+00 -3.065985e-01 2.689044e-02
      endloop
   endfacet
   facet normal -1.421735e-01 -9.645147e-01 -2.224817e-01
      outer loop
         vertex 1.048319e+00 -2.767702e-01 6.641604e-02
         vertex 1.312528e+00 -3.065985e-01 2.689044e-02
         vertex 1.312585e+00 -3.125142e-01 5.250000e-02
      endloop
   endfacet
   facet normal -1.427873e-01 -9.644289e-01 -2.224605e-01
      outer loop
         vertex 1.312585e+00 -3.125142e-01 5.250000e-02
         vertex 1.312528e+00 -3.065985e-01 2.689044e-02
         vertex 1.501785e+00 -3.344479e-01 2.614998e-02
      endloop
   endfacet
   facet normal -1.404982e-01 -9.692539e-01 -2.020078e-01
      outer loop
         vertex 1.312585e+00 -3.125142e-01 5.250000e-02
         vertex 1.501785e+00 -3.344479e-01 2.614998e-02
         vertex 1.508823e+00 -3.386728e-01 4.152670e-02
      endloop
   endfacet
   facet normal -1.667881e-01 -9.676068e-01 -1.895225e-01
      outer loop
         vertex 1.508823e+00 -3.386728e-01 4.152670e-02
         vertex 1.501785e+00 -3.344479e-01 2.614998e-02
         vertex 1.531537e+00 -3.403795e-01 3.025118e-02
      endloop
   endfacet
   facet normal -1.504454e-01 -9.763477e-01 -1.552782e-01
      outer loop
         vertex 1.508823e+00 -3.386728e-01 4.152670e-02
         vertex 1.531537e+00 -3.403795e-01 3.025118e-02
         vertex 1.690937e+00 -3.649918e-01 3.056732e-02
      endloop
   endfacet
   facet normal -1.444320e-01 -9.394018e-01 -3.109078e-01
      outer loop
         vertex 1.690937e+00 -3.649918e-01 3.056732e-02
         vertex 1.531537e+00 -3.403795e-01 3.025118e-02
         vertex 1.501785e+00 -3.344479e-01 2.614998e-02
      endloop
   endfacet
   facet normal -2.327840e-01 -9.632065e-01 -1.343311e-01
      outer loop
         vertex 3.894503e-01 -1.646375e-01 1.499175e-02
         vertex 3.889402e-01 -1.673046e-01 3.500000e-02
         vertex 2.717289e-01 -1.348747e-01 5.581671e-03
      endloop
   endfacet
   facet normal -2.608720e-01 -9.650633e-01 -2.446697e-02
      outer loop
         vertex 2.717289e-01 -1.348747e-01 5.581671e-03
         vertex 3.889402e-01 -1.673046e-01 3.500000e-02
         vertex 2.208818e-01 -1.214134e-01 1.676436e-02
      endloop
   endfacet
   facet normal -2.979821e-01 -9.228573e-01 -2.440104e-01
      outer loop
         vertex 2.717289e-01 -1.348747e-01 5.581671e-03
         vertex 2.208818e-01 -1.214134e-01 1.676436e-02
         vertex 1.645536e-01 -9.844429e-02 -1.318497e-03
      endloop
   endfacet
   facet normal -3.285220e-01 -9.309827e-01 -1.591995e-01
      outer loop
         vertex 1.645536e-01 -9.844429e-02 -1.318497e-03
         vertex 2.208818e-01 -1.214134e-01 1.676436e-02
         vertex 1.638869e-01 -1.003049e-01 1.093750e-02
      endloop
   endfacet
   facet normal -4.260640e-01 -8.907195e-01 -1.583925e-01
      outer loop
         vertex 1.645536e-01 -9.844429e-02 -1.318497e-03
         vertex 1.638869e-01 -1.003049e-01 1.093750e-02
         vertex 7.246397e-02 -5.395113e-02 -3.811479e-03
      endloop
   endfacet
   facet normal -3.833499e-01 -8.617842e-01 -3.322211e-01
      outer loop
         vertex 7.246397e-02 -5.395113e-02 -3.811479e-03
         vertex 1.638869e-01 -1.003049e-01 1.093750e-02
         vertex 8.344816e-02 -6.178518e-02 3.835447e-03
      endloop
   endfacet
   facet normal -5.506943e-01 -8.324190e-01 -6.176058e-02
      outer loop
         vertex 7.246397e-02 -5.395113e-02 -3.811479e-03
         vertex 8.344816e-02 -6.178518e-02 3.835447e-03
         vertex 3.349505e-02 -2.824501e-02 -2.812377e-03
      endloop
   endfacet
   facet normal -5.311811e-01 -8.273266e-01 -1.826945e-01
      outer loop
         vertex 3.349505e-02 -2.824501e-02 -2.812377e-03
         vertex 8.344816e-02 -6.178518e-02 3.835447e-03
         vertex 3.322017e-02 -2.886317e-02 7.861328e-04
      endloop
   endfacet
   facet normal -6.431095e-01 -7.450129e-01 -1.771042e-01
      outer loop
         vertex 3.349505e-02 -2.824501e-02 -2.812377e-03
         vertex 3.322017e-02 -2.886317e-02 7.861328e-04
         vertex 0.000000e+00 0.000000e+00 0.000000e+00
      endloop
   endfacet
   facet normal -1.454560e-01 -9.360365e-01 -3.204343e-01
      outer loop
         vertex 3.894503e-01 -1.646375e-01 1.499175e-02
         vertex 5.066532e-01 -1.785756e-01 2.504593e-03
         vertex 6.383719e-01 -2.097412e-01 3.375255e-02
      endloop
   endfacet
   facet normal -1.220767e-01 -9.109728e-01 -3.939870e-01
      outer loop
         vertex 6.383719e-01 -2.097412e-01 3.375255e-02
         vertex 5.066532e-01 -1.785756e-01 2.504593e-03
         vertex 6.386607e-01 -1.994156e-01 9.788224e-03
      endloop
   endfacet
   facet normal -1.173992e-01 -9.115115e-01 -3.941627e-01
      outer loop
         vertex 6.383719e-01 -2.097412e-01 3.375255e-02
         vertex 6.386607e-01 -1.994156e-01 9.788224e-03
         vertex 7.604926e-01 -2.278726e-01 3.930871e-02
      endloop
   endfacet
   facet normal -1.095133e-01 -9.020244e-01 -4.175630e-01
      outer loop
         vertex 7.604926e-01 -2.278726e-01 3.930871e-02
         vertex 6.386607e-01 -1.994156e-01 9.788224e-03
         vertex 7.604455e-01 -2.158255e-01 1.329682e-02
      endloop
   endfacet
   facet normal -1.321627e-01 -8.995380e-01 -4.163705e-01
      outer loop
         vertex 7.604926e-01 -2.278726e-01 3.930871e-02
         vertex 7.604455e-01 -2.158255e-01 1.329682e-02
         vertex 8.750000e-01 -2.449171e-01 3.978569e-02
      endloop
   endfacet
   facet normal -1.135985e-01 -8.753048e-01 -4.700393e-01
      outer loop
         vertex 8.750000e-01 -2.449171e-01 3.978569e-02
         vertex 7.604455e-01 -2.158255e-01 1.329682e-02
         vertex 8.545601e-01 -2.269912e-01 1.134404e-02
      endloop
   endfacet
   facet normal -1.390423e-01 -8.797871e-01 -4.545789e-01
      outer loop
         vertex 8.750000e-01 -2.449171e-01 3.978569e-02
         vertex 8.545601e-01 -2.269912e-01 1.134404e-02
         vertex 8.751033e-01 -2.304767e-01 1.180624e-02
      endloop
   endfacet
   facet normal -1.416148e-01 -8.809533e-01 -4.515158e-01
      outer loop
         vertex 9.346507e-01 -2.408397e-01 1.312131e-02
         vertex 1.093620e+00 -2.769455e-01 3.370771e-02
         vertex 8.750000e-01 -2.449171e-01 3.978569e-02
      endloop
   endfacet
   facet normal -1.474550e-01 -9.753633e-01 -1.640838e-01
      outer loop
         vertex 8.750000e-01 -2.449171e-01 3.978569e-02
         vertex 1.093620e+00 -2.769455e-01 3.370771e-02
         vertex 8.750000e-01 -2.500000e-01 7.000000e-02
      endloop
   endfacet
   facet normal -1.445627e-01 -9.757842e-01 -1.641546e-01
      outer loop
         vertex 8.750000e-01 -2.449171e-01 3.978569e-02
         vertex 8.750000e-01 -2.500000e-01 7.000000e-02
         vertex 7.604926e-01 -2.278726e-01 3.930871e-02
      endloop
   endfacet
   facet normal -1.512612e-01 -9.783809e-01 -1.410350e-01
      outer loop
         vertex 7.604926e-01 -2.278726e-01 3.930871e-02
         vertex 8.750000e-01 -2.500000e-01 7.000000e-02
         vertex 7.690913e-01 -2.332504e-01 6.739350e-02
      endloop
   endfacet
   facet normal -1.388457e-01 -9.796300e-01 -1.450754e-01
      outer loop
         vertex 7.604926e-01 -2.278726e-01 3.930871e-02
         vertex 7.690913e-01 -2.332504e-01 6.739350e-02
         vertex 6.383719e-01 -2.097412e-01 3.375255e-02
      endloop
   endfacet
   facet normal -1.422465e-01 -9.808903e-01 -1.327412e-01
      outer loop
         vertex 6.383719e-01 -2.097412e-01 3.375255e-02
         vertex 7.690913e-01 -2.332504e-01 6.739350e-02
         vertex 6.382734e-01 -2.131521e-01 5.906250e-02
      endloop
   endfacet
   facet normal -1.670615e-01 -9.770274e-01 -1.323173e-01
      outer loop
         vertex 6.383719e-01 -2.097412e-01 3.375255e-02
         vertex 6.382734e-01 -2.131521e-01 5.906250e-02
         vertex 3.894503e-01 -1.646375e-01 1.499175e-02
      endloop
   endfacet
   facet normal -1.514076e-01 -9.661767e-01 -2.087540e-01
      outer loop
         vertex 3.894503e-01 -1.646375e-01 1.499175e-02
         vertex 6.382734e-01 -2.131521e-01 5.906250e-02
         vertex 4.351754e-01 -1.771914e-01 3.993087e-02
      endloop
   endfacet
   facet normal -1.934738e-01 -9.718451e-01 -1.344804e-01
      outer loop
         vertex 3.894503e-01 -1.646375e-01 1.499175e-02
         vertex 4.351754e-01 -1.771914e-01 3.993087e-02
         vertex 3.889402e-01 -1.673046e-01 3.500000e-02
      endloop
   endfacet
   facet normal -1.555277e-01 -8.616220e-01 -4.831342e-01
      outer loop
         vertex 3.961591e-01 -1.598370e-01 -2.124515e-05
         vertex 3.952208e-01 -1.596796e-01 3.903128e-18
         vertex 3.908209e-01 -1.565429e-01 -4.177612e-03
      endloop
   endfacet
   facet normal -2.580397e-01 -8.832866e-01 -3.914337e-01
      outer loop
         vertex 3.908209e-01 -1.565429e-01 -4.177612e-03
         vertex 3.952208e-01 -1.596796e-01 3.903128e-18
         vertex 3.894503e-01 -1.646375e-01 1.499175e-02
      endloop
   endfacet
   facet normal -1.984604e-01 -8.977444e-01 -3.932791e-01
      outer loop
         vertex 3.908209e-01 -1.565429e-01 -4.177612e-03
         vertex 3.894503e-01 -1.646375e-01 1.499175e-02
         vertex 2.734758e-01 -1.278953e-01 -1.035601e-02
      endloop
   endfacet
   facet normal -1.923874e-01 -8.909823e-01 -4.112634e-01
      outer loop
         vertex 2.734758e-01 -1.278953e-01 -1.035601e-02
         vertex 3.894503e-01 -1.646375e-01 1.499175e-02
         vertex 2.717289e-01 -1.348747e-01 5.581671e-03
      endloop
   endfacet
   facet normal -2.727358e-01 -8.699484e-01 -4.108587e-01
      outer loop
         vertex 2.734758e-01 -1.278953e-01 -1.035601e-02
         vertex 2.717289e-01 -1.348747e-01 5.581671e-03
         vertex 1.663206e-01 -9.298386e-02 -1.314548e-02
      endloop
   endfacet
   facet normal -2.642248e-01 -8.600120e-01 -4.365372e-01
      outer loop
         vertex 1.663206e-01 -9.298386e-02 -1.314548e-02
         vertex 2.717289e-01 -1.348747e-01 5.581671e-03
         vertex 1.645536e-01 -9.844429e-02 -1.318497e-03
      endloop
   endfacet
   facet normal -3.847107e-01 -8.148167e-01 -4.336720e-01
      outer loop
         vertex 1.663206e-01 -9.298386e-02 -1.314548e-02
         vertex 1.645536e-01 -9.844429e-02 -1.318497e-03
         vertex 7.371031e-02 -5.071621e-02 -1.040662e-02
      endloop
   endfacet
   facet normal -3.750544e-01 -8.022884e-01 -4.644002e-01
      outer loop
         vertex 7.371031e-02 -5.071621e-02 -1.040662e-02
         vertex 1.645536e-01 -9.844429e-02 -1.318497e-03
         vertex 7.246397e-02 -5.395113e-02 -3.811479e-03
      endloop
   endfacet
   facet normal -4.995439e-01 -7.367087e-01 -4.557590e-01
      outer loop
         vertex 7.371031e-02 -5.071621e-02 -1.040662e-02
         vertex 7.246397e-02 -5.395113e-02 -3.811479e-03
         vertex 3.422047e-02 -2.648244e-02 -6.295497e-03
      endloop
   endfacet
   facet normal -4.937588e-01 -7.301514e-01 -4.723148e-01
      outer loop
         vertex 3.422047e-02 -2.648244e-02 -6.295497e-03
         vertex 7.246397e-02 -5.395113e-02 -3.811479e-03
         vertex 3.349505e-02 -2.824501e-02 -2.812377e-03
      endloop
   endfacet
   facet normal -5.952078e-01 -6.602323e-01 -4.580622e-01
      outer loop
         vertex 3.422047e-02 -2.648244e-02 -6.295497e-03
         vertex 3.349505e-02 -2.824501e-02 -2.812377e-03
         vertex 0.000000e+00 0.000000e+00 0.000000e+00
      endloop
   endfacet
   facet normal -2.532817e-01 -3.862791e-01 -8.869255e-01
      outer loop
         vertex 7.751465e-02 -3.873561e-02 -2.227884e-02
         vertex 8.136015e-02 -2.096674e-02 -3.111582e-02
         vertex 1.717592e-01 -7.199092e-02 -3.470896e-02
      endloop
   endfacet
   facet normal -2.634492e-01 -4.050977e-01 -8.754944e-01
      outer loop
         vertex 1.717592e-01 -7.199092e-02 -3.470896e-02
         vertex 8.136015e-02 -2.096674e-02 -3.111582e-02
         vertex 1.773390e-01 -3.942992e-02 -5.145422e-02
      endloop
   endfacet
   facet normal -1.543313e-01 -4.308167e-01 -8.891450e-01
      outer loop
         vertex 1.717592e-01 -7.199092e-02 -3.470896e-02
         vertex 1.773390e-01 -3.942992e-02 -5.145422e-02
         vertex 2.789202e-01 -1.001285e-01 -3.967569e-02
      endloop
   endfacet
   facet normal -1.621644e-01 -4.425329e-01 -8.819679e-01
      outer loop
         vertex 2.789202e-01 -1.001285e-01 -3.967569e-02
         vertex 1.773390e-01 -3.942992e-02 -5.145422e-02
         vertex 2.846293e-01 -5.538307e-02 -6.317672e-02
      endloop
   endfacet
   facet normal -1.106246e-01 -4.510303e-01 -8.856263e-01
      outer loop
         vertex 2.789202e-01 -1.001285e-01 -3.967569e-02
         vertex 2.846293e-01 -5.538307e-02 -6.317672e-02
         vertex 3.976739e-01 -9.851028e-02 -5.533350e-02
      endloop
   endfacet
   facet normal -8.799353e-02 -3.968106e-01 -9.136731e-01
      outer loop
         vertex 3.976739e-01 -9.851028e-02 -5.533350e-02
         vertex 2.846293e-01 -5.538307e-02 -6.317672e-02
         vertex 3.999238e-01 -6.881972e-02 -6.844487e-02
      endloop
   endfacet
   facet normal -3.143698e-02 -4.017710e-01 -9.152004e-01
      outer loop
         vertex 3.976739e-01 -9.851028e-02 -5.533350e-02
         vertex 3.999238e-01 -6.881972e-02 -6.844487e-02
         vertex 6.412967e-01 -8.811774e-02 -6.826420e-02
      endloop
   endfacet
   facet normal -1.865838e-02 -2.424536e-01 -9.699836e-01
      outer loop
         vertex 6.412967e-01 -8.811774e-02 -6.826420e-02
         vertex 3.999238e-01 -6.881972e-02 -6.844487e-02
         vertex 6.418766e-01 -4.574559e-02 -7.886655e-02
      endloop
   endfacet
   facet normal 3.171559e-03 -2.427758e-01 -9.700772e-01
      outer loop
         vertex 6.412967e-01 -8.811774e-02 -6.826420e-02
         vertex 6.418766e-01 -4.574559e-02 -7.886655e-02
         vertex 8.750000e-01 -5.035718e-02 -7.695026e-02
      endloop
   endfacet
   facet normal 7.009024e-03 -6.044990e-02 -9.981466e-01
      outer loop
         vertex 8.750000e-01 -5.035718e-02 -7.695026e-02
         vertex 6.418766e-01 -4.574559e-02 -7.886655e-02
         vertex 8.750000e-01 0.000000e+00 -8.000000e-02
      endloop
   endfacet
   facet normal -8.954669e-03 -6.044896e-02 -9.981311e-01
      outer loop
         vertex 8.750000e-01 -5.035718e-02 -7.695026e-02
         vertex 8.750000e-01 0.000000e+00 -8.000000e-02
         vertex 1.094784e+00 -5.544630e-02 -7.861383e-02
      endloop
   endfacet
   facet normal -4.897636e-03 -4.438907e-02 -9.990023e-01
      outer loop
         vertex 1.094784e+00 -5.544630e-02 -7.861383e-02
         vertex 8.750000e-01 0.000000e+00 -8.000000e-02
         vertex 1.094822e+00 -1.707618e-18 -8.107768e-02
      endloop
   endfacet
   facet normal -1.109209e-03 -4.439218e-02 -9.990136e-01
      outer loop
         vertex 1.094784e+00 -5.544630e-02 -7.861383e-02
         vertex 1.094822e+00 -1.707618e-18 -8.107768e-02
         vertex 1.312874e+00 -6.429247e-02 -7.846288e-02
      endloop
   endfacet
   facet normal -2.500545e-03 -4.910192e-02 -9.987906e-01
      outer loop
         vertex 1.312874e+00 -6.429247e-02 -7.846288e-02
         vertex 1.094822e+00 -1.707618e-18 -8.107768e-02
         vertex 1.312964e+00 -2.168404e-19 -8.162382e-02
      endloop
   endfacet
   facet normal 9.985355e-03 -4.911704e-02 -9.987431e-01
      outer loop
         vertex 1.312874e+00 -6.429247e-02 -7.846288e-02
         vertex 1.312964e+00 -2.168404e-19 -8.162382e-02
         vertex 1.407312e+00 6.439026e-19 -8.068053e-02
      endloop
   endfacet
   facet normal -7.485410e-02 -5.205215e-01 -8.505611e-01
      outer loop
         vertex 1.144143e+00 -2.371956e-01 -2.158940e-02
         vertex 1.093968e+00 -2.324090e-01 -2.010296e-02
         vertex 1.094291e+00 -1.966030e-01 -4.204373e-02
      endloop
   endfacet
   facet normal -7.805339e-02 -5.203723e-01 -8.503648e-01
      outer loop
         vertex 1.094291e+00 -1.966030e-01 -4.204373e-02
         vertex 1.093968e+00 -2.324090e-01 -2.010296e-02
         vertex 1.065876e+00 -2.295229e-01 -1.929054e-02
      endloop
   endfacet
   facet normal -7.075666e-02 -5.251007e-01 -8.480936e-01
      outer loop
         vertex 1.094291e+00 -1.966030e-01 -4.204373e-02
         vertex 1.065876e+00 -2.295229e-01 -1.929054e-02
         vertex 8.750000e-01 -1.767420e-01 -3.604522e-02
      endloop
   endfacet
   facet normal -9.123462e-02 -5.856163e-01 -8.054377e-01
      outer loop
         vertex 8.750000e-01 -1.767420e-01 -3.604522e-02
         vertex 1.065876e+00 -2.295229e-01 -1.929054e-02
         vertex 8.750000e-01 -2.072795e-01 -1.384205e-02
      endloop
   endfacet
   facet normal -6.509247e-02 -5.868217e-01 -8.070956e-01
      outer loop
         vertex 8.750000e-01 -1.767420e-01 -3.604522e-02
         vertex 8.750000e-01 -2.072795e-01 -1.384205e-02
         vertex 7.604590e-01 -1.687540e-01 -3.261541e-02
      endloop
   endfacet
   facet normal -8.196357e-02 -6.228290e-01 -7.780527e-01
      outer loop
         vertex 7.604590e-01 -1.687540e-01 -3.261541e-02
         vertex 8.750000e-01 -2.072795e-01 -1.384205e-02
         vertex 7.604198e-01 -1.960395e-01 -1.076929e-02
      endloop
   endfacet
   facet normal -5.172143e-02 -6.241218e-01 -7.796133e-01
      outer loop
         vertex 7.604590e-01 -1.687540e-01 -3.261541e-02
         vertex 7.604198e-01 -1.960395e-01 -1.076929e-02
         vertex 6.397671e-01 -1.574612e-01 -3.364889e-02
      endloop
   endfacet
   facet normal -6.240096e-02 -6.462353e-01 -7.605827e-01
      outer loop
         vertex 6.397671e-01 -1.574612e-01 -3.364889e-02
         vertex 7.604198e-01 -1.960395e-01 -1.076929e-02
         vertex 6.391293e-01 -1.820355e-01 -1.271681e-02
      endloop
   endfacet
   facet normal -7.124372e-02 -6.457182e-01 -7.602449e-01
      outer loop
         vertex 6.397671e-01 -1.574612e-01 -3.364889e-02
         vertex 6.391293e-01 -1.820355e-01 -1.271681e-02
         vertex 3.951842e-01 -1.235111e-01 -3.956436e-02
      endloop
   endfacet
   facet normal -7.479977e-02 -6.562288e-01 -7.508454e-01
      outer loop
         vertex 3.951842e-01 -1.235111e-01 -3.956436e-02
         vertex 6.391293e-01 -1.820355e-01 -1.271681e-02
         vertex 3.928121e-01 -1.428807e-01 -2.239926e-02
      endloop
   endfacet
   facet normal -1.297418e-01 -6.486806e-01 -7.499204e-01
      outer loop
         vertex 3.951842e-01 -1.235111e-01 -3.956436e-02
         vertex 3.928121e-01 -1.428807e-01 -2.239926e-02
         vertex 2.789202e-01 -1.001285e-01 -3.967569e-02
      endloop
   endfacet
   facet normal -1.582298e-01 -7.020903e-01 -6.942857e-01
      outer loop
         vertex 2.789202e-01 -1.001285e-01 -3.967569e-02
         vertex 3.928121e-01 -1.428807e-01 -2.239926e-02
         vertex 2.734758e-01 -1.278953e-01 -1.035601e-02
      endloop
   endfacet
   facet normal -2.130923e-01 -6.893350e-01 -6.923936e-01
      outer loop
         vertex 2.789202e-01 -1.001285e-01 -3.967569e-02
         vertex 2.734758e-01 -1.278953e-01 -1.035601e-02
         vertex 1.717592e-01 -7.199092e-02 -3.470896e-02
      endloop
   endfacet
   facet normal -2.017467e-01 -6.758699e-01 -7.088711e-01
      outer loop
         vertex 1.717592e-01 -7.199092e-02 -3.470896e-02
         vertex 2.734758e-01 -1.278953e-01 -1.035601e-02
         vertex 1.663206e-01 -9.298386e-02 -1.314548e-02
      endloop
   endfacet
   facet normal -3.176694e-01 -6.381150e-01 -7.013526e-01
      outer loop
         vertex 1.717592e-01 -7.199092e-02 -3.470896e-02
         vertex 1.663206e-01 -9.298386e-02 -1.314548e-02
         vertex 7.751465e-02 -3.873561e-02 -2.227884e-02
      endloop
   endfacet
   facet normal -3.043525e-01 -6.199890e-01 -7.231758e-01
      outer loop
         vertex 7.751465e-02 -3.873561e-02 -2.227884e-02
         vertex 1.663206e-01 -9.298386e-02 -1.314548e-02
         vertex 7.371031e-02 -5.071621e-02 -1.040662e-02
      endloop
   endfacet
   facet normal -4.247732e-01 -5.655953e-01 -7.068732e-01
      outer loop
         vertex 7.751465e-02 -3.873561e-02 -2.227884e-02
         vertex 7.371031e-02 -5.071621e-02 -1.040662e-02
         vertex 3.642774e-02 -2.007550e-02 -1.251960e-02
      endloop
   endfacet
   facet normal -4.160256e-01 -5.558361e-01 -7.197006e-01
      outer loop
         vertex 3.642774e-02 -2.007550e-02 -1.251960e-02
         vertex 7.371031e-02 -5.071621e-02 -1.040662e-02
         vertex 3.422047e-02 -2.648244e-02 -6.295497e-03
      endloop
   endfacet
   facet normal -5.147637e-01 -4.995377e-01 -6.967642e-01
      outer loop
         vertex 3.642774e-02 -2.007550e-02 -1.251960e-02
         vertex 3.422047e-02 -2.648244e-02 -6.295497e-03
         vertex 0.000000e+00 0.000000e+00 0.000000e+00
      endloop
   endfacet
   facet normal -1.550247e-01 9.863218e-01 -5.600645e-02
      outer loop
         vertex 1.750000e+00 3.748251e-01 3.191916e-02
         vertex 1.750000e+00 3.750000e-01 3.500000e-02
         vertex 1.880204e+00 3.954648e-01 3.500000e-02
      endloop
   endfacet
   facet normal 2.456303e-02 5.819565e-02 -9.980030e-01
      outer loop
         vertex 1.760052e+00 4.912116e-02 -6.339063e-02
         vertex 1.750000e+00 3.189150e-02 -6.464274e-02
         vertex 1.750000e+00 1.273557e-01 -5.907602e-02
      endloop
   endfacet
   facet normal 3.730682e-02 5.980605e-02 -9.975126e-01
      outer loop
         vertex 1.760052e+00 4.912116e-02 -6.339063e-02
         vertex 1.750000e+00 1.273557e-01 -5.907602e-02
         vertex 1.785698e+00 1.043841e-01 -5.911821e-02
      endloop
   endfacet
   facet normal -8.590524e-03 1.446282e-01 -9.894488e-01
      outer loop
         vertex 1.750000e+00 1.459084e-01 -5.713630e-02
         vertex 1.750000e+00 2.120258e-01 -4.747190e-02
         vertex 1.774903e+00 1.972795e-01 -4.984358e-02
      endloop
   endfacet
   facet normal 4.666851e-02 7.435145e-02 -9.961395e-01
      outer loop
         vertex 1.785698e+00 1.043841e-01 -5.911821e-02
         vertex 1.750000e+00 1.273557e-01 -5.907602e-02
         vertex 1.794734e+00 1.417953e-01 -5.590249e-02
      endloop
   endfacet
   facet normal 3.696718e-02 1.039140e-01 -9.938990e-01
      outer loop
         vertex 1.794734e+00 1.417953e-01 -5.590249e-02
         vertex 1.750000e+00 1.273557e-01 -5.907602e-02
         vertex 1.750000e+00 1.459084e-01 -5.713630e-02
      endloop
   endfacet
   facet normal 3.640192e-02 9.756703e-02 -9.945630e-01
      outer loop
         vertex 1.794734e+00 1.417953e-01 -5.590249e-02
         vertex 1.750000e+00 1.459084e-01 -5.713630e-02
         vertex 1.793888e+00 1.648578e-01 -5.367102e-02
      endloop
   endfacet
   facet normal 2.214345e-02 1.299879e-01 -9.912683e-01
      outer loop
         vertex 1.793888e+00 1.648578e-01 -5.367102e-02
         vertex 1.750000e+00 1.459084e-01 -5.713630e-02
         vertex 1.774903e+00 1.972795e-01 -4.984358e-02
      endloop
   endfacet
   facet normal -3.858493e-02 9.483738e-02 -9.947447e-01
      outer loop
         vertex 1.793888e+00 1.648578e-01 -5.367102e-02
         vertex 1.774903e+00 1.972795e-01 -4.984358e-02
         vertex 1.787197e+00 1.826945e-01 -5.171096e-02
      endloop
   endfacet
   facet normal -8.799353e-02 3.968106e-01 -9.136731e-01
      outer loop
         vertex 3.976739e-01 9.851028e-02 -5.533350e-02
         vertex 3.999238e-01 6.881972e-02 -6.844487e-02
         vertex 2.846293e-01 5.538307e-02 -6.317672e-02
      endloop
   endfacet
   facet normal -3.837176e-01 6.243485e-02 -9.213375e-01
      outer loop
         vertex 8.311933e-02 -3.747274e-18 -3.461745e-02
         vertex 0.000000e+00 0.000000e+00 0.000000e+00
         vertex 8.263478e-02 1.070938e-02 -3.368992e-02
      endloop
   endfacet
   facet normal 6.855826e-03 2.238549e-01 -9.745984e-01
      outer loop
         vertex 1.530412e+00 1.994135e-01 -5.081288e-02
         vertex 1.530578e+00 1.395704e-01 -6.455703e-02
         vertex 1.312669e+00 1.240668e-01 -6.965093e-02
      endloop
   endfacet
   facet normal -1.956794e-01 8.983329e-01 -3.933288e-01
      outer loop
         vertex 2.717289e-01 1.348747e-01 5.581671e-03
         vertex 3.894503e-01 1.646375e-01 1.499175e-02
         vertex 3.908209e-01 1.565429e-01 -4.177612e-03
      endloop
   endfacet
   facet normal -5.952078e-01 6.602323e-01 -4.580622e-01
      outer loop
         vertex 3.422047e-02 2.648244e-02 -6.295497e-03
         vertex 0.000000e+00 0.000000e+00 0.000000e+00
         vertex 3.349505e-02 2.824501e-02 -2.812377e-03
      endloop
   endfacet
   facet normal -1.434660e-01 9.378572e-01 -3.159769e-01
      outer loop
         vertex 1.531504e+00 3.392271e-01 2.684564e-02
         vertex 1.531537e+00 3.403795e-01 3.025118e-02
         vertex 1.602938e+00 3.507180e-01 2.851787e-02
      endloop
   endfacet
   facet normal -7.063652e-02 6.479482e-01 -7.584020e-01
      outer loop
         vertex 7.660353e-01 1.965845e-01 -1.082665e-02
         vertex 7.604198e-01 1.960395e-01 -1.076929e-02
         vertex 6.996515e-01 1.918239e-01 -8.711017e-03
      endloop
   endfacet
   facet normal -8.692674e-02 6.013033e-01 -7.942783e-01
      outer loop
         vertex 9.421108e-01 2.154088e-01 -1.584580e-02
         vertex 8.922718e-01 1.959300e-01 -2.513765e-02
         vertex 7.660353e-01 1.965845e-01 -1.082665e-02
      endloop
   endfacet
   facet normal -2.131416e-02 1.444204e-01 -9.892868e-01
      outer loop
         vertex 1.731194e+00 2.186680e-01 -4.610937e-02
         vertex 1.745586e+00 2.137708e-01 -4.713435e-02
         vertex 1.750000e+00 1.459084e-01 -5.713630e-02
      endloop
   endfacet
   facet normal -1.864790e-02 1.445980e-01 -9.893148e-01
      outer loop
         vertex 1.750000e+00 1.459084e-01 -5.713630e-02
         vertex 1.745586e+00 2.137708e-01 -4.713435e-02
         vertex 1.749121e+00 2.123844e-01 -4.740363e-02
      endloop
   endfacet
   facet normal -1.784473e-02 1.446105e-01 -9.893277e-01
      outer loop
         vertex 1.750000e+00 1.459084e-01 -5.713630e-02
         vertex 1.749121e+00 2.123844e-01 -4.740363e-02
         vertex 1.750000e+00 2.120258e-01 -4.747190e-02
      endloop
   endfacet
   facet normal -4.362930e-02 4.523712e-01 -8.907619e-01
      outer loop
         vertex 1.312303e+00 2.241556e-01 -3.909907e-02
         vertex 1.276095e+00 2.468997e-01 -2.577507e-02
         vertex 1.427984e+00 2.506652e-01 -3.130227e-02
      endloop
   endfacet
   facet normal -7.960730e-02 5.202942e-01 -8.502685e-01
      outer loop
         vertex 1.022183e+00 2.247784e-01 -1.805152e-02
         vertex 1.093899e+00 2.324021e-01 -2.010095e-02
         vertex 1.094291e+00 1.966030e-01 -4.204373e-02
      endloop
   endfacet
   facet normal -7.297097e-02 5.206124e-01 -8.506691e-01
      outer loop
         vertex 1.094291e+00 1.966030e-01 -4.204373e-02
         vertex 1.093899e+00 2.324021e-01 -2.010095e-02
         vertex 1.184403e+00 2.406452e-01 -2.281961e-02
      endloop
   endfacet
   facet normal -1.244894e-01 8.519695e-01 -5.085768e-01
      outer loop
         vertex 5.475448e-01 1.795524e-01 -3.994836e-03
         vertex 3.908209e-01 1.565429e-01 -4.177612e-03
         vertex 3.952208e-01 1.596796e-01 0.000000e+00
      endloop
   endfacet
   facet normal -2.580397e-01 8.832866e-01 -3.914337e-01
      outer loop
         vertex 3.952208e-01 1.596796e-01 0.000000e+00
         vertex 3.908209e-01 1.565429e-01 -4.177612e-03
         vertex 3.894503e-01 1.646375e-01 1.499175e-02
      endloop
   endfacet
   facet normal -1.592174e-01 9.174179e-01 -3.646838e-01
      outer loop
         vertex 3.952208e-01 1.596796e-01 0.000000e+00
         vertex 3.894503e-01 1.646375e-01 1.499175e-02
         vertex 4.368526e-01 1.672569e-01 8.860024e-04
      endloop
   endfacet
   facet normal -1.016531e-01 7.305676e-01 -6.752315e-01
      outer loop
         vertex 8.696335e-01 2.295285e-01 1.168510e-02
         vertex 8.181827e-01 2.212590e-01 1.048353e-02
         vertex 7.604455e-01 2.158255e-01 1.329682e-02
      endloop
   endfacet
   facet normal -1.053568e-01 8.724785e-01 -4.771595e-01
      outer loop
         vertex 7.604455e-01 2.158255e-01 1.329682e-02
         vertex 8.181827e-01 2.212590e-01 1.048353e-02
         vertex 6.042640e-01 1.924063e-01 4.960095e-03
      endloop
   endfacet
   facet normal -9.893267e-02 8.461800e-01 -5.236333e-01
      outer loop
         vertex 7.604455e-01 2.158255e-01 1.329682e-02
         vertex 6.042640e-01 1.924063e-01 4.960095e-03
         vertex 6.386607e-01 1.994156e-01 9.788224e-03
      endloop
   endfacet
   facet normal -1.428901e-01 9.594444e-01 -2.429996e-01
      outer loop
         vertex 1.392849e+00 3.169024e-01 2.360333e-02
         vertex 1.411248e+00 3.254895e-01 4.668898e-02
         vertex 1.531579e+00 3.418351e-01 4.046875e-02
      endloop
   endfacet
   facet normal -1.436117e-01 9.378376e-01 -3.159689e-01
      outer loop
         vertex 1.531504e+00 3.392271e-01 2.684564e-02
         vertex 1.392849e+00 3.169024e-01 2.360333e-02
         vertex 1.531537e+00 3.403795e-01 3.025118e-02
      endloop
   endfacet
   facet normal -1.588332e-01 9.775297e-01 -1.385917e-01
      outer loop
         vertex 1.531537e+00 3.403795e-01 3.025118e-02
         vertex 1.392849e+00 3.169024e-01 2.360333e-02
         vertex 1.531579e+00 3.418351e-01 4.046875e-02
      endloop
   endfacet
   facet normal -1.452119e-01 9.795960e-01 -1.389432e-01
      outer loop
         vertex 1.531537e+00 3.403795e-01 3.025118e-02
         vertex 1.531579e+00 3.418351e-01 4.046875e-02
         vertex 1.602938e+00 3.507180e-01 2.851787e-02
      endloop
   endfacet
   facet normal -1.520480e-01 9.706326e-01 -1.864237e-01
      outer loop
         vertex 1.602938e+00 3.507180e-01 2.851787e-02
         vertex 1.531579e+00 3.418351e-01 4.046875e-02
         vertex 1.750000e+00 3.750000e-01 3.500000e-02
      endloop
   endfacet
   facet normal -1.602515e-01 9.854887e-01 -5.595915e-02
      outer loop
         vertex 1.602938e+00 3.507180e-01 2.851787e-02
         vertex 1.750000e+00 3.750000e-01 3.500000e-02
         vertex 1.750000e+00 3.748251e-01 3.191916e-02
      endloop
   endfacet
   facet normal -4.217797e-01 5.528407e-01 -7.186578e-01
      outer loop
         vertex 3.642774e-02 2.007550e-02 -1.251960e-02
         vertex 3.422047e-02 2.648244e-02 -6.295497e-03
         vertex 7.751465e-02 3.873561e-02 -2.227884e-02
      endloop
   endfacet
   facet normal -4.216985e-01 5.671563e-01 -7.074632e-01
      outer loop
         vertex 7.751465e-02 3.873561e-02 -2.227884e-02
         vertex 3.422047e-02 2.648244e-02 -6.295497e-03
         vertex 7.371031e-02 5.071621e-02 -1.040662e-02
      endloop
   endfacet
   facet normal -3.128549e-01 6.165808e-01 -7.224610e-01
      outer loop
         vertex 7.751465e-02 3.873561e-02 -2.227884e-02
         vertex 7.371031e-02 5.071621e-02 -1.040662e-02
         vertex 1.717592e-01 7.199092e-02 -3.470896e-02
      endloop
   endfacet
   facet normal -3.128197e-01 6.399205e-01 -7.018872e-01
      outer loop
         vertex 1.717592e-01 7.199092e-02 -3.470896e-02
         vertex 7.371031e-02 5.071621e-02 -1.040662e-02
         vertex 1.663206e-01 9.298386e-02 -1.314548e-02
      endloop
   endfacet
   facet normal -2.097222e-01 6.736229e-01 -7.086951e-01
      outer loop
         vertex 1.717592e-01 7.199092e-02 -3.470896e-02
         vertex 1.663206e-01 9.298386e-02 -1.314548e-02
         vertex 2.789202e-01 1.001285e-01 -3.967569e-02
      endloop
   endfacet
   facet normal -4.962718e-01 7.286115e-01 -4.720589e-01
      outer loop
         vertex 3.422047e-02 2.648244e-02 -6.295497e-03
         vertex 3.349505e-02 2.824501e-02 -2.812377e-03
         vertex 7.371031e-02 5.071621e-02 -1.040662e-02
      endloop
   endfacet
   facet normal -4.982025e-01 7.375255e-01 -4.559061e-01
      outer loop
         vertex 7.371031e-02 5.071621e-02 -1.040662e-02
         vertex 3.349505e-02 2.824501e-02 -2.812377e-03
         vertex 7.246397e-02 5.395113e-02 -3.811479e-03
      endloop
   endfacet
   facet normal -3.790699e-01 8.004748e-01 -4.642695e-01
      outer loop
         vertex 7.371031e-02 5.071621e-02 -1.040662e-02
         vertex 7.246397e-02 5.395113e-02 -3.811479e-03
         vertex 1.663206e-01 9.298386e-02 -1.314548e-02
      endloop
   endfacet
   facet normal -5.147637e-01 4.995377e-01 -6.967642e-01
      outer loop
         vertex 3.642774e-02 2.007550e-02 -1.251960e-02
         vertex 0.000000e+00 0.000000e+00 0.000000e+00
         vertex 3.422047e-02 2.648244e-02 -6.295497e-03
      endloop
   endfacet
   facet normal -2.695746e-01 8.709001e-01 -4.109290e-01
      outer loop
         vertex 1.645536e-01 9.844429e-02 -1.318497e-03
         vertex 2.717289e-01 1.348747e-01 5.581671e-03
         vertex 2.734758e-01 1.278953e-01 -1.035601e-02
      endloop
   endfacet
   facet normal -1.956810e-01 8.902468e-01 -4.113023e-01
      outer loop
         vertex 2.734758e-01 1.278953e-01 -1.035601e-02
         vertex 2.717289e-01 1.348747e-01 5.581671e-03
         vertex 3.908209e-01 1.565429e-01 -4.177612e-03
      endloop
   endfacet
   facet normal -1.590194e-01 7.814865e-01 -6.033173e-01
      outer loop
         vertex 2.734758e-01 1.278953e-01 -1.035601e-02
         vertex 3.908209e-01 1.565429e-01 -4.177612e-03
         vertex 3.928121e-01 1.428807e-01 -2.239926e-02
      endloop
   endfacet
   facet normal -1.150882e-01 7.886926e-01 -6.039195e-01
      outer loop
         vertex 3.928121e-01 1.428807e-01 -2.239926e-02
         vertex 3.908209e-01 1.565429e-01 -4.177612e-03
         vertex 5.475448e-01 1.795524e-01 -3.994836e-03
      endloop
   endfacet
   facet normal -8.570398e-02 7.115952e-01 -6.973429e-01
      outer loop
         vertex 3.928121e-01 1.428807e-01 -2.239926e-02
         vertex 5.475448e-01 1.795524e-01 -3.994836e-03
         vertex 6.391293e-01 1.820355e-01 -1.271681e-02
      endloop
   endfacet
   facet normal -3.824238e-01 8.158264e-01 -4.337965e-01
      outer loop
         vertex 7.246397e-02 5.395113e-02 -3.811479e-03
         vertex 1.645536e-01 9.844429e-02 -1.318497e-03
         vertex 1.663206e-01 9.298386e-02 -1.314548e-02
      endloop
   endfacet
   facet normal -2.684040e-01 8.587060e-01 -4.365586e-01
      outer loop
         vertex 1.663206e-01 9.298386e-02 -1.314548e-02
         vertex 1.645536e-01 9.844429e-02 -1.318497e-03
         vertex 2.734758e-01 1.278953e-01 -1.035601e-02
      endloop
   endfacet
   facet normal -2.070497e-01 6.908555e-01 -6.927114e-01
      outer loop
         vertex 1.663206e-01 9.298386e-02 -1.314548e-02
         vertex 2.734758e-01 1.278953e-01 -1.035601e-02
         vertex 2.789202e-01 1.001285e-01 -3.967569e-02
      endloop
   endfacet
   facet normal -1.582298e-01 7.020903e-01 -6.942857e-01
      outer loop
         vertex 2.789202e-01 1.001285e-01 -3.967569e-02
         vertex 2.734758e-01 1.278953e-01 -1.035601e-02
         vertex 3.928121e-01 1.428807e-01 -2.239926e-02
      endloop
   endfacet
   facet normal -1.297418e-01 6.486806e-01 -7.499204e-01
      outer loop
         vertex 2.789202e-01 1.001285e-01 -3.967569e-02
         vertex 3.928121e-01 1.428807e-01 -2.239926e-02
         vertex 3.951842e-01 1.235111e-01 -3.956436e-02
      endloop
   endfacet
   facet normal -7.479977e-02 6.562288e-01 -7.508454e-01
      outer loop
         vertex 3.951842e-01 1.235111e-01 -3.956436e-02
         vertex 3.928121e-01 1.428807e-01 -2.239926e-02
         vertex 6.391293e-01 1.820355e-01 -1.271681e-02
      endloop
   endfacet
   facet normal -7.124372e-02 6.457182e-01 -7.602449e-01
      outer loop
         vertex 3.951842e-01 1.235111e-01 -3.956436e-02
         vertex 6.391293e-01 1.820355e-01 -1.271681e-02
         vertex 6.397671e-01 1.574612e-01 -3.364889e-02
      endloop
   endfacet
   facet normal -5.399280e-02 6.466798e-01 -7.608482e-01
      outer loop
         vertex 6.397671e-01 1.574612e-01 -3.364889e-02
         vertex 6.391293e-01 1.820355e-01 -1.271681e-02
         vertex 7.604590e-01 1.687540e-01 -3.261541e-02
      endloop
   endfacet
   facet normal -9.103721e-02 5.528116e-01 -8.283185e-01
      outer loop
         vertex 8.922718e-01 1.959300e-01 -2.513765e-02
         vertex 8.750000e-01 1.767420e-01 -3.604522e-02
         vertex 7.660353e-01 1.965845e-01 -1.082665e-02
      endloop
   endfacet
   facet normal -6.680077e-02 6.233411e-01 -7.790915e-01
      outer loop
         vertex 7.660353e-01 1.965845e-01 -1.082665e-02
         vertex 8.750000e-01 1.767420e-01 -3.604522e-02
         vertex 7.604590e-01 1.687540e-01 -3.261541e-02
      endloop
   endfacet
   facet normal -6.847002e-02 6.234769e-01 -7.788378e-01
      outer loop
         vertex 7.660353e-01 1.965845e-01 -1.082665e-02
         vertex 7.604590e-01 1.687540e-01 -3.261541e-02
         vertex 7.604198e-01 1.960395e-01 -1.076929e-02
      endloop
   endfacet
   facet normal -5.951544e-02 6.238436e-01 -7.792798e-01
      outer loop
         vertex 7.604198e-01 1.960395e-01 -1.076929e-02
         vertex 7.604590e-01 1.687540e-01 -3.261541e-02
         vertex 6.391293e-01 1.820355e-01 -1.271681e-02
      endloop
   endfacet
   facet normal -7.374644e-02 7.327981e-01 -6.764380e-01
      outer loop
         vertex 7.604198e-01 1.960395e-01 -1.076929e-02
         vertex 6.391293e-01 1.820355e-01 -1.271681e-02
         vertex 6.996515e-01 1.918239e-01 -8.711017e-03
      endloop
   endfacet
   facet normal -8.154438e-02 7.654222e-01 -6.383411e-01
      outer loop
         vertex 6.996515e-01 1.918239e-01 -8.711017e-03
         vertex 6.391293e-01 1.820355e-01 -1.271681e-02
         vertex 5.475448e-01 1.795524e-01 -3.994836e-03
      endloop
   endfacet
   facet normal -1.113232e-01 8.731668e-01 -4.745387e-01
      outer loop
         vertex 6.042640e-01 1.924063e-01 4.960095e-03
         vertex 5.115077e-01 1.793099e-01 2.622241e-03
         vertex 6.386607e-01 1.994156e-01 9.788224e-03
      endloop
   endfacet
   facet normal -1.218446e-01 9.110000e-01 -3.939959e-01
      outer loop
         vertex 6.386607e-01 1.994156e-01 9.788224e-03
         vertex 5.115077e-01 1.793099e-01 2.622241e-03
         vertex 6.383719e-01 2.097412e-01 3.375255e-02
      endloop
   endfacet
   facet normal -1.115467e-01 9.121565e-01 -3.943701e-01
      outer loop
         vertex 6.386607e-01 1.994156e-01 9.788224e-03
         vertex 6.383719e-01 2.097412e-01 3.375255e-02
         vertex 7.604455e-01 2.158255e-01 1.329682e-02
      endloop
   endfacet
   facet normal -1.148572e-01 9.014806e-01 -4.173015e-01
      outer loop
         vertex 7.604455e-01 2.158255e-01 1.329682e-02
         vertex 6.383719e-01 2.097412e-01 3.375255e-02
         vertex 7.604926e-01 2.278726e-01 3.930871e-02
      endloop
   endfacet
   facet normal -1.192337e-01 9.010156e-01 -4.170782e-01
      outer loop
         vertex 7.604455e-01 2.158255e-01 1.329682e-02
         vertex 7.604926e-01 2.278726e-01 3.930871e-02
         vertex 8.696335e-01 2.295285e-01 1.168510e-02
      endloop
   endfacet
   facet normal -1.290747e-01 8.799353e-01 -4.572238e-01
      outer loop
         vertex 8.696335e-01 2.295285e-01 1.168510e-02
         vertex 7.604926e-01 2.278726e-01 3.930871e-02
         vertex 8.750000e-01 2.449171e-01 3.978569e-02
      endloop
   endfacet
   facet normal -1.428955e-01 8.793362e-01 -4.542563e-01
      outer loop
         vertex 8.696335e-01 2.295285e-01 1.168510e-02
         vertex 8.750000e-01 2.449171e-01 3.978569e-02
         vertex 9.391823e-01 2.416243e-01 1.322178e-02
      endloop
   endfacet
   facet normal -1.416208e-01 8.810193e-01 -4.513851e-01
      outer loop
         vertex 9.391823e-01 2.416243e-01 1.322178e-02
         vertex 8.750000e-01 2.449171e-01 3.978569e-02
         vertex 1.093620e+00 2.769455e-01 3.370771e-02
      endloop
   endfacet
   facet normal -1.338452e-01 8.653438e-01 -4.829757e-01
      outer loop
         vertex 9.391823e-01 2.416243e-01 1.322178e-02
         vertex 1.093620e+00 2.769455e-01 3.370771e-02
         vertex 1.273047e+00 2.975016e-01 2.081413e-02
      endloop
   endfacet
   facet normal -1.335296e-01 8.817403e-01 -4.524421e-01
      outer loop
         vertex 1.273047e+00 2.975016e-01 2.081413e-02
         vertex 1.093620e+00 2.769455e-01 3.370771e-02
         vertex 1.312528e+00 3.065985e-01 2.689044e-02
      endloop
   endfacet
   facet normal -1.322018e-01 8.793399e-01 -4.574758e-01
      outer loop
         vertex 1.273047e+00 2.975016e-01 2.081413e-02
         vertex 1.312528e+00 3.065985e-01 2.689044e-02
         vertex 1.312557e+00 3.039192e-01 2.173200e-02
      endloop
   endfacet
   facet normal -1.315397e-01 8.794196e-01 -4.575134e-01
      outer loop
         vertex 1.312557e+00 3.039192e-01 2.173200e-02
         vertex 1.312528e+00 3.065985e-01 2.689044e-02
         vertex 1.392849e+00 3.169024e-01 2.360333e-02
      endloop
   endfacet
   facet normal -6.028494e-01 6.720925e-01 -4.299585e-01
      outer loop
         vertex 0.000000e+00 0.000000e+00 0.000000e+00
         vertex 2.187863e-02 1.985876e-02 3.660937e-04
         vertex 3.349505e-02 2.824501e-02 -2.812377e-03
      endloop
   endfacet
   facet normal -6.076316e-01 7.737097e-01 -1.793238e-01
      outer loop
         vertex 3.349505e-02 2.824501e-02 -2.812377e-03
         vertex 2.187863e-02 1.985876e-02 3.660937e-04
         vertex 3.322017e-02 2.886317e-02 7.861328e-04
      endloop
   endfacet
   facet normal -5.446741e-01 8.186105e-01 -1.822279e-01
      outer loop
         vertex 3.349505e-02 2.824501e-02 -2.812377e-03
         vertex 3.322017e-02 2.886317e-02 7.861328e-04
         vertex 7.246397e-02 5.395113e-02 -3.811479e-03
      endloop
   endfacet
   facet normal -5.222500e-01 8.418660e-01 1.360757e-01
      outer loop
         vertex 7.246397e-02 5.395113e-02 -3.811479e-03
         vertex 3.322017e-02 2.886317e-02 7.861328e-04
         vertex 1.129843e-01 7.746611e-02 6.221783e-03
      endloop
   endfacet
   facet normal -3.959716e-01 8.403068e-01 -3.702580e-01
      outer loop
         vertex 7.246397e-02 5.395113e-02 -3.811479e-03
         vertex 1.129843e-01 7.746611e-02 6.221783e-03
         vertex 1.645536e-01 9.844429e-02 -1.318497e-03
      endloop
   endfacet
   facet normal -3.918693e-01 9.061980e-01 -1.588825e-01
      outer loop
         vertex 1.645536e-01 9.844429e-02 -1.318497e-03
         vertex 1.129843e-01 7.746611e-02 6.221783e-03
         vertex 1.638869e-01 1.003049e-01 1.093750e-02
      endloop
   endfacet
   facet normal -3.085274e-01 9.378074e-01 -1.591481e-01
      outer loop
         vertex 1.645536e-01 9.844429e-02 -1.318497e-03
         vertex 1.638869e-01 1.003049e-01 1.093750e-02
         vertex 2.717289e-01 1.348747e-01 5.581671e-03
      endloop
   endfacet
   facet normal -3.079639e-01 9.287039e-01 -2.065606e-01
      outer loop
         vertex 2.717289e-01 1.348747e-01 5.581671e-03
         vertex 1.638869e-01 1.003049e-01 1.093750e-02
         vertex 2.499763e-01 1.308387e-01 1.986690e-02
      endloop
   endfacet
   facet normal -2.375089e-01 9.673587e-01 -8.835487e-02
      outer loop
         vertex 2.717289e-01 1.348747e-01 5.581671e-03
         vertex 2.499763e-01 1.308387e-01 1.986690e-02
         vertex 3.894503e-01 1.646375e-01 1.499175e-02
      endloop
   endfacet
   facet normal -2.368092e-01 9.704096e-01 -4.718685e-02
      outer loop
         vertex 3.894503e-01 1.646375e-01 1.499175e-02
         vertex 2.499763e-01 1.308387e-01 1.986690e-02
         vertex 4.392289e-01 1.780183e-01 4.035680e-02
      endloop
   endfacet
   facet normal -1.502145e-01 9.651379e-01 -2.143466e-01
      outer loop
         vertex 3.894503e-01 1.646375e-01 1.499175e-02
         vertex 4.392289e-01 1.780183e-01 4.035680e-02
         vertex 6.382734e-01 2.131521e-01 5.906250e-02
      endloop
   endfacet
   facet normal -4.897636e-03 4.438907e-02 -9.990023e-01
      outer loop
         vertex 8.750000e-01 0.000000e+00 -8.000000e-02
         vertex 1.094784e+00 5.544630e-02 -7.861383e-02
         vertex 1.094822e+00 -1.707618e-18 -8.107768e-02
      endloop
   endfacet
   facet normal -1.109209e-03 4.439218e-02 -9.990136e-01
      outer loop
         vertex 1.094822e+00 -1.707618e-18 -8.107768e-02
         vertex 1.094784e+00 5.544630e-02 -7.861383e-02
         vertex 1.312874e+00 6.429247e-02 -7.846288e-02
      endloop
   endfacet
   facet normal -2.500545e-03 4.910192e-02 -9.987906e-01
      outer loop
         vertex 1.094822e+00 -1.707618e-18 -8.107768e-02
         vertex 1.312874e+00 6.429247e-02 -7.846288e-02
         vertex 1.312964e+00 -2.168404e-19 -8.162382e-02
      endloop
   endfacet
   facet normal 4.899586e-02 3.303615e-02 -9.982525e-01
      outer loop
         vertex 1.750000e+00 3.189150e-02 -6.464274e-02
         vertex 1.727421e+00 3.690329e-19 -6.680635e-02
         vertex 1.530778e+00 7.246564e-02 -7.405978e-02
      endloop
   endfacet
   facet normal 5.480873e-02 4.890554e-02 -9.972985e-01
      outer loop
         vertex 1.530778e+00 7.246564e-02 -7.405978e-02
         vertex 1.727421e+00 3.690329e-19 -6.680635e-02
         vertex 1.530874e+00 1.382358e-18 -7.760804e-02
      endloop
   endfacet
   facet normal 1.834409e-02 4.892235e-02 -9.986341e-01
      outer loop
         vertex 1.530778e+00 7.246564e-02 -7.405978e-02
         vertex 1.530874e+00 1.382358e-18 -7.760804e-02
         vertex 1.312874e+00 6.429247e-02 -7.846288e-02
      endloop
   endfacet
   facet normal 2.479590e-02 7.081816e-02 -9.971810e-01
      outer loop
         vertex 1.312874e+00 6.429247e-02 -7.846288e-02
         vertex 1.530874e+00 1.382358e-18 -7.760804e-02
         vertex 1.407312e+00 6.439026e-19 -8.068053e-02
      endloop
   endfacet
   facet normal 9.985355e-03 4.911704e-02 -9.987431e-01
      outer loop
         vertex 1.312874e+00 6.429247e-02 -7.846288e-02
         vertex 1.407312e+00 6.439026e-19 -8.068053e-02
         vertex 1.312964e+00 -2.168404e-19 -8.162382e-02
      endloop
   endfacet
   facet normal 3.061812e-02 1.039363e-01 -9.941126e-01
      outer loop
         vertex 1.530578e+00 1.395704e-01 -6.455703e-02
         vertex 1.750000e+00 1.459084e-01 -5.713630e-02
         vertex 1.750000e+00 1.273557e-01 -5.907602e-02
      endloop
   endfacet
   facet normal -5.230225e-03 1.458246e-01 -9.892966e-01
      outer loop
         vertex 1.094784e+00 5.544630e-02 -7.861383e-02
         vertex 1.312669e+00 1.240668e-01 -6.965093e-02
         vertex 1.312874e+00 6.429247e-02 -7.846288e-02
      endloop
   endfacet
   facet normal 1.274570e-02 1.458751e-01 -9.892209e-01
      outer loop
         vertex 1.312874e+00 6.429247e-02 -7.846288e-02
         vertex 1.312669e+00 1.240668e-01 -6.965093e-02
         vertex 1.530578e+00 1.395704e-01 -6.455703e-02
      endloop
   endfacet
   facet normal 1.474464e-02 1.402395e-01 -9.900078e-01
      outer loop
         vertex 1.312874e+00 6.429247e-02 -7.846288e-02
         vertex 1.530578e+00 1.395704e-01 -6.455703e-02
         vertex 1.530778e+00 7.246564e-02 -7.405978e-02
      endloop
   endfacet
   facet normal 3.252551e-02 1.402323e-01 -9.895842e-01
      outer loop
         vertex 1.530778e+00 7.246564e-02 -7.405978e-02
         vertex 1.530578e+00 1.395704e-01 -6.455703e-02
         vertex 1.750000e+00 1.273557e-01 -5.907602e-02
      endloop
   endfacet
   facet normal 5.358083e-02 5.812959e-02 -9.968701e-01
      outer loop
         vertex 1.530778e+00 7.246564e-02 -7.405978e-02
         vertex 1.750000e+00 1.273557e-01 -5.907602e-02
         vertex 1.750000e+00 3.189150e-02 -6.464274e-02
      endloop
   endfacet
   facet normal -1.113550e-02 1.208530e-01 -9.926080e-01
      outer loop
         vertex 6.418766e-01 4.574559e-02 -7.886655e-02
         vertex 5.498533e-01 -6.866273e-19 -8.340386e-02
         vertex 4.015531e-01 3.559707e-02 -7.740611e-02
      endloop
   endfacet
   facet normal -1.806094e-02 9.249666e-02 -9.955492e-01
      outer loop
         vertex 4.015531e-01 3.559707e-02 -7.740611e-02
         vertex 5.498533e-01 -6.866273e-19 -8.340386e-02
         vertex 4.021809e-01 -3.035766e-18 -8.072483e-02
      endloop
   endfacet
   facet normal -6.629790e-02 9.146418e-02 -9.935990e-01
      outer loop
         vertex 4.015531e-01 3.559707e-02 -7.740611e-02
         vertex 4.021809e-01 -3.035766e-18 -8.072483e-02
         vertex 2.865581e-01 2.854888e-02 -7.038187e-02
      endloop
   endfacet
   facet normal -6.668284e-02 8.994605e-02 -9.937118e-01
      outer loop
         vertex 2.865581e-01 2.854888e-02 -7.038187e-02
         vertex 4.021809e-01 -3.035766e-18 -8.072483e-02
         vertex 2.865975e-01 -4.580959e-18 -7.296862e-02
      endloop
   endfacet
   facet normal -1.346980e-01 8.923144e-02 -9.868608e-01
      outer loop
         vertex 2.865581e-01 2.854888e-02 -7.038187e-02
         vertex 2.865975e-01 -4.580959e-18 -7.296862e-02
         vertex 1.792030e-01 2.023933e-02 -5.648018e-02
      endloop
   endfacet
   facet normal -1.355846e-01 8.474986e-02 -9.871344e-01
      outer loop
         vertex 1.792030e-01 2.023933e-02 -5.648018e-02
         vertex 2.865975e-01 -4.580959e-18 -7.296862e-02
         vertex 1.799137e-01 -5.041540e-18 -5.831543e-02
      endloop
   endfacet
   facet normal -2.363905e-01 7.951119e-02 -9.683995e-01
      outer loop
         vertex 1.792030e-01 2.023933e-02 -5.648018e-02
         vertex 1.799137e-01 -5.041540e-18 -5.831543e-02
         vertex 8.263478e-02 1.070938e-02 -3.368992e-02
      endloop
   endfacet
   facet normal -2.104663e-01 2.570517e-01 -9.432011e-01
      outer loop
         vertex 8.263478e-02 1.070938e-02 -3.368992e-02
         vertex 1.799137e-01 -5.041540e-18 -5.831543e-02
         vertex 1.134971e-01 -4.408168e-18 -4.349519e-02
      endloop
   endfacet
   facet normal -2.798179e-01 7.026594e-02 -9.574783e-01
      outer loop
         vertex 8.263478e-02 1.070938e-02 -3.368992e-02
         vertex 1.134971e-01 -4.408168e-18 -4.349519e-02
         vertex 8.311933e-02 -3.747274e-18 -3.461745e-02
      endloop
   endfacet
   facet normal -2.742591e-02 1.428524e-01 -9.893639e-01
      outer loop
         vertex 1.731194e+00 2.186680e-01 -4.610937e-02
         vertex 1.750000e+00 1.459084e-01 -5.713630e-02
         vertex 1.671709e+00 2.320769e-01 -4.252432e-02
      endloop
   endfacet
   facet normal 2.764913e-02 1.914920e-01 -9.811047e-01
      outer loop
         vertex 1.671709e+00 2.320769e-01 -4.252432e-02
         vertex 1.750000e+00 1.459084e-01 -5.713630e-02
         vertex 1.530578e+00 1.395704e-01 -6.455703e-02
      endloop
   endfacet
   facet normal -1.795545e-02 2.574970e-01 -9.661123e-01
      outer loop
         vertex 1.671709e+00 2.320769e-01 -4.252432e-02
         vertex 1.530578e+00 1.395704e-01 -6.455703e-02
         vertex 1.561305e+00 2.450984e-01 -3.700183e-02
      endloop
   endfacet
   facet normal 1.036970e-01 2.229092e-01 -9.693082e-01
      outer loop
         vertex 1.561305e+00 2.450984e-01 -3.700183e-02
         vertex 1.530578e+00 1.395704e-01 -6.455703e-02
         vertex 1.530412e+00 1.994135e-01 -5.081288e-02
      endloop
   endfacet
   facet normal -5.352913e-03 2.926876e-01 -9.561931e-01
      outer loop
         vertex 1.561305e+00 2.450984e-01 -3.700183e-02
         vertex 1.530412e+00 1.994135e-01 -5.081288e-02
         vertex 1.312446e+00 1.778466e-01 -5.619424e-02
      endloop
   endfacet
   facet normal -6.706577e-05 2.427346e-01 -9.700927e-01
      outer loop
         vertex 1.312446e+00 1.778466e-01 -5.619424e-02
         vertex 1.530412e+00 1.994135e-01 -5.081288e-02
         vertex 1.312669e+00 1.240668e-01 -6.965093e-02
      endloop
   endfacet
   facet normal -1.150134e-02 2.426740e-01 -9.700397e-01
      outer loop
         vertex 1.312446e+00 1.778466e-01 -5.619424e-02
         vertex 1.312669e+00 1.240668e-01 -6.965093e-02
         vertex 1.094676e+00 1.073249e-01 -7.125457e-02
      endloop
   endfacet
   facet normal -3.502456e-03 1.404412e-01 -9.900828e-01
      outer loop
         vertex 1.094676e+00 1.073249e-01 -7.125457e-02
         vertex 1.312669e+00 1.240668e-01 -6.965093e-02
         vertex 1.094784e+00 5.544630e-02 -7.861383e-02
      endloop
   endfacet
   facet normal -1.074510e-02 1.404192e-01 -9.900338e-01
      outer loop
         vertex 1.094676e+00 1.073249e-01 -7.125457e-02
         vertex 1.094784e+00 5.544630e-02 -7.861383e-02
         vertex 8.750000e-01 5.035718e-02 -7.695026e-02
      endloop
   endfacet
   facet normal -8.954669e-03 6.044896e-02 -9.981311e-01
      outer loop
         vertex 8.750000e-01 5.035718e-02 -7.695026e-02
         vertex 1.094784e+00 5.544630e-02 -7.861383e-02
         vertex 8.750000e-01 0.000000e+00 -8.000000e-02
      endloop
   endfacet
   facet normal 7.009024e-03 6.044990e-02 -9.981466e-01
      outer loop
         vertex 8.750000e-01 5.035718e-02 -7.695026e-02
         vertex 8.750000e-01 0.000000e+00 -8.000000e-02
         vertex 6.418766e-01 4.574559e-02 -7.886655e-02
      endloop
   endfacet
   facet normal 1.185764e-02 8.511314e-02 -9.963007e-01
      outer loop
         vertex 6.418766e-01 4.574559e-02 -7.886655e-02
         vertex 8.750000e-01 0.000000e+00 -8.000000e-02
         vertex 6.421075e-01 4.878910e-19 -8.277181e-02
      endloop
   endfacet
   facet normal 6.826143e-03 8.509193e-02 -9.963497e-01
      outer loop
         vertex 6.418766e-01 4.574559e-02 -7.886655e-02
         vertex 6.421075e-01 4.878910e-19 -8.277181e-02
         vertex 5.498533e-01 -6.866273e-19 -8.340386e-02
      endloop
   endfacet
   facet normal -3.143698e-02 4.017710e-01 -9.152004e-01
      outer loop
         vertex 3.999238e-01 6.881972e-02 -6.844487e-02
         vertex 3.976739e-01 9.851028e-02 -5.533350e-02
         vertex 6.412967e-01 8.811774e-02 -6.826420e-02
      endloop
   endfacet
   facet normal -3.270062e-02 3.823824e-01 -9.234254e-01
      outer loop
         vertex 6.412967e-01 8.811774e-02 -6.826420e-02
         vertex 3.976739e-01 9.851028e-02 -5.533350e-02
         vertex 6.405371e-01 1.257963e-01 -5.263493e-02
      endloop
   endfacet
   facet normal -1.476089e-02 3.828542e-01 -9.236909e-01
      outer loop
         vertex 6.412967e-01 8.811774e-02 -6.826420e-02
         vertex 6.405371e-01 1.257963e-01 -5.263493e-02
         vertex 8.750000e-01 9.727228e-02 -6.820446e-02
      endloop
   endfacet
   facet normal -1.882112e-02 3.553945e-01 -9.345269e-01
      outer loop
         vertex 6.405371e-01 1.257963e-01 -5.263493e-02
         vertex 7.605882e-01 1.343738e-01 -5.179077e-02
         vertex 8.750000e-01 9.727228e-02 -6.820446e-02
      endloop
   endfacet
   facet normal -3.591431e-02 3.096105e-01 -9.501850e-01
      outer loop
         vertex 8.750000e-01 9.727228e-02 -6.820446e-02
         vertex 7.605882e-01 1.343738e-01 -5.179077e-02
         vertex 8.750000e-01 1.397368e-01 -5.436773e-02
      endloop
   endfacet
   facet normal -4.134618e-02 3.095454e-01 -9.499853e-01
      outer loop
         vertex 8.750000e-01 9.727228e-02 -6.820446e-02
         vertex 8.750000e-01 1.397368e-01 -5.436773e-02
         vertex 1.094508e+00 1.546918e-01 -5.904837e-02
      endloop
   endfacet
   facet normal -4.531477e-02 3.753764e-01 -9.257641e-01
      outer loop
         vertex 1.094508e+00 1.546918e-01 -5.904837e-02
         vertex 8.750000e-01 1.397368e-01 -5.436773e-02
         vertex 1.094291e+00 1.966030e-01 -4.204373e-02
      endloop
   endfacet
   facet normal -3.495694e-02 3.755789e-01 -9.261309e-01
      outer loop
         vertex 1.094508e+00 1.546918e-01 -5.904837e-02
         vertex 1.094291e+00 1.966030e-01 -4.204373e-02
         vertex 1.312303e+00 2.241556e-01 -3.909907e-02
      endloop
   endfacet
   facet normal -4.914162e-02 4.823113e-01 -8.746204e-01
      outer loop
         vertex 1.312303e+00 2.241556e-01 -3.909907e-02
         vertex 1.094291e+00 1.966030e-01 -4.204373e-02
         vertex 1.184403e+00 2.406452e-01 -2.281961e-02
      endloop
   endfacet
   facet normal -5.855797e-02 4.335599e-01 -8.992201e-01
      outer loop
         vertex 1.312303e+00 2.241556e-01 -3.909907e-02
         vertex 1.184403e+00 2.406452e-01 -2.281961e-02
         vertex 1.276095e+00 2.468997e-01 -2.577507e-02
      endloop
   endfacet
   facet normal -2.386900e-02 3.765342e-01 -9.260952e-01
      outer loop
         vertex 1.427984e+00 2.506652e-01 -3.130227e-02
         vertex 1.561305e+00 2.450984e-01 -3.700183e-02
         vertex 1.312303e+00 2.241556e-01 -3.909907e-02
      endloop
   endfacet
   facet normal -2.121592e-02 3.461752e-01 -9.379300e-01
      outer loop
         vertex 1.312303e+00 2.241556e-01 -3.909907e-02
         vertex 1.561305e+00 2.450984e-01 -3.700183e-02
         vertex 1.312446e+00 1.778466e-01 -5.619424e-02
      endloop
   endfacet
   facet normal -2.449316e-02 3.461403e-01 -9.378630e-01
      outer loop
         vertex 1.312303e+00 2.241556e-01 -3.909907e-02
         vertex 1.312446e+00 1.778466e-01 -5.619424e-02
         vertex 1.094508e+00 1.546918e-01 -5.904837e-02
      endloop
   endfacet
   facet normal -1.382436e-02 2.494724e-01 -9.682832e-01
      outer loop
         vertex 1.094508e+00 1.546918e-01 -5.904837e-02
         vertex 1.312446e+00 1.778466e-01 -5.619424e-02
         vertex 1.094676e+00 1.073249e-01 -7.125457e-02
      endloop
   endfacet
   facet normal -2.485358e-02 2.493826e-01 -9.680861e-01
      outer loop
         vertex 1.094508e+00 1.546918e-01 -5.904837e-02
         vertex 1.094676e+00 1.073249e-01 -7.125457e-02
         vertex 8.750000e-01 9.727228e-02 -6.820446e-02
      endloop
   endfacet
   facet normal -2.203037e-02 1.832161e-01 -9.828258e-01
      outer loop
         vertex 8.750000e-01 9.727228e-02 -6.820446e-02
         vertex 1.094676e+00 1.073249e-01 -7.125457e-02
         vertex 8.750000e-01 5.035718e-02 -7.695026e-02
      endloop
   endfacet
   facet normal -6.927134e-03 1.832562e-01 -9.830408e-01
      outer loop
         vertex 8.750000e-01 9.727228e-02 -6.820446e-02
         vertex 8.750000e-01 5.035718e-02 -7.695026e-02
         vertex 6.412967e-01 8.811774e-02 -6.826420e-02
      endloop
   endfacet
   facet normal 3.171559e-03 2.427758e-01 -9.700772e-01
      outer loop
         vertex 6.412967e-01 8.811774e-02 -6.826420e-02
         vertex 8.750000e-01 5.035718e-02 -7.695026e-02
         vertex 6.418766e-01 4.574559e-02 -7.886655e-02
      endloop
   endfacet
   facet normal -1.865838e-02 2.424536e-01 -9.699836e-01
      outer loop
         vertex 6.412967e-01 8.811774e-02 -6.826420e-02
         vertex 6.418766e-01 4.574559e-02 -7.886655e-02
         vertex 3.999238e-01 6.881972e-02 -6.844487e-02
      endloop
   endfacet
   facet normal -1.683104e-02 2.596190e-01 -9.655644e-01
      outer loop
         vertex 3.999238e-01 6.881972e-02 -6.844487e-02
         vertex 6.418766e-01 4.574559e-02 -7.886655e-02
         vertex 4.015531e-01 3.559707e-02 -7.740611e-02
      endloop
   endfacet
   facet normal -7.391050e-02 2.563326e-01 -9.637587e-01
      outer loop
         vertex 3.999238e-01 6.881972e-02 -6.844487e-02
         vertex 4.015531e-01 3.559707e-02 -7.740611e-02
         vertex 2.846293e-01 5.538307e-02 -6.317672e-02
      endloop
   endfacet
   facet normal -7.445455e-02 2.536061e-01 -9.644379e-01
      outer loop
         vertex 2.846293e-01 5.538307e-02 -6.317672e-02
         vertex 4.015531e-01 3.559707e-02 -7.740611e-02
         vertex 2.865581e-01 2.854888e-02 -7.038187e-02
      endloop
   endfacet
   facet normal -1.414921e-01 2.472133e-01 -9.585748e-01
      outer loop
         vertex 2.846293e-01 5.538307e-02 -6.317672e-02
         vertex 2.865581e-01 2.854888e-02 -7.038187e-02
         vertex 1.773390e-01 3.942992e-02 -5.145422e-02
      endloop
   endfacet
   facet normal -1.428152e-01 2.377507e-01 -9.607697e-01
      outer loop
         vertex 1.773390e-01 3.942992e-02 -5.145422e-02
         vertex 2.865581e-01 2.854888e-02 -7.038187e-02
         vertex 1.792030e-01 2.023933e-02 -5.648018e-02
      endloop
   endfacet
   facet normal -2.430293e-01 2.235976e-01 -9.438967e-01
      outer loop
         vertex 1.773390e-01 3.942992e-02 -5.145422e-02
         vertex 1.792030e-01 2.023933e-02 -5.648018e-02
         vertex 8.136015e-02 2.096674e-02 -3.111582e-02
      endloop
   endfacet
   facet normal -2.440388e-01 2.074074e-01 -9.473264e-01
      outer loop
         vertex 8.136015e-02 2.096674e-02 -3.111582e-02
         vertex 1.792030e-01 2.023933e-02 -5.648018e-02
         vertex 8.263478e-02 1.070938e-02 -3.368992e-02
      endloop
   endfacet
   facet normal -3.911900e-01 1.779817e-01 -9.029357e-01
      outer loop
         vertex 8.136015e-02 2.096674e-02 -3.111582e-02
         vertex 8.263478e-02 1.070938e-02 -3.368992e-02
         vertex 0.000000e+00 0.000000e+00 0.000000e+00
      endloop
   endfacet
   facet normal -1.405812e-01 9.593287e-01 -2.447967e-01
      outer loop
         vertex 1.411248e+00 3.254895e-01 4.668898e-02
         vertex 1.392849e+00 3.169024e-01 2.360333e-02
         vertex 1.312585e+00 3.125142e-01 5.250000e-02
      endloop
   endfacet
   facet normal -1.330085e-01 9.657507e-01 -2.227877e-01
      outer loop
         vertex 1.312585e+00 3.125142e-01 5.250000e-02
         vertex 1.392849e+00 3.169024e-01 2.360333e-02
         vertex 1.312528e+00 3.065985e-01 2.689044e-02
      endloop
   endfacet
   facet normal -1.424725e-01 9.644730e-01 -2.224714e-01
      outer loop
         vertex 1.312585e+00 3.125142e-01 5.250000e-02
         vertex 1.312528e+00 3.065985e-01 2.689044e-02
         vertex 1.033159e+00 2.745762e-01 6.697513e-02
      endloop
   endfacet
   facet normal -1.375466e-01 9.738878e-01 -1.806195e-01
      outer loop
         vertex 1.033159e+00 2.745762e-01 6.697513e-02
         vertex 1.312528e+00 3.065985e-01 2.689044e-02
         vertex 1.093620e+00 2.769455e-01 3.370771e-02
      endloop
   endfacet
   facet normal -1.540257e-01 9.652342e-01 -2.111850e-01
      outer loop
         vertex 1.033159e+00 2.745762e-01 6.697513e-02
         vertex 1.093620e+00 2.769455e-01 3.370771e-02
         vertex 8.750000e-01 2.500000e-01 7.000000e-02
      endloop
   endfacet
   facet normal -1.474550e-01 9.753633e-01 -1.640838e-01
      outer loop
         vertex 8.750000e-01 2.500000e-01 7.000000e-02
         vertex 1.093620e+00 2.769455e-01 3.370771e-02
         vertex 8.750000e-01 2.449171e-01 3.978569e-02
      endloop
   endfacet
   facet normal -1.493867e-01 9.750774e-01 -1.640357e-01
      outer loop
         vertex 8.750000e-01 2.500000e-01 7.000000e-02
         vertex 8.750000e-01 2.449171e-01 3.978569e-02
         vertex 7.590103e-01 2.317115e-01 6.691916e-02
      endloop
   endfacet
   facet normal -1.451102e-01 9.788958e-01 -1.438961e-01
      outer loop
         vertex 7.590103e-01 2.317115e-01 6.691916e-02
         vertex 8.750000e-01 2.449171e-01 3.978569e-02
         vertex 7.604926e-01 2.278726e-01 3.930871e-02
      endloop
   endfacet
   facet normal -1.412091e-01 9.794849e-01 -1.437686e-01
      outer loop
         vertex 7.590103e-01 2.317115e-01 6.691916e-02
         vertex 7.604926e-01 2.278726e-01 3.930871e-02
         vertex 6.382734e-01 2.131521e-01 5.906250e-02
      endloop
   endfacet
   facet normal -1.396468e-01 9.812584e-01 -1.327807e-01
      outer loop
         vertex 6.382734e-01 2.131521e-01 5.906250e-02
         vertex 7.604926e-01 2.278726e-01 3.930871e-02
         vertex 6.383719e-01 2.097412e-01 3.375255e-02
      endloop
   endfacet
   facet normal -1.670615e-01 9.770274e-01 -1.323173e-01
      outer loop
         vertex 6.382734e-01 2.131521e-01 5.906250e-02
         vertex 6.383719e-01 2.097412e-01 3.375255e-02
         vertex 3.894503e-01 1.646375e-01 1.499175e-02
      endloop
   endfacet
   facet normal -1.451408e-01 9.352761e-01 -3.227890e-01
      outer loop
         vertex 3.894503e-01 1.646375e-01 1.499175e-02
         vertex 6.383719e-01 2.097412e-01 3.375255e-02
         vertex 5.115077e-01 1.793099e-01 2.622241e-03
      endloop
   endfacet
   facet normal -1.444335e-01 9.393972e-01 -3.109210e-01
      outer loop
         vertex 3.894503e-01 1.646375e-01 1.499175e-02
         vertex 5.115077e-01 1.793099e-01 2.622241e-03
         vertex 4.368526e-01 1.672569e-01 8.860024e-04
      endloop
   endfacet
   facet normal -9.334815e-02 6.130672e-01 -7.844965e-01
      outer loop
         vertex 9.421108e-01 2.154088e-01 -1.584580e-02
         vertex 1.022183e+00 2.247784e-01 -1.805152e-02
         vertex 8.922718e-01 1.959300e-01 -2.513765e-02
      endloop
   endfacet
   facet normal -7.233246e-02 5.328297e-01 -8.431254e-01
      outer loop
         vertex 8.922718e-01 1.959300e-01 -2.513765e-02
         vertex 1.022183e+00 2.247784e-01 -1.805152e-02
         vertex 1.094291e+00 1.966030e-01 -4.204373e-02
      endloop
   endfacet
   facet normal -7.192302e-02 5.410560e-01 -8.379054e-01
      outer loop
         vertex 8.922718e-01 1.959300e-01 -2.513765e-02
         vertex 1.094291e+00 1.966030e-01 -4.204373e-02
         vertex 8.750000e-01 1.767420e-01 -3.604522e-02
      endloop
   endfacet
   facet normal -6.456610e-02 4.427946e-01 -8.942953e-01
      outer loop
         vertex 8.750000e-01 1.767420e-01 -3.604522e-02
         vertex 1.094291e+00 1.966030e-01 -4.204373e-02
         vertex 8.750000e-01 1.397368e-01 -5.436773e-02
      endloop
   endfacet
   facet normal -5.768351e-02 4.429817e-01 -8.946731e-01
      outer loop
         vertex 8.750000e-01 1.767420e-01 -3.604522e-02
         vertex 8.750000e-01 1.397368e-01 -5.436773e-02
         vertex 7.604590e-01 1.687540e-01 -3.261541e-02
      endloop
   endfacet
   facet normal -4.246093e-02 4.865422e-01 -8.726246e-01
      outer loop
         vertex 7.604590e-01 1.687540e-01 -3.261541e-02
         vertex 8.750000e-01 1.397368e-01 -5.436773e-02
         vertex 7.605882e-01 1.343738e-01 -5.179077e-02
      endloop
   endfacet
   facet normal -3.806007e-02 4.866412e-01 -8.727725e-01
      outer loop
         vertex 7.604590e-01 1.687540e-01 -3.261541e-02
         vertex 7.605882e-01 1.343738e-01 -5.179077e-02
         vertex 6.397671e-01 1.574612e-01 -3.364889e-02
      endloop
   endfacet
   facet normal -3.065500e-02 5.134492e-01 -8.575723e-01
      outer loop
         vertex 6.397671e-01 1.574612e-01 -3.364889e-02
         vertex 7.605882e-01 1.343738e-01 -5.179077e-02
         vertex 6.405371e-01 1.257963e-01 -5.263493e-02
      endloop
   endfacet
   facet normal -5.043484e-02 5.126824e-01 -8.570957e-01
      outer loop
         vertex 6.397671e-01 1.574612e-01 -3.364889e-02
         vertex 6.405371e-01 1.257963e-01 -5.263493e-02
         vertex 3.951842e-01 1.235111e-01 -3.956436e-02
      endloop
   endfacet
   facet normal -5.005071e-02 5.292499e-01 -8.469885e-01
      outer loop
         vertex 3.951842e-01 1.235111e-01 -3.956436e-02
         vertex 6.405371e-01 1.257963e-01 -5.263493e-02
         vertex 3.976739e-01 9.851028e-02 -5.533350e-02
      endloop
   endfacet
   facet normal -1.043969e-01 5.231156e-01 -8.458436e-01
      outer loop
         vertex 3.951842e-01 1.235111e-01 -3.956436e-02
         vertex 3.976739e-01 9.851028e-02 -5.533350e-02
         vertex 2.789202e-01 1.001285e-01 -3.967569e-02
      endloop
   endfacet
   facet normal -1.106246e-01 4.510303e-01 -8.856263e-01
      outer loop
         vertex 2.789202e-01 1.001285e-01 -3.967569e-02
         vertex 3.976739e-01 9.851028e-02 -5.533350e-02
         vertex 2.846293e-01 5.538307e-02 -6.317672e-02
      endloop
   endfacet
   facet normal -1.573200e-01 4.433866e-01 -8.824164e-01
      outer loop
         vertex 2.789202e-01 1.001285e-01 -3.967569e-02
         vertex 2.846293e-01 5.538307e-02 -6.317672e-02
         vertex 1.717592e-01 7.199092e-02 -3.470896e-02
      endloop
   endfacet
   facet normal -1.609451e-01 4.294262e-01 -8.886450e-01
      outer loop
         vertex 1.717592e-01 7.199092e-02 -3.470896e-02
         vertex 2.846293e-01 5.538307e-02 -6.317672e-02
         vertex 1.773390e-01 3.942992e-02 -5.145422e-02
      endloop
   endfacet
   facet normal -2.589371e-01 4.062810e-01 -8.762918e-01
      outer loop
         vertex 1.717592e-01 7.199092e-02 -3.470896e-02
         vertex 1.773390e-01 3.942992e-02 -5.145422e-02
         vertex 7.751465e-02 3.873561e-02 -2.227884e-02
      endloop
   endfacet
   facet normal -2.615009e-01 3.838402e-01 -8.855981e-01
      outer loop
         vertex 7.751465e-02 3.873561e-02 -2.227884e-02
         vertex 1.773390e-01 3.942992e-02 -5.145422e-02
         vertex 8.136015e-02 2.096674e-02 -3.111582e-02
      endloop
   endfacet
   facet normal -3.640974e-01 3.503703e-01 -8.629448e-01
      outer loop
         vertex 7.751465e-02 3.873561e-02 -2.227884e-02
         vertex 8.136015e-02 2.096674e-02 -3.111582e-02
         vertex 3.642774e-02 2.007550e-02 -1.251960e-02
      endloop
   endfacet
   facet normal -3.816497e-01 1.210616e-01 -9.163447e-01
      outer loop
         vertex 3.642774e-02 2.007550e-02 -1.251960e-02
         vertex 8.136015e-02 2.096674e-02 -3.111582e-02
         vertex 0.000000e+00 0.000000e+00 0.000000e+00
      endloop
   endfacet
   facet normal -1.191026e-01 -9.674656e-01 2.232149e-01
      outer loop
         vertex 1.048319e+00 -2.767702e-01 6.641604e-02
         vertex 1.312585e+00 -3.125142e-01 5.250000e-02
         vertex 1.312528e+00 -3.065985e-01 7.810956e-02
      endloop
   endfacet
   facet normal -1.533262e-01 -8.775054e-01 4.543956e-01
      outer loop
         vertex 8.750000e-01 -2.449171e-01 1.002143e-01
         vertex 8.750000e-01 -2.303408e-01 1.283634e-01
         vertex 6.386607e-01 -1.994156e-01 1.083368e-01
      endloop
   endfacet
   facet normal -2.377102e-01 -6.277547e-01 7.412273e-01
      outer loop
         vertex 5.167376e-01 -1.425011e-01 1.324634e-01
         vertex 3.951842e-01 -1.235111e-01 1.095644e-01
         vertex 3.928121e-01 -1.428807e-01 9.239926e-02
      endloop
   endfacet
   facet normal -2.854931e-01 -6.158097e-01 7.343515e-01
      outer loop
         vertex 3.928121e-01 -1.428807e-01 9.239926e-02
         vertex 3.951842e-01 -1.235111e-01 1.095644e-01
         vertex 2.789202e-01 -1.001285e-01 8.397257e-02
      endloop
   endfacet
   facet normal -6.479211e-01 -7.409126e-01 1.767674e-01
      outer loop
         vertex 3.349505e-02 -2.824501e-02 4.384642e-03
         vertex 0.000000e+00 0.000000e+00 0.000000e+00
         vertex 3.322017e-02 -2.886317e-02 7.861328e-04
      endloop
   endfacet
   facet normal -5.590333e-01 -8.089972e-01 1.816734e-01
      outer loop
         vertex 3.349505e-02 -2.824501e-02 4.384642e-03
         vertex 3.322017e-02 -2.886317e-02 7.861328e-04
         vertex 7.246397e-02 -5.395113e-02 9.827104e-03
      endloop
   endfacet
   facet normal -5.498263e-01 -8.315129e-01 7.922938e-02
      outer loop
         vertex 7.246397e-02 -5.395113e-02 9.827104e-03
         vertex 3.322017e-02 -2.886317e-02 7.861328e-04
         vertex 8.344816e-02 -6.178518e-02 3.835447e-03
      endloop
   endfacet
   facet normal -4.502534e-01 -8.471346e-01 2.821964e-01
      outer loop
         vertex 7.246397e-02 -5.395113e-02 9.827104e-03
         vertex 8.344816e-02 -6.178518e-02 3.835447e-03
         vertex 1.645536e-01 -9.844429e-02 2.319350e-02
      endloop
   endfacet
   facet normal -6.079486e-01 -6.502179e-01 4.556481e-01
      outer loop
         vertex 3.422047e-02 -2.648244e-02 7.867762e-03
         vertex 0.000000e+00 0.000000e+00 0.000000e+00
         vertex 3.349505e-02 -2.824501e-02 4.384642e-03
      endloop
   endfacet
   facet normal -2.826783e-01 -7.523733e-01 5.950020e-01
      outer loop
         vertex 3.908209e-01 -1.565429e-01 7.417762e-02
         vertex 3.928121e-01 -1.428807e-01 9.239926e-02
         vertex 2.734758e-01 -1.278953e-01 5.465288e-02
      endloop
   endfacet
   facet normal -2.999856e-01 -6.641994e-01 6.847246e-01
      outer loop
         vertex 2.734758e-01 -1.278953e-01 5.465288e-02
         vertex 3.928121e-01 -1.428807e-01 9.239926e-02
         vertex 2.789202e-01 -1.001285e-01 8.397257e-02
      endloop
   endfacet
   facet normal -3.368242e-01 -6.516253e-01 6.796572e-01
      outer loop
         vertex 2.734758e-01 -1.278953e-01 5.465288e-02
         vertex 2.789202e-01 -1.001285e-01 8.397257e-02
         vertex 1.663206e-01 -9.298386e-02 3.502049e-02
      endloop
   endfacet
   facet normal -3.433904e-01 -6.281932e-01 6.981807e-01
      outer loop
         vertex 1.663206e-01 -9.298386e-02 3.502049e-02
         vertex 2.789202e-01 -1.001285e-01 8.397257e-02
         vertex 1.717592e-01 -7.199092e-02 5.658396e-02
      endloop
   endfacet
   facet normal -4.113673e-01 -5.990544e-01 6.869576e-01
      outer loop
         vertex 1.663206e-01 -9.298386e-02 3.502049e-02
         vertex 1.717592e-01 -7.199092e-02 5.658396e-02
         vertex 7.371031e-02 -5.071621e-02 1.642225e-02
      endloop
   endfacet
   facet normal -4.142300e-01 -5.709083e-01 7.088563e-01
      outer loop
         vertex 7.371031e-02 -5.071621e-02 1.642225e-02
         vertex 1.717592e-01 -7.199092e-02 5.658396e-02
         vertex 7.751465e-02 -3.873561e-02 2.829447e-02
      endloop
   endfacet
   facet normal -4.795108e-01 -5.361522e-01 6.947015e-01
      outer loop
         vertex 7.371031e-02 -5.071621e-02 1.642225e-02
         vertex 7.751465e-02 -3.873561e-02 2.829447e-02
         vertex 3.422047e-02 -2.648244e-02 7.867762e-03
      endloop
   endfacet
   facet normal -1.944942e-01 -6.402351e-01 7.431494e-01
      outer loop
         vertex 6.397671e-01 -1.574612e-01 1.517739e-01
         vertex 5.167376e-01 -1.425011e-01 1.324634e-01
         vertex 5.152271e-01 -1.645538e-01 1.130694e-01
      endloop
   endfacet
   facet normal -1.524104e-01 -6.385673e-01 7.543228e-01
      outer loop
         vertex 6.397671e-01 -1.574612e-01 1.517739e-01
         vertex 6.391293e-01 -1.820355e-01 1.308418e-01
         vertex 7.604590e-01 -1.687540e-01 1.665998e-01
      endloop
   endfacet
   facet normal -1.596216e-01 -6.168504e-01 7.707247e-01
      outer loop
         vertex 7.604590e-01 -1.687540e-01 1.665998e-01
         vertex 6.391293e-01 -1.820355e-01 1.308418e-01
         vertex 7.604198e-01 -1.960395e-01 1.447537e-01
      endloop
   endfacet
   facet normal -1.073363e-01 -6.212989e-01 7.761872e-01
      outer loop
         vertex 7.604590e-01 -1.687540e-01 1.665998e-01
         vertex 7.604198e-01 -1.960395e-01 1.447537e-01
         vertex 8.750000e-01 -1.767420e-01 1.760452e-01
      endloop
   endfacet
   facet normal -1.209479e-01 -5.837517e-01 8.028733e-01
      outer loop
         vertex 8.750000e-01 -1.767420e-01 1.760452e-01
         vertex 7.604198e-01 -1.960395e-01 1.447537e-01
         vertex 8.750000e-01 -2.072795e-01 1.538421e-01
      endloop
   endfacet
   facet normal -5.633075e-02 -5.871350e-01 8.075267e-01
      outer loop
         vertex 8.750000e-01 -1.767420e-01 1.760452e-01
         vertex 8.750000e-01 -2.072795e-01 1.538421e-01
         vertex 9.848912e-01 -1.851294e-01 1.776126e-01
      endloop
   endfacet
   facet normal -5.336945e-01 -7.045806e-01 4.676925e-01
      outer loop
         vertex 3.422047e-02 -2.648244e-02 7.867762e-03
         vertex 3.349505e-02 -2.824501e-02 4.384642e-03
         vertex 7.371031e-02 -5.071621e-02 1.642225e-02
      endloop
   endfacet
   facet normal -5.344090e-01 -7.145458e-01 4.514768e-01
      outer loop
         vertex 7.371031e-02 -5.071621e-02 1.642225e-02
         vertex 3.349505e-02 -2.824501e-02 4.384642e-03
         vertex 7.246397e-02 -5.395113e-02 9.827104e-03
      endloop
   endfacet
   facet normal -4.434150e-01 -7.687535e-01 4.608699e-01
      outer loop
         vertex 7.371031e-02 -5.071621e-02 1.642225e-02
         vertex 7.246397e-02 -5.395113e-02 9.827104e-03
         vertex 1.663206e-01 -9.298386e-02 3.502049e-02
      endloop
   endfacet
   facet normal -4.426444e-01 -7.871216e-01 4.295410e-01
      outer loop
         vertex 1.663206e-01 -9.298386e-02 3.502049e-02
         vertex 7.246397e-02 -5.395113e-02 9.827104e-03
         vertex 1.645536e-01 -9.844429e-02 2.319350e-02
      endloop
   endfacet
   facet normal -3.499955e-01 -8.294892e-01 4.352596e-01
      outer loop
         vertex 1.663206e-01 -9.298386e-02 3.502049e-02
         vertex 1.645536e-01 -9.844429e-02 2.319350e-02
         vertex 2.734758e-01 -1.278953e-01 5.465288e-02
      endloop
   endfacet
   facet normal -3.462426e-01 -8.448218e-01 4.079120e-01
      outer loop
         vertex 2.734758e-01 -1.278953e-01 5.465288e-02
         vertex 1.645536e-01 -9.844429e-02 2.319350e-02
         vertex 2.717289e-01 -1.348747e-01 3.871520e-02
      endloop
   endfacet
   facet normal -2.801571e-01 -8.676735e-01 4.106759e-01
      outer loop
         vertex 2.734758e-01 -1.278953e-01 5.465288e-02
         vertex 2.717289e-01 -1.348747e-01 3.871520e-02
         vertex 3.908209e-01 -1.565429e-01 7.417762e-02
      endloop
   endfacet
   facet normal -2.760859e-01 -8.781961e-01 3.905742e-01
      outer loop
         vertex 3.908209e-01 -1.565429e-01 7.417762e-02
         vertex 2.717289e-01 -1.348747e-01 3.871520e-02
         vertex 3.894503e-01 -1.646375e-01 5.500825e-02
      endloop
   endfacet
   facet normal -2.086351e-01 -8.955264e-01 3.930699e-01
      outer loop
         vertex 3.908209e-01 -1.565429e-01 7.417762e-02
         vertex 3.894503e-01 -1.646375e-01 5.500825e-02
         vertex 6.383719e-01 -2.097412e-01 8.437245e-02
      endloop
   endfacet
   facet normal -4.807873e-01 -3.876019e-01 7.865166e-01
      outer loop
         vertex 7.751465e-02 -3.873561e-02 2.829447e-02
         vertex 0.000000e+00 0.000000e+00 0.000000e+00
         vertex 3.422047e-02 -2.648244e-02 7.867762e-03
      endloop
   endfacet
   facet normal -1.967071e-01 -6.328056e-01 7.489082e-01
      outer loop
         vertex 6.397671e-01 -1.574612e-01 1.517739e-01
         vertex 5.152271e-01 -1.645538e-01 1.130694e-01
         vertex 6.391293e-01 -1.820355e-01 1.308418e-01
      endloop
   endfacet
   facet normal -1.955796e-01 -7.741986e-01 6.019678e-01
      outer loop
         vertex 6.391293e-01 -1.820355e-01 1.308418e-01
         vertex 5.152271e-01 -1.645538e-01 1.130694e-01
         vertex 6.386607e-01 -1.994156e-01 1.083368e-01
      endloop
   endfacet
   facet normal -1.594729e-01 -7.797196e-01 6.054798e-01
      outer loop
         vertex 6.391293e-01 -1.820355e-01 1.308418e-01
         vertex 6.386607e-01 -1.994156e-01 1.083368e-01
         vertex 7.604198e-01 -1.960395e-01 1.447537e-01
      endloop
   endfacet
   facet normal -1.537398e-01 -7.943611e-01 5.876686e-01
      outer loop
         vertex 7.604198e-01 -1.960395e-01 1.447537e-01
         vertex 6.386607e-01 -1.994156e-01 1.083368e-01
         vertex 8.750000e-01 -2.303408e-01 1.283634e-01
      endloop
   endfacet
   facet normal -1.249704e-01 -7.355922e-01 6.657976e-01
      outer loop
         vertex 7.604198e-01 -1.960395e-01 1.447537e-01
         vertex 8.750000e-01 -2.303408e-01 1.283634e-01
         vertex 8.750000e-01 -2.072795e-01 1.538421e-01
      endloop
   endfacet
   facet normal -1.298937e-01 -9.716686e-01 1.974533e-01
      outer loop
         vertex 1.048319e+00 -2.767702e-01 6.641604e-02
         vertex 1.093620e+00 -2.769455e-01 9.535479e-02
         vertex 9.842551e-01 -2.613625e-01 1.000934e-01
      endloop
   endfacet
   facet normal -9.805654e-02 -8.470417e-01 5.224033e-01
      outer loop
         vertex 9.842551e-01 -2.613625e-01 1.000934e-01
         vertex 1.093620e+00 -2.769455e-01 9.535479e-02
         vertex 1.093800e+00 -2.593289e-01 1.239528e-01
      endloop
   endfacet
   facet normal -9.181517e-02 -8.639216e-01 4.951862e-01
      outer loop
         vertex 9.842551e-01 -2.613625e-01 1.000934e-01
         vertex 1.093800e+00 -2.593289e-01 1.239528e-01
         vertex 9.844391e-01 -2.445910e-01 1.293878e-01
      endloop
   endfacet
   facet normal -5.553700e-02 -6.812826e-01 7.299107e-01
      outer loop
         vertex 9.844391e-01 -2.445910e-01 1.293878e-01
         vertex 1.093800e+00 -2.593289e-01 1.239528e-01
         vertex 1.094041e+00 -2.319952e-01 1.494838e-01
      endloop
   endfacet
   facet normal -4.770037e-02 -7.084185e-01 7.041789e-01
      outer loop
         vertex 9.844391e-01 -2.445910e-01 1.293878e-01
         vertex 1.094041e+00 -2.319952e-01 1.494838e-01
         vertex 9.846714e-01 -2.186354e-01 1.555154e-01
      endloop
   endfacet
   facet normal -1.660636e-02 -5.211858e-01 8.532817e-01
      outer loop
         vertex 9.846714e-01 -2.186354e-01 1.555154e-01
         vertex 1.094041e+00 -2.319952e-01 1.494838e-01
         vertex 1.094291e+00 -1.966030e-01 1.711062e-01
      endloop
   endfacet
   facet normal -8.086162e-03 -5.504972e-01 8.347978e-01
      outer loop
         vertex 9.846714e-01 -2.186354e-01 1.555154e-01
         vertex 1.094291e+00 -1.966030e-01 1.711062e-01
         vertex 9.848912e-01 -1.851294e-01 1.776126e-01
      endloop
   endfacet
   facet normal -6.954513e-02 -5.489012e-01 8.329892e-01
      outer loop
         vertex 9.848912e-01 -1.851294e-01 1.776126e-01
         vertex 8.750000e-01 -2.072795e-01 1.538421e-01
         vertex 9.846714e-01 -2.186354e-01 1.555154e-01
      endloop
   endfacet
   facet normal -8.667951e-02 -7.386140e-01 6.685327e-01
      outer loop
         vertex 9.846714e-01 -2.186354e-01 1.555154e-01
         vertex 8.750000e-01 -2.072795e-01 1.538421e-01
         vertex 8.750000e-01 -2.303408e-01 1.283634e-01
      endloop
   endfacet
   facet normal -9.844047e-02 -7.055546e-01 7.017850e-01
      outer loop
         vertex 9.846714e-01 -2.186354e-01 1.555154e-01
         vertex 8.750000e-01 -2.303408e-01 1.283634e-01
         vertex 9.844391e-01 -2.445910e-01 1.293878e-01
      endloop
   endfacet
   facet normal -1.190796e-01 -8.816871e-01 4.565610e-01
      outer loop
         vertex 9.844391e-01 -2.445910e-01 1.293878e-01
         vertex 8.750000e-01 -2.303408e-01 1.283634e-01
         vertex 8.750000e-01 -2.449171e-01 1.002143e-01
      endloop
   endfacet
   facet normal -1.289405e-01 -8.602423e-01 4.933129e-01
      outer loop
         vertex 9.844391e-01 -2.445910e-01 1.293878e-01
         vertex 8.750000e-01 -2.449171e-01 1.002143e-01
         vertex 9.842551e-01 -2.613625e-01 1.000934e-01
      endloop
   endfacet
   facet normal -1.466510e-01 -9.754812e-01 1.641036e-01
      outer loop
         vertex 9.842551e-01 -2.613625e-01 1.000934e-01
         vertex 8.750000e-01 -2.449171e-01 1.002143e-01
         vertex 8.750000e-01 -2.500000e-01 7.000000e-02
      endloop
   endfacet
   facet normal -1.471685e-01 -9.750580e-01 1.661424e-01
      outer loop
         vertex 9.842551e-01 -2.613625e-01 1.000934e-01
         vertex 8.750000e-01 -2.500000e-01 7.000000e-02
         vertex 1.048319e+00 -2.767702e-01 6.641604e-02
      endloop
   endfacet
   facet normal -1.422230e-01 -9.749488e-01 1.710191e-01
      outer loop
         vertex 1.750000e+00 -3.750000e-01 3.500000e-02
         vertex 1.531537e+00 -3.403795e-01 5.068632e-02
         vertex 1.508823e+00 -3.386728e-01 4.152670e-02
      endloop
   endfacet
   facet normal -2.237079e-01 -8.940284e-01 3.881598e-01
      outer loop
         vertex 1.508823e+00 -3.386728e-01 4.152670e-02
         vertex 1.531537e+00 -3.403795e-01 5.068632e-02
         vertex 1.531422e+00 -3.360255e-01 6.064884e-02
      endloop
   endfacet
   facet normal -1.127593e-01 -9.574077e-01 2.658115e-01
      outer loop
         vertex 1.508823e+00 -3.386728e-01 4.152670e-02
         vertex 1.531422e+00 -3.360255e-01 6.064884e-02
         vertex 1.312585e+00 -3.125142e-01 5.250000e-02
      endloop
   endfacet
   facet normal -1.163903e-01 -8.521079e-01 5.102602e-01
      outer loop
         vertex 1.750000e+00 -3.738148e-01 4.300087e-02
         vertex 1.750000e+00 -3.644654e-01 5.861389e-02
         vertex 1.640769e+00 -3.513258e-01 5.564088e-02
      endloop
   endfacet
   facet normal -9.627408e-02 -6.250672e-01 7.746111e-01
      outer loop
         vertex 1.640769e+00 -3.513258e-01 5.564088e-02
         vertex 1.750000e+00 -3.644654e-01 5.861389e-02
         vertex 1.750000e+00 -3.455111e-01 7.390892e-02
      endloop
   endfacet
   facet normal -8.299011e-02 -6.924866e-01 7.166414e-01
      outer loop
         vertex 1.640769e+00 -3.513258e-01 5.564088e-02
         vertex 1.750000e+00 -3.455111e-01 7.390892e-02
         vertex 1.640481e+00 -3.325294e-01 7.377034e-02
      endloop
   endfacet
   facet normal -5.588241e-02 -4.619970e-01 8.851192e-01
      outer loop
         vertex 1.640481e+00 -3.325294e-01 7.377034e-02
         vertex 1.750000e+00 -3.455111e-01 7.390892e-02
         vertex 1.750000e+00 -3.210880e-01 8.665682e-02
      endloop
   endfacet
   facet normal -5.188707e-02 -4.859599e-01 8.724395e-01
      outer loop
         vertex 1.640481e+00 -3.325294e-01 7.377034e-02
         vertex 1.750000e+00 -3.210880e-01 8.665682e-02
         vertex 1.640160e+00 -3.017800e-01 9.087909e-02
      endloop
   endfacet
   facet normal -2.021131e-02 -3.219660e-01 9.465355e-01
      outer loop
         vertex 1.640160e+00 -3.017800e-01 9.087909e-02
         vertex 1.750000e+00 -3.210880e-01 8.665682e-02
         vertex 1.750000e+00 -2.651131e-01 1.056968e-01
      endloop
   endfacet
   facet normal -7.307295e-03 -3.557750e-01 9.345431e-01
      outer loop
         vertex 1.640160e+00 -3.017800e-01 9.087909e-02
         vertex 1.750000e+00 -2.651131e-01 1.056968e-01
         vertex 1.639937e+00 -2.595502e-01 1.069540e-01
      endloop
   endfacet
   facet normal 8.577564e-02 -8.226514e-02 9.929124e-01
      outer loop
         vertex 1.750000e+00 -1.459084e-01 1.271363e-01
         vertex 1.750000e+00 -7.553577e-02 1.329668e-01
         vertex 1.640130e+00 -7.491546e-02 1.425097e-01
      endloop
   endfacet
   facet normal 8.634862e-02 -2.680626e-02 9.959043e-01
      outer loop
         vertex 1.640130e+00 -7.491546e-02 1.425097e-01
         vertex 1.750000e+00 -7.553577e-02 1.329668e-01
         vertex 1.750000e+00 0.000000e+00 1.350000e-01
      endloop
   endfacet
   facet normal 1.117942e-01 -6.455266e-02 9.916325e-01
      outer loop
         vertex 1.640130e+00 -7.491546e-02 1.425097e-01
         vertex 1.750000e+00 0.000000e+00 1.350000e-01
         vertex 1.530778e+00 -7.246564e-02 1.549973e-01
      endloop
   endfacet
   facet normal 1.067100e-01 -4.876879e-02 9.930934e-01
      outer loop
         vertex 1.530778e+00 -7.246564e-02 1.549973e-01
         vertex 1.750000e+00 0.000000e+00 1.350000e-01
         vertex 1.530874e+00 -3.181018e-18 1.585455e-01
      endloop
   endfacet
   facet normal 1.280133e-01 -4.867398e-02 9.905773e-01
      outer loop
         vertex 1.530778e+00 -7.246564e-02 1.549973e-01
         vertex 1.530874e+00 -3.181018e-18 1.585455e-01
         vertex 1.381522e+00 -4.640975e-18 1.778465e-01
      endloop
   endfacet
   facet normal 6.049428e-02 -1.347444e-01 9.890321e-01
      outer loop
         vertex 1.750000e+00 -1.937131e-01 1.206235e-01
         vertex 1.750000e+00 -1.459084e-01 1.271363e-01
         vertex 1.640000e+00 -1.443806e-01 1.340726e-01
      endloop
   endfacet
   facet normal 6.080756e-02 -1.204605e-01 9.908540e-01
      outer loop
         vertex 1.640000e+00 -1.443806e-01 1.340726e-01
         vertex 1.750000e+00 -1.459084e-01 1.271363e-01
         vertex 1.640130e+00 -7.491546e-02 1.425097e-01
      endloop
   endfacet
   facet normal 9.784036e-02 -1.201733e-01 9.879199e-01
      outer loop
         vertex 1.640000e+00 -1.443806e-01 1.340726e-01
         vertex 1.640130e+00 -7.491546e-02 1.425097e-01
         vertex 1.530578e+00 -1.395704e-01 1.454945e-01
      endloop
   endfacet
   facet normal 1.092563e-01 -1.396906e-01 9.841492e-01
      outer loop
         vertex 1.530578e+00 -1.395704e-01 1.454945e-01
         vertex 1.640130e+00 -7.491546e-02 1.425097e-01
         vertex 1.530778e+00 -7.246564e-02 1.549973e-01
      endloop
   endfacet
   facet normal 1.231203e-01 -1.395036e-01 9.825376e-01
      outer loop
         vertex 1.530578e+00 -1.395704e-01 1.454945e-01
         vertex 1.530778e+00 -7.246564e-02 1.549973e-01
         vertex 1.312874e+00 -6.429247e-02 1.834629e-01
      endloop
   endfacet
   facet normal 1.275425e-01 -4.964754e-02 9.905897e-01
      outer loop
         vertex 1.312874e+00 -6.429247e-02 1.834629e-01
         vertex 1.530778e+00 -7.246564e-02 1.549973e-01
         vertex 1.381522e+00 -4.640975e-18 1.778465e-01
      endloop
   endfacet
   facet normal 1.118716e-01 -3.268835e-02 9.931849e-01
      outer loop
         vertex 1.312874e+00 -6.429247e-02 1.834629e-01
         vertex 1.381522e+00 -4.640975e-18 1.778465e-01
         vertex 1.094822e+00 -4.313983e-18 2.101402e-01
      endloop
   endfacet
   facet normal -5.028009e-02 -7.414404e-02 9.959792e-01
      outer loop
         vertex 8.750000e-01 -5.035718e-02 2.169503e-01
         vertex 8.590310e-01 4.322011e-19 2.198928e-01
         vertex 7.609117e-01 -4.876398e-02 2.113093e-01
      endloop
   endfacet
   facet normal -4.968394e-02 -7.533314e-02 9.959199e-01
      outer loop
         vertex 7.609117e-01 -4.876398e-02 2.113093e-01
         vertex 8.590310e-01 4.322011e-19 2.198928e-01
         vertex 7.609764e-01 1.684696e-18 2.150012e-01
      endloop
   endfacet
   facet normal -1.209558e-01 -7.477803e-02 9.898373e-01
      outer loop
         vertex 7.609117e-01 -4.876398e-02 2.113093e-01
         vertex 7.609764e-01 1.684696e-18 2.150012e-01
         vertex 6.418766e-01 -4.574559e-02 1.969915e-01
      endloop
   endfacet
   facet normal -1.156269e-01 -8.845849e-02 9.893460e-01
      outer loop
         vertex 6.418766e-01 -4.574559e-02 1.969915e-01
         vertex 7.609764e-01 1.684696e-18 2.150012e-01
         vertex 6.485520e-01 9.842906e-19 2.018619e-01
      endloop
   endfacet
   facet normal -1.791679e-01 -7.826590e-02 9.807004e-01
      outer loop
         vertex 6.418766e-01 -4.574559e-02 1.969915e-01
         vertex 6.485520e-01 9.842906e-19 2.018619e-01
         vertex 5.210416e-01 -4.134297e-02 1.752671e-01
      endloop
   endfacet
   facet normal -1.762058e-01 -8.725866e-02 9.804782e-01
      outer loop
         vertex 5.210416e-01 -4.134297e-02 1.752671e-01
         vertex 6.485520e-01 9.842906e-19 2.018619e-01
         vertex 5.214801e-01 -1.370978e-18 1.790253e-01
      endloop
   endfacet
   facet normal -2.301484e-01 -8.567728e-02 9.693767e-01
      outer loop
         vertex 5.210416e-01 -4.134297e-02 1.752671e-01
         vertex 5.214801e-01 -1.370978e-18 1.790253e-01
         vertex 4.015531e-01 -3.559707e-02 1.474061e-01
      endloop
   endfacet
   facet normal -2.251775e-01 -1.020530e-01 9.689584e-01
      outer loop
         vertex 4.015531e-01 -3.559707e-02 1.474061e-01
         vertex 5.214801e-01 -1.370978e-18 1.790253e-01
         vertex 4.235608e-01 -3.630093e-18 1.562697e-01
      endloop
   endfacet
   facet normal -2.769274e-01 -6.745980e-02 9.585199e-01
      outer loop
         vertex 4.015531e-01 -3.559707e-02 1.474061e-01
         vertex 4.235608e-01 -3.630093e-18 1.562697e-01
         vertex 2.865581e-01 -2.854888e-02 1.146787e-01
      endloop
   endfacet
   facet normal -2.738161e-01 -8.203696e-02 9.582769e-01
      outer loop
         vertex 2.865581e-01 -2.854888e-02 1.146787e-01
         vertex 4.235608e-01 -3.630093e-18 1.562697e-01
         vertex 2.872965e-01 -6.352018e-18 1.173338e-01
      endloop
   endfacet
   facet normal -3.249913e-01 -7.923596e-02 9.423918e-01
      outer loop
         vertex 2.865581e-01 -2.854888e-02 1.146787e-01
         vertex 2.872965e-01 -6.352018e-18 1.173338e-01
         vertex 1.792030e-01 -2.023933e-02 7.835518e-02
      endloop
   endfacet
   facet normal -3.247358e-01 -8.055475e-02 9.423681e-01
      outer loop
         vertex 1.792030e-01 -2.023933e-02 7.835518e-02
         vertex 2.872965e-01 -6.352018e-18 1.173338e-01
         vertex 1.845808e-01 -7.088055e-18 8.193843e-02
      endloop
   endfacet
   facet normal -3.762319e-01 -6.367896e-02 9.243347e-01
      outer loop
         vertex 1.792030e-01 -2.023933e-02 7.835518e-02
         vertex 1.845808e-01 -7.088055e-18 8.193843e-02
         vertex 8.263478e-02 -1.070938e-02 3.970554e-02
      endloop
   endfacet
   facet normal -1.123430e-01 -9.682296e-01 2.234066e-01
      outer loop
         vertex 1.312585e+00 -3.125142e-01 5.250000e-02
         vertex 1.531422e+00 -3.360255e-01 6.064884e-02
         vertex 1.312528e+00 -3.065985e-01 7.810956e-02
      endloop
   endfacet
   facet normal -4.636196e-02 -7.418195e-01 6.689951e-01
      outer loop
         vertex 1.312528e+00 -3.065985e-01 7.810956e-02
         vertex 1.531422e+00 -3.360255e-01 6.064884e-02
         vertex 1.531063e+00 -3.186976e-01 7.983804e-02
      endloop
   endfacet
   facet normal -4.955655e-02 -8.120160e-01 5.815275e-01
      outer loop
         vertex 1.312528e+00 -3.065985e-01 7.810956e-02
         vertex 1.531063e+00 -3.186976e-01 7.983804e-02
         vertex 1.312409e+00 -2.893757e-01 1.021485e-01
      endloop
   endfacet
   facet normal 1.412653e-02 -5.366179e-01 8.437071e-01
      outer loop
         vertex 1.312409e+00 -2.893757e-01 1.021485e-01
         vertex 1.531063e+00 -3.186976e-01 7.983804e-02
         vertex 1.530671e+00 -2.900033e-01 9.809487e-02
      endloop
   endfacet
   facet normal 1.273006e-02 -6.232385e-01 7.819282e-01
      outer loop
         vertex 1.312409e+00 -2.893757e-01 1.021485e-01
         vertex 1.530671e+00 -2.900033e-01 9.809487e-02
         vertex 1.312307e+00 -2.616325e-01 1.242630e-01
      endloop
   endfacet
   facet normal 5.794461e-02 -3.983455e-01 9.154033e-01
      outer loop
         vertex 1.312307e+00 -2.616325e-01 1.242630e-01
         vertex 1.530671e+00 -2.900033e-01 9.809487e-02
         vertex 1.530414e+00 -2.500942e-01 1.154779e-01
      endloop
   endfacet
   facet normal 6.023767e-02 -4.669481e-01 8.822306e-01
      outer loop
         vertex 1.312307e+00 -2.616325e-01 1.242630e-01
         vertex 1.530414e+00 -2.500942e-01 1.154779e-01
         vertex 1.312303e+00 -2.241556e-01 1.440991e-01
      endloop
   endfacet
   facet normal 8.160791e-02 -3.453777e-01 9.349088e-01
      outer loop
         vertex 1.312303e+00 -2.241556e-01 1.440991e-01
         vertex 1.530414e+00 -2.500942e-01 1.154779e-01
         vertex 1.312446e+00 -1.778466e-01 1.611942e-01
      endloop
   endfacet
   facet normal 7.879117e-02 -3.454485e-01 9.351242e-01
      outer loop
         vertex 1.312303e+00 -2.241556e-01 1.440991e-01
         vertex 1.312446e+00 -1.778466e-01 1.611942e-01
         vertex 1.094508e+00 -1.546918e-01 1.881109e-01
      endloop
   endfacet
   facet normal 9.264318e-02 -2.487764e-01 9.641201e-01
      outer loop
         vertex 1.094508e+00 -1.546918e-01 1.881109e-01
         vertex 1.312446e+00 -1.778466e-01 1.611942e-01
         vertex 1.094676e+00 -1.073249e-01 2.003171e-01
      endloop
   endfacet
   facet normal 3.972681e-02 -2.494770e-01 9.675655e-01
      outer loop
         vertex 1.094508e+00 -1.546918e-01 1.881109e-01
         vertex 1.094676e+00 -1.073249e-01 2.003171e-01
         vertex 9.850500e-01 -1.455776e-01 1.949551e-01
      endloop
   endfacet
   facet normal 4.646051e-02 -2.680349e-01 9.622883e-01
      outer loop
         vertex 9.850500e-01 -1.455776e-01 1.949551e-01
         vertex 1.094676e+00 -1.073249e-01 2.003171e-01
         vertex 9.851479e-01 -1.009670e-01 2.073761e-01
      endloop
   endfacet
   facet normal -1.937187e-02 -2.681401e-01 9.631851e-01
      outer loop
         vertex 9.850500e-01 -1.455776e-01 1.949551e-01
         vertex 9.851479e-01 -1.009670e-01 2.073761e-01
         vertex 8.750000e-01 -1.397368e-01 1.943677e-01
      endloop
   endfacet
   facet normal -3.241896e-03 -3.098088e-01 9.507933e-01
      outer loop
         vertex 8.750000e-01 -1.397368e-01 1.943677e-01
         vertex 9.851479e-01 -1.009670e-01 2.073761e-01
         vertex 8.750000e-01 -9.727228e-02 2.082045e-01
      endloop
   endfacet
   facet normal -8.561382e-02 -3.086729e-01 9.473074e-01
      outer loop
         vertex 8.750000e-01 -1.397368e-01 1.943677e-01
         vertex 8.750000e-01 -9.727228e-02 2.082045e-01
         vertex 7.605882e-01 -1.343738e-01 1.857751e-01
      endloop
   endfacet
   facet normal -6.806650e-02 -3.539944e-01 9.327673e-01
      outer loop
         vertex 7.605882e-01 -1.343738e-01 1.857751e-01
         vertex 8.750000e-01 -9.727228e-02 2.082045e-01
         vertex 7.607607e-01 -9.396618e-02 2.011228e-01
      endloop
   endfacet
   facet normal -1.408616e-01 -3.510060e-01 9.257174e-01
      outer loop
         vertex 7.605882e-01 -1.343738e-01 1.857751e-01
         vertex 7.607607e-01 -9.396618e-02 2.011228e-01
         vertex 6.405371e-01 -1.257963e-01 1.707599e-01
      endloop
   endfacet
   facet normal -1.315284e-01 -3.775578e-01 9.165972e-01
      outer loop
         vertex 6.405371e-01 -1.257963e-01 1.707599e-01
         vertex 7.607607e-01 -9.396618e-02 2.011228e-01
         vertex 6.412967e-01 -8.811774e-02 1.863892e-01
      endloop
   endfacet
   facet normal -1.886184e-01 -3.730259e-01 9.084464e-01
      outer loop
         vertex 6.405371e-01 -1.257963e-01 1.707599e-01
         vertex 6.412967e-01 -8.811774e-02 1.863892e-01
         vertex 5.183859e-01 -1.138825e-01 1.502901e-01
      endloop
   endfacet
   facet normal -1.850080e-01 -3.845464e-01 9.043761e-01
      outer loop
         vertex 5.183859e-01 -1.138825e-01 1.502901e-01
         vertex 6.412967e-01 -8.811774e-02 1.863892e-01
         vertex 5.199154e-01 -7.973344e-02 1.651233e-01
      endloop
   endfacet
   facet normal -2.333842e-01 -3.785920e-01 8.956561e-01
      outer loop
         vertex 5.183859e-01 -1.138825e-01 1.502901e-01
         vertex 5.199154e-01 -7.973344e-02 1.651233e-01
         vertex 3.976739e-01 -9.851028e-02 1.253335e-01
      endloop
   endfacet
   facet normal -2.335627e-01 -3.779268e-01 8.958905e-01
      outer loop
         vertex 3.976739e-01 -9.851028e-02 1.253335e-01
         vertex 5.199154e-01 -7.973344e-02 1.651233e-01
         vertex 3.999238e-01 -6.881972e-02 1.384449e-01
      endloop
   endfacet
   facet normal -2.809941e-01 -3.697906e-01 8.856056e-01
      outer loop
         vertex 3.976739e-01 -9.851028e-02 1.253335e-01
         vertex 3.999238e-01 -6.881972e-02 1.384449e-01
         vertex 2.846293e-01 -5.538307e-02 1.074736e-01
      endloop
   endfacet
   facet normal -3.807708e-01 -1.802775e-01 9.069254e-01
      outer loop
         vertex 8.263478e-02 -1.070938e-02 3.970554e-02
         vertex 8.136015e-02 -2.096674e-02 3.713144e-02
         vertex 1.792030e-01 -2.023933e-02 7.835518e-02
      endloop
   endfacet
   facet normal -3.791809e-01 -1.997919e-01 9.034960e-01
      outer loop
         vertex 1.792030e-01 -2.023933e-02 7.835518e-02
         vertex 8.136015e-02 -2.096674e-02 3.713144e-02
         vertex 1.773390e-01 -3.942992e-02 7.332922e-02
      endloop
   endfacet
   facet normal -3.279004e-01 -2.094122e-01 9.212100e-01
      outer loop
         vertex 1.792030e-01 -2.023933e-02 7.835518e-02
         vertex 1.773390e-01 -3.942992e-02 7.332922e-02
         vertex 2.865581e-01 -2.854888e-02 1.146787e-01
      endloop
   endfacet
   facet normal -3.255923e-01 -2.232917e-01 9.187657e-01
      outer loop
         vertex 2.865581e-01 -2.854888e-02 1.146787e-01
         vertex 1.773390e-01 -3.942992e-02 7.332922e-02
         vertex 2.846293e-01 -5.538307e-02 1.074736e-01
      endloop
   endfacet
   facet normal -2.794029e-01 -2.302103e-01 9.321680e-01
      outer loop
         vertex 2.865581e-01 -2.854888e-02 1.146787e-01
         vertex 2.846293e-01 -5.538307e-02 1.074736e-01
         vertex 4.015531e-01 -3.559707e-02 1.474061e-01
      endloop
   endfacet
   facet normal -2.777258e-01 -2.374603e-01 9.308496e-01
      outer loop
         vertex 4.015531e-01 -3.559707e-02 1.474061e-01
         vertex 2.846293e-01 -5.538307e-02 1.074736e-01
         vertex 3.999238e-01 -6.881972e-02 1.384449e-01
      endloop
   endfacet
   facet normal -2.313415e-01 -2.427686e-01 9.420958e-01
      outer loop
         vertex 4.015531e-01 -3.559707e-02 1.474061e-01
         vertex 3.999238e-01 -6.881972e-02 1.384449e-01
         vertex 5.210416e-01 -4.134297e-02 1.752671e-01
      endloop
   endfacet
   facet normal -2.315129e-01 -2.421650e-01 9.422090e-01
      outer loop
         vertex 5.210416e-01 -4.134297e-02 1.752671e-01
         vertex 3.999238e-01 -6.881972e-02 1.384449e-01
         vertex 5.199154e-01 -7.973344e-02 1.651233e-01
      endloop
   endfacet
   facet normal -1.801834e-01 -2.463340e-01 9.522885e-01
      outer loop
         vertex 5.210416e-01 -4.134297e-02 1.752671e-01
         vertex 5.199154e-01 -7.973344e-02 1.651233e-01
         vertex 6.418766e-01 -4.574559e-02 1.969915e-01
      endloop
   endfacet
   facet normal -1.834953e-01 -2.362505e-01 9.542092e-01
      outer loop
         vertex 6.418766e-01 -4.574559e-02 1.969915e-01
         vertex 5.199154e-01 -7.973344e-02 1.651233e-01
         vertex 6.412967e-01 -8.811774e-02 1.863892e-01
      endloop
   endfacet
   facet normal -1.219305e-01 -2.393542e-01 9.632458e-01
      outer loop
         vertex 6.418766e-01 -4.574559e-02 1.969915e-01
         vertex 6.412967e-01 -8.811774e-02 1.863892e-01
         vertex 7.609117e-01 -4.876398e-02 2.113093e-01
      endloop
   endfacet
   facet normal -1.299560e-01 -2.175637e-01 9.673559e-01
      outer loop
         vertex 7.609117e-01 -4.876398e-02 2.113093e-01
         vertex 6.412967e-01 -8.811774e-02 1.863892e-01
         vertex 7.607607e-01 -9.396618e-02 2.011228e-01
      endloop
   endfacet
   facet normal -5.123606e-02 -2.193895e-01 9.742911e-01
      outer loop
         vertex 7.609117e-01 -4.876398e-02 2.113093e-01
         vertex 7.607607e-01 -9.396618e-02 2.011228e-01
         vertex 8.750000e-01 -5.035718e-02 2.169503e-01
      endloop
   endfacet
   facet normal -6.609845e-02 -1.828595e-01 9.809146e-01
      outer loop
         vertex 8.750000e-01 -5.035718e-02 2.169503e-01
         vertex 7.607607e-01 -9.396618e-02 2.011228e-01
         vertex 8.750000e-01 -9.727228e-02 2.082045e-01
      endloop
   endfacet
   facet normal 1.575581e-02 -1.832375e-01 9.829424e-01
      outer loop
         vertex 8.750000e-01 -5.035718e-02 2.169503e-01
         vertex 8.750000e-01 -9.727228e-02 2.082045e-01
         vertex 9.851975e-01 -5.215523e-02 2.148487e-01
      endloop
   endfacet
   facet normal 2.357473e-03 -1.513280e-01 9.884808e-01
      outer loop
         vertex 9.851975e-01 -5.215523e-02 2.148487e-01
         vertex 8.750000e-01 -9.727228e-02 2.082045e-01
         vertex 9.851479e-01 -1.009670e-01 2.073761e-01
      endloop
   endfacet
   facet normal 6.004038e-02 -1.511127e-01 9.866915e-01
      outer loop
         vertex 9.851975e-01 -5.215523e-02 2.148487e-01
         vertex 9.851479e-01 -1.009670e-01 2.073761e-01
         vertex 1.094784e+00 -5.544630e-02 2.076763e-01
      endloop
   endfacet
   facet normal 5.556478e-02 -1.403455e-01 9.885422e-01
      outer loop
         vertex 1.094784e+00 -5.544630e-02 2.076763e-01
         vertex 9.851479e-01 -1.009670e-01 2.073761e-01
         vertex 1.094676e+00 -1.073249e-01 2.003171e-01
      endloop
   endfacet
   facet normal 1.051777e-01 -1.398847e-01 9.845658e-01
      outer loop
         vertex 1.094784e+00 -5.544630e-02 2.076763e-01
         vertex 1.094676e+00 -1.073249e-01 2.003171e-01
         vertex 1.312669e+00 -1.240668e-01 1.746509e-01
      endloop
   endfacet
   facet normal 9.510222e-02 -2.420055e-01 9.656029e-01
      outer loop
         vertex 1.312669e+00 -1.240668e-01 1.746509e-01
         vertex 1.094676e+00 -1.073249e-01 2.003171e-01
         vertex 1.312446e+00 -1.778466e-01 1.611942e-01
      endloop
   endfacet
   facet normal 1.063651e-01 -2.417725e-01 9.644856e-01
      outer loop
         vertex 1.312669e+00 -1.240668e-01 1.746509e-01
         vertex 1.312446e+00 -1.778466e-01 1.611942e-01
         vertex 1.530412e+00 -1.994135e-01 1.317504e-01
      endloop
   endfacet
   facet normal 9.789742e-02 -3.042342e-01 9.475535e-01
      outer loop
         vertex 1.530412e+00 -1.994135e-01 1.317504e-01
         vertex 1.312446e+00 -1.778466e-01 1.611942e-01
         vertex 1.530414e+00 -2.500942e-01 1.154779e-01
      endloop
   endfacet
   facet normal 4.765394e-02 -3.053576e-01 9.510446e-01
      outer loop
         vertex 1.530412e+00 -1.994135e-01 1.317504e-01
         vertex 1.530414e+00 -2.500942e-01 1.154779e-01
         vertex 1.639937e+00 -2.595502e-01 1.069540e-01
      endloop
   endfacet
   facet normal 3.687481e-02 -3.988587e-01 9.162707e-01
      outer loop
         vertex 1.639937e+00 -2.595502e-01 1.069540e-01
         vertex 1.530414e+00 -2.500942e-01 1.154779e-01
         vertex 1.530671e+00 -2.900033e-01 9.809487e-02
      endloop
   endfacet
   facet normal 2.333605e-02 -3.555460e-01 9.343674e-01
      outer loop
         vertex 1.639937e+00 -2.595502e-01 1.069540e-01
         vertex 1.530671e+00 -2.900033e-01 9.809487e-02
         vertex 1.640160e+00 -3.017800e-01 9.087909e-02
      endloop
   endfacet
   facet normal -2.138651e-03 -5.368285e-01 8.436887e-01
      outer loop
         vertex 1.640160e+00 -3.017800e-01 9.087909e-02
         vertex 1.530671e+00 -2.900033e-01 9.809487e-02
         vertex 1.531063e+00 -3.186976e-01 7.983804e-02
      endloop
   endfacet
   facet normal -1.301847e-02 -4.862638e-01 8.737151e-01
      outer loop
         vertex 1.640160e+00 -3.017800e-01 9.087909e-02
         vertex 1.531063e+00 -3.186976e-01 7.983804e-02
         vertex 1.640481e+00 -3.325294e-01 7.377034e-02
      endloop
   endfacet
   facet normal -5.666424e-02 -7.415210e-01 6.685326e-01
      outer loop
         vertex 1.640481e+00 -3.325294e-01 7.377034e-02
         vertex 1.531063e+00 -3.186976e-01 7.983804e-02
         vertex 1.531422e+00 -3.360255e-01 6.064884e-02
      endloop
   endfacet
   facet normal -6.413603e-02 -6.933025e-01 7.177871e-01
      outer loop
         vertex 1.640481e+00 -3.325294e-01 7.377034e-02
         vertex 1.531422e+00 -3.360255e-01 6.064884e-02
         vertex 1.640769e+00 -3.513258e-01 5.564088e-02
      endloop
   endfacet
   facet normal -1.093272e-01 -9.112785e-01 3.970127e-01
      outer loop
         vertex 1.640769e+00 -3.513258e-01 5.564088e-02
         vertex 1.531422e+00 -3.360255e-01 6.064884e-02
         vertex 1.531537e+00 -3.403795e-01 5.068632e-02
      endloop
   endfacet
   facet normal -1.080328e-01 -8.312281e-01 5.453336e-01
      outer loop
         vertex 1.640769e+00 -3.513258e-01 5.564088e-02
         vertex 1.531537e+00 -3.403795e-01 5.068632e-02
         vertex 1.750000e+00 -3.738148e-01 4.300087e-02
      endloop
   endfacet
   facet normal -1.447014e-01 -9.787949e-01 1.449900e-01
      outer loop
         vertex 1.750000e+00 -3.738148e-01 4.300087e-02
         vertex 1.531537e+00 -3.403795e-01 5.068632e-02
         vertex 1.750000e+00 -3.750000e-01 3.500000e-02
      endloop
   endfacet
   facet normal -2.365204e-01 -6.324688e-01 7.375916e-01
      outer loop
         vertex 5.167376e-01 -1.425011e-01 1.324634e-01
         vertex 3.928121e-01 -1.428807e-01 9.239926e-02
         vertex 5.152271e-01 -1.645538e-01 1.130694e-01
      endloop
   endfacet
   facet normal -2.365910e-01 -7.647858e-01 5.992723e-01
      outer loop
         vertex 5.152271e-01 -1.645538e-01 1.130694e-01
         vertex 3.928121e-01 -1.428807e-01 9.239926e-02
         vertex 3.908209e-01 -1.565429e-01 7.417762e-02
      endloop
   endfacet
   facet normal -2.145557e-01 -8.296385e-01 5.154279e-01
      outer loop
         vertex 5.152271e-01 -1.645538e-01 1.130694e-01
         vertex 3.908209e-01 -1.565429e-01 7.417762e-02
         vertex 6.386607e-01 -1.994156e-01 1.083368e-01
      endloop
   endfacet
   facet normal -2.088337e-01 -8.972109e-01 3.891028e-01
      outer loop
         vertex 6.386607e-01 -1.994156e-01 1.083368e-01
         vertex 3.908209e-01 -1.565429e-01 7.417762e-02
         vertex 6.383719e-01 -2.097412e-01 8.437245e-02
      endloop
   endfacet
   facet normal -1.608936e-01 -9.057062e-01 3.921855e-01
      outer loop
         vertex 6.386607e-01 -1.994156e-01 1.083368e-01
         vertex 6.383719e-01 -2.097412e-01 8.437245e-02
         vertex 8.750000e-01 -2.449171e-01 1.002143e-01
      endloop
   endfacet
   facet normal -1.553898e-01 -9.756803e-01 1.546023e-01
      outer loop
         vertex 8.750000e-01 -2.449171e-01 1.002143e-01
         vertex 6.383719e-01 -2.097412e-01 8.437245e-02
         vertex 7.690913e-01 -2.332504e-01 6.739350e-02
      endloop
   endfacet
   facet normal -1.580315e-01 -9.737512e-01 1.638126e-01
      outer loop
         vertex 8.750000e-01 -2.449171e-01 1.002143e-01
         vertex 7.690913e-01 -2.332504e-01 6.739350e-02
         vertex 8.750000e-01 -2.500000e-01 7.000000e-02
      endloop
   endfacet
   facet normal -4.377906e-01 -8.850545e-01 1.581704e-01
      outer loop
         vertex 8.344816e-02 -6.178518e-02 3.835447e-03
         vertex 1.638869e-01 -1.003049e-01 1.093750e-02
         vertex 1.645536e-01 -9.844429e-02 2.319350e-02
      endloop
   endfacet
   facet normal -3.571454e-01 -9.203907e-01 1.591484e-01
      outer loop
         vertex 1.645536e-01 -9.844429e-02 2.319350e-02
         vertex 1.638869e-01 -1.003049e-01 1.093750e-02
         vertex 2.208818e-01 -1.214134e-01 1.676436e-02
      endloop
   endfacet
   facet normal -3.433076e-01 -9.085479e-01 2.380769e-01
      outer loop
         vertex 1.645536e-01 -9.844429e-02 2.319350e-02
         vertex 2.208818e-01 -1.214134e-01 1.676436e-02
         vertex 2.717289e-01 -1.348747e-01 3.871520e-02
      endloop
   endfacet
   facet normal -2.658474e-01 -9.636953e-01 2.482846e-02
      outer loop
         vertex 2.717289e-01 -1.348747e-01 3.871520e-02
         vertex 2.208818e-01 -1.214134e-01 1.676436e-02
         vertex 3.889402e-01 -1.673046e-01 3.500000e-02
      endloop
   endfacet
   facet normal -2.603020e-01 -9.561702e-01 1.340948e-01
      outer loop
         vertex 2.717289e-01 -1.348747e-01 3.871520e-02
         vertex 3.889402e-01 -1.673046e-01 3.500000e-02
         vertex 3.894503e-01 -1.646375e-01 5.500825e-02
      endloop
   endfacet
   facet normal -2.208977e-01 -9.659922e-01 1.343994e-01
      outer loop
         vertex 3.894503e-01 -1.646375e-01 5.500825e-02
         vertex 3.889402e-01 -1.673046e-01 3.500000e-02
         vertex 4.351754e-01 -1.771914e-01 3.993087e-02
      endloop
   endfacet
   facet normal -1.974935e-01 -9.596632e-01 2.001073e-01
      outer loop
         vertex 3.894503e-01 -1.646375e-01 5.500825e-02
         vertex 4.351754e-01 -1.771914e-01 3.993087e-02
         vertex 6.383719e-01 -2.097412e-01 8.437245e-02
      endloop
   endfacet
   facet normal -1.848638e-01 -9.738644e-01 1.319604e-01
      outer loop
         vertex 6.383719e-01 -2.097412e-01 8.437245e-02
         vertex 4.351754e-01 -1.771914e-01 3.993087e-02
         vertex 6.382734e-01 -2.131521e-01 5.906250e-02
      endloop
   endfacet
   facet normal -1.587523e-01 -9.783914e-01 1.324688e-01
      outer loop
         vertex 6.383719e-01 -2.097412e-01 8.437245e-02
         vertex 6.382734e-01 -2.131521e-01 5.906250e-02
         vertex 7.690913e-01 -2.332504e-01 6.739350e-02
      endloop
   endfacet
   facet normal 8.377052e-04 -2.046328e-01 9.788384e-01
      outer loop
         vertex 1.750000e+00 -2.651131e-01 1.056968e-01
         vertex 1.750000e+00 -1.937131e-01 1.206235e-01
         vertex 1.639937e+00 -2.595502e-01 1.069540e-01
      endloop
   endfacet
   facet normal 1.621363e-02 -2.291772e-01 9.732497e-01
      outer loop
         vertex 1.639937e+00 -2.595502e-01 1.069540e-01
         vertex 1.750000e+00 -1.937131e-01 1.206235e-01
         vertex 1.640000e+00 -1.443806e-01 1.340726e-01
      endloop
   endfacet
   facet normal 9.407814e-02 -2.282314e-01 9.690509e-01
      outer loop
         vertex 1.639937e+00 -2.595502e-01 1.069540e-01
         vertex 1.640000e+00 -1.443806e-01 1.340726e-01
         vertex 1.530412e+00 -1.994135e-01 1.317504e-01
      endloop
   endfacet
   facet normal 9.149349e-02 -2.231449e-01 9.704820e-01
      outer loop
         vertex 1.530412e+00 -1.994135e-01 1.317504e-01
         vertex 1.640000e+00 -1.443806e-01 1.340726e-01
         vertex 1.530578e+00 -1.395704e-01 1.454945e-01
      endloop
   endfacet
   facet normal 1.137068e-01 -2.226907e-01 9.682353e-01
      outer loop
         vertex 1.530412e+00 -1.994135e-01 1.317504e-01
         vertex 1.530578e+00 -1.395704e-01 1.454945e-01
         vertex 1.312669e+00 -1.240668e-01 1.746509e-01
      endloop
   endfacet
   facet normal 1.210596e-01 -1.451777e-01 9.819715e-01
      outer loop
         vertex 1.312669e+00 -1.240668e-01 1.746509e-01
         vertex 1.530578e+00 -1.395704e-01 1.454945e-01
         vertex 1.312874e+00 -6.429247e-02 1.834629e-01
      endloop
   endfacet
   facet normal 1.033457e-01 -1.454100e-01 9.839592e-01
      outer loop
         vertex 1.312669e+00 -1.240668e-01 1.746509e-01
         vertex 1.312874e+00 -6.429247e-02 1.834629e-01
         vertex 1.094784e+00 -5.544630e-02 2.076763e-01
      endloop
   endfacet
   facet normal 1.084674e-01 -4.420566e-02 9.931167e-01
      outer loop
         vertex 1.094784e+00 -5.544630e-02 2.076763e-01
         vertex 1.312874e+00 -6.429247e-02 1.834629e-01
         vertex 1.094822e+00 -4.313983e-18 2.101402e-01
      endloop
   endfacet
   facet normal 6.391945e-02 -4.434621e-02 9.969693e-01
      outer loop
         vertex 1.094784e+00 -5.544630e-02 2.076763e-01
         vertex 1.094822e+00 -4.313983e-18 2.101402e-01
         vertex 9.851975e-01 -5.215523e-02 2.148487e-01
      endloop
   endfacet
   facet normal 7.826799e-02 -7.476191e-02 9.941251e-01
      outer loop
         vertex 9.851975e-01 -5.215523e-02 2.148487e-01
         vertex 1.094822e+00 -4.313983e-18 2.101402e-01
         vertex 1.064571e+00 -3.959586e-18 2.125218e-01
      endloop
   endfacet
   facet normal 1.931332e-02 1.520845e-02 9.996978e-01
      outer loop
         vertex 9.851975e-01 -5.215523e-02 2.148487e-01
         vertex 1.064571e+00 -3.959586e-18 2.125218e-01
         vertex 8.750000e-01 -5.035718e-02 2.169503e-01
      endloop
   endfacet
   facet normal 3.934526e-02 -6.040472e-02 9.973982e-01
      outer loop
         vertex 8.750000e-01 -5.035718e-02 2.169503e-01
         vertex 1.064571e+00 -3.959586e-18 2.125218e-01
         vertex 8.750000e-01 1.027163e-33 2.200000e-01
      endloop
   endfacet
   facet normal -6.697703e-03 -6.045017e-02 9.981487e-01
      outer loop
         vertex 8.750000e-01 -5.035718e-02 2.169503e-01
         vertex 8.750000e-01 1.027163e-33 2.200000e-01
         vertex 8.590310e-01 4.322011e-19 2.198928e-01
      endloop
   endfacet
   facet normal -1.181935e-01 -9.767041e-01 1.791071e-01
      outer loop
         vertex 1.048319e+00 -2.767702e-01 6.641604e-02
         vertex 1.312528e+00 -3.065985e-01 7.810956e-02
         vertex 1.093620e+00 -2.769455e-01 9.535479e-02
      endloop
   endfacet
   facet normal -6.413804e-02 -8.113752e-01 5.809962e-01
      outer loop
         vertex 1.093620e+00 -2.769455e-01 9.535479e-02
         vertex 1.312528e+00 -3.065985e-01 7.810956e-02
         vertex 1.312409e+00 -2.893757e-01 1.021485e-01
      endloop
   endfacet
   facet normal -6.452247e-02 -8.494653e-01 5.236846e-01
      outer loop
         vertex 1.093620e+00 -2.769455e-01 9.535479e-02
         vertex 1.312409e+00 -2.893757e-01 1.021485e-01
         vertex 1.093800e+00 -2.593289e-01 1.239528e-01
      endloop
   endfacet
   facet normal -7.681309e-03 -6.233163e-01 7.819321e-01
      outer loop
         vertex 1.093800e+00 -2.593289e-01 1.239528e-01
         vertex 1.312409e+00 -2.893757e-01 1.021485e-01
         vertex 1.312307e+00 -2.616325e-01 1.242630e-01
      endloop
   endfacet
   facet normal -8.233055e-03 -6.825349e-01 7.308066e-01
      outer loop
         vertex 1.093800e+00 -2.593289e-01 1.239528e-01
         vertex 1.312307e+00 -2.616325e-01 1.242630e-01
         vertex 1.094041e+00 -2.319952e-01 1.494838e-01
      endloop
   endfacet
   facet normal 3.857845e-02 -4.674513e-01 8.831767e-01
      outer loop
         vertex 1.094041e+00 -2.319952e-01 1.494838e-01
         vertex 1.312307e+00 -2.616325e-01 1.242630e-01
         vertex 1.312303e+00 -2.241556e-01 1.440991e-01
      endloop
   endfacet
   facet normal 3.975105e-02 -5.211358e-01 8.525476e-01
      outer loop
         vertex 1.094041e+00 -2.319952e-01 1.494838e-01
         vertex 1.312303e+00 -2.241556e-01 1.440991e-01
         vertex 1.094291e+00 -1.966030e-01 1.711062e-01
      endloop
   endfacet
   facet normal 6.707153e-02 -3.754160e-01 9.244264e-01
      outer loop
         vertex 1.094291e+00 -1.966030e-01 1.711062e-01
         vertex 1.312303e+00 -2.241556e-01 1.440991e-01
         vertex 1.094508e+00 -1.546918e-01 1.881109e-01
      endloop
   endfacet
   facet normal 1.566933e-02 -3.759877e-01 9.264922e-01
      outer loop
         vertex 1.094291e+00 -1.966030e-01 1.711062e-01
         vertex 1.094508e+00 -1.546918e-01 1.881109e-01
         vertex 9.848912e-01 -1.851294e-01 1.776126e-01
      endloop
   endfacet
   facet normal 2.381215e-02 -4.015336e-01 9.155347e-01
      outer loop
         vertex 9.848912e-01 -1.851294e-01 1.776126e-01
         vertex 1.094508e+00 -1.546918e-01 1.881109e-01
         vertex 9.850500e-01 -1.455776e-01 1.949551e-01
      endloop
   endfacet
   facet normal -4.366016e-02 -4.010373e-01 9.150207e-01
      outer loop
         vertex 9.848912e-01 -1.851294e-01 1.776126e-01
         vertex 9.850500e-01 -1.455776e-01 1.949551e-01
         vertex 8.750000e-01 -1.767420e-01 1.760452e-01
      endloop
   endfacet
   facet normal -2.832168e-02 -4.435425e-01 8.958057e-01
      outer loop
         vertex 8.750000e-01 -1.767420e-01 1.760452e-01
         vertex 9.850500e-01 -1.455776e-01 1.949551e-01
         vertex 8.750000e-01 -1.397368e-01 1.943677e-01
      endloop
   endfacet
   facet normal -1.042743e-01 -4.413016e-01 8.912799e-01
      outer loop
         vertex 8.750000e-01 -1.767420e-01 1.760452e-01
         vertex 8.750000e-01 -1.397368e-01 1.943677e-01
         vertex 7.604590e-01 -1.687540e-01 1.665998e-01
      endloop
   endfacet
   facet normal -8.807792e-02 -4.849576e-01 8.700910e-01
      outer loop
         vertex 7.604590e-01 -1.687540e-01 1.665998e-01
         vertex 8.750000e-01 -1.397368e-01 1.943677e-01
         vertex 7.605882e-01 -1.343738e-01 1.857751e-01
      endloop
   endfacet
   facet normal -1.510933e-01 -4.810778e-01 8.635595e-01
      outer loop
         vertex 7.604590e-01 -1.687540e-01 1.665998e-01
         vertex 7.605882e-01 -1.343738e-01 1.857751e-01
         vertex 6.397671e-01 -1.574612e-01 1.517739e-01
      endloop
   endfacet
   facet normal -1.425483e-01 -5.064356e-01 8.504134e-01
      outer loop
         vertex 6.397671e-01 -1.574612e-01 1.517739e-01
         vertex 7.605882e-01 -1.343738e-01 1.857751e-01
         vertex 6.405371e-01 -1.257963e-01 1.707599e-01
      endloop
   endfacet
   facet normal -1.933287e-01 -5.010751e-01 8.435329e-01
      outer loop
         vertex 6.397671e-01 -1.574612e-01 1.517739e-01
         vertex 6.405371e-01 -1.257963e-01 1.707599e-01
         vertex 5.167376e-01 -1.425011e-01 1.324634e-01
      endloop
   endfacet
   facet normal -1.903113e-01 -5.111346e-01 8.381665e-01
      outer loop
         vertex 5.167376e-01 -1.425011e-01 1.324634e-01
         vertex 6.405371e-01 -1.257963e-01 1.707599e-01
         vertex 5.183859e-01 -1.138825e-01 1.502901e-01
      endloop
   endfacet
   facet normal -2.352980e-01 -5.040734e-01 8.309903e-01
      outer loop
         vertex 5.167376e-01 -1.425011e-01 1.324634e-01
         vertex 5.183859e-01 -1.138825e-01 1.502901e-01
         vertex 3.951842e-01 -1.235111e-01 1.095644e-01
      endloop
   endfacet
   facet normal -2.359502e-01 -5.015076e-01 8.323567e-01
      outer loop
         vertex 3.951842e-01 -1.235111e-01 1.095644e-01
         vertex 5.183859e-01 -1.138825e-01 1.502901e-01
         vertex 3.976739e-01 -9.851028e-02 1.253335e-01
      endloop
   endfacet
   facet normal -2.803707e-01 -4.919621e-01 8.242363e-01
      outer loop
         vertex 3.951842e-01 -1.235111e-01 1.095644e-01
         vertex 3.976739e-01 -9.851028e-02 1.253335e-01
         vertex 2.789202e-01 -1.001285e-01 8.397257e-02
      endloop
   endfacet
   facet normal -2.942516e-01 -4.147028e-01 8.610677e-01
      outer loop
         vertex 2.789202e-01 -1.001285e-01 8.397257e-02
         vertex 3.976739e-01 -9.851028e-02 1.253335e-01
         vertex 2.846293e-01 -5.538307e-02 1.074736e-01
      endloop
   endfacet
   facet normal -3.250306e-01 -4.069008e-01 8.536901e-01
      outer loop
         vertex 2.789202e-01 -1.001285e-01 8.397257e-02
         vertex 2.846293e-01 -5.538307e-02 1.074736e-01
         vertex 1.717592e-01 -7.199092e-02 5.658396e-02
      endloop
   endfacet
   facet normal -3.313781e-01 -3.859713e-01 8.609382e-01
      outer loop
         vertex 1.717592e-01 -7.199092e-02 5.658396e-02
         vertex 2.846293e-01 -5.538307e-02 1.074736e-01
         vertex 1.773390e-01 -3.942992e-02 7.332922e-02
      endloop
   endfacet
   facet normal -3.842935e-01 -3.692903e-01 8.461343e-01
      outer loop
         vertex 1.717592e-01 -7.199092e-02 5.658396e-02
         vertex 1.773390e-01 -3.942992e-02 7.332922e-02
         vertex 7.751465e-02 -3.873561e-02 2.829447e-02
      endloop
   endfacet
   facet normal -3.884712e-01 -3.415532e-01 8.558222e-01
      outer loop
         vertex 7.751465e-02 -3.873561e-02 2.829447e-02
         vertex 1.773390e-01 -3.942992e-02 7.332922e-02
         vertex 8.136015e-02 -2.096674e-02 3.713144e-02
      endloop
   endfacet
   facet normal -4.599455e-01 -3.136031e-01 8.307245e-01
      outer loop
         vertex 7.751465e-02 -3.873561e-02 2.829447e-02
         vertex 8.136015e-02 -2.096674e-02 3.713144e-02
         vertex 0.000000e+00 0.000000e+00 0.000000e+00
      endloop
   endfacet
   facet normal -4.444701e-01 -1.656896e-01 8.803370e-01
      outer loop
         vertex 8.263478e-02 -1.070938e-02 3.970554e-02
         vertex 0.000000e+00 0.000000e+00 0.000000e+00
         vertex 8.136015e-02 -2.096674e-02 3.713144e-02
      endloop
   endfacet
   facet normal -3.763059e-01 -6.303101e-02 9.243489e-01
      outer loop
         vertex 1.845808e-01 -7.088055e-18 8.193843e-02
         vertex 8.311933e-02 -5.288760e-18 4.063307e-02
         vertex 8.263478e-02 -1.070938e-02 3.970554e-02
      endloop
   endfacet
   facet normal -4.384483e-01 -5.784145e-02 8.968932e-01
      outer loop
         vertex 8.263478e-02 -1.070938e-02 3.970554e-02
         vertex 8.311933e-02 -5.288760e-18 4.063307e-02
         vertex 0.000000e+00 0.000000e+00 0.000000e+00
      endloop
   endfacet
   facet normal -6.079486e-01 6.502179e-01 4.556481e-01
      outer loop
         vertex 3.349505e-02 2.824501e-02 4.384642e-03
         vertex 0.000000e+00 0.000000e+00 0.000000e+00
         vertex 3.422047e-02 2.648244e-02 7.867762e-03
      endloop
   endfacet
   facet normal -4.485581e-01 8.254732e-01 3.426218e-01
      outer loop
         vertex 1.645536e-01 9.844429e-02 2.319350e-02
         vertex 1.129843e-01 7.746611e-02 6.221783e-03
         vertex 7.246397e-02 5.395113e-02 9.827104e-03
      endloop
   endfacet
   facet normal -5.061226e-01 8.481287e-01 -1.565811e-01
      outer loop
         vertex 7.246397e-02 5.395113e-02 9.827104e-03
         vertex 1.129843e-01 7.746611e-02 6.221783e-03
         vertex 3.322017e-02 2.886317e-02 7.861328e-04
      endloop
   endfacet
   facet normal -6.240982e-01 6.804982e-01 3.839580e-01
      outer loop
         vertex 0.000000e+00 0.000000e+00 0.000000e+00
         vertex 3.349505e-02 2.824501e-02 4.384642e-03
         vertex 2.187863e-02 1.985876e-02 3.660937e-04
      endloop
   endfacet
   facet normal -4.807873e-01 3.876019e-01 7.865166e-01
      outer loop
         vertex 7.751465e-02 3.873561e-02 2.829447e-02
         vertex 3.422047e-02 2.648244e-02 7.867762e-03
         vertex 0.000000e+00 0.000000e+00 0.000000e+00
      endloop
   endfacet
   facet normal -1.400015e-01 9.612174e-01 2.376147e-01
      outer loop
         vertex 1.750000e+00 3.717183e-01 4.827520e-02
         vertex 1.750000e+00 3.750000e-01 3.500000e-02
         vertex 1.531579e+00 3.418351e-01 4.046875e-02
      endloop
   endfacet
   facet normal -1.197812e-01 9.673864e-01 2.231951e-01
      outer loop
         vertex 1.312528e+00 3.065985e-01 7.810956e-02
         vertex 1.312585e+00 3.125142e-01 5.250000e-02
         vertex 1.033159e+00 2.745762e-01 6.697513e-02
      endloop
   endfacet
   facet normal 1.118716e-01 3.268835e-02 9.931849e-01
      outer loop
         vertex 1.094822e+00 -4.313983e-18 2.101402e-01
         vertex 1.381522e+00 -4.640975e-18 1.778465e-01
         vertex 1.312874e+00 6.429247e-02 1.834629e-01
      endloop
   endfacet
   facet normal 4.765394e-02 3.053576e-01 9.510446e-01
      outer loop
         vertex 1.639937e+00 2.595502e-01 1.069540e-01
         vertex 1.530414e+00 2.500942e-01 1.154779e-01
         vertex 1.530412e+00 1.994135e-01 1.317504e-01
      endloop
   endfacet
   facet normal -1.211514e-01 8.759017e-02 9.887620e-01
      outer loop
         vertex 7.609117e-01 4.876398e-02 2.113093e-01
         vertex 6.418766e-01 4.574559e-02 1.969915e-01
         vertex 6.485520e-01 9.842906e-19 2.018619e-01
      endloop
   endfacet
   facet normal -4.599455e-01 3.136031e-01 8.307245e-01
      outer loop
         vertex 8.136015e-02 2.096674e-02 3.713144e-02
         vertex 7.751465e-02 3.873561e-02 2.829447e-02
         vertex 0.000000e+00 0.000000e+00 0.000000e+00
      endloop
   endfacet
   facet normal -1.763314e-01 7.873057e-02 9.811772e-01
      outer loop
         vertex 6.485520e-01 9.842906e-19 2.018619e-01
         vertex 6.418766e-01 4.574559e-02 1.969915e-01
         vertex 5.214801e-01 -1.370978e-18 1.790253e-01
      endloop
   endfacet
   facet normal -1.793513e-01 8.717412e-02 9.799152e-01
      outer loop
         vertex 5.214801e-01 -1.370978e-18 1.790253e-01
         vertex 6.418766e-01 4.574559e-02 1.969915e-01
         vertex 5.210416e-01 4.134297e-02 1.752671e-01
      endloop
   endfacet
   facet normal -2.255241e-01 8.582390e-02 9.704500e-01
      outer loop
         vertex 5.214801e-01 -1.370978e-18 1.790253e-01
         vertex 5.210416e-01 4.134297e-02 1.752671e-01
         vertex 4.235608e-01 -3.630093e-18 1.562697e-01
      endloop
   endfacet
   facet normal -2.304649e-01 9.856439e-02 9.680759e-01
      outer loop
         vertex 4.235608e-01 -3.630093e-18 1.562697e-01
         vertex 5.210416e-01 4.134297e-02 1.752671e-01
         vertex 4.015531e-01 3.559707e-02 1.474061e-01
      endloop
   endfacet
   facet normal -2.740799e-01 6.938969e-02 9.592003e-01
      outer loop
         vertex 4.235608e-01 -3.630093e-18 1.562697e-01
         vertex 4.015531e-01 3.559707e-02 1.474061e-01
         vertex 2.872965e-01 -6.352018e-18 1.173338e-01
      endloop
   endfacet
   facet normal -2.774473e-01 8.184736e-02 9.572481e-01
      outer loop
         vertex 2.872965e-01 -6.352018e-18 1.173338e-01
         vertex 4.015531e-01 3.559707e-02 1.474061e-01
         vertex 2.865581e-01 2.854888e-02 1.146787e-01
      endloop
   endfacet
   facet normal -3.247699e-01 7.924868e-02 9.424671e-01
      outer loop
         vertex 2.872965e-01 -6.352018e-18 1.173338e-01
         vertex 2.865581e-01 2.854888e-02 1.146787e-01
         vertex 1.845808e-01 -7.088055e-18 8.193843e-02
      endloop
   endfacet
   facet normal -3.250445e-01 8.045539e-02 9.422701e-01
      outer loop
         vertex 1.845808e-01 -7.088055e-18 8.193843e-02
         vertex 2.865581e-01 2.854888e-02 1.146787e-01
         vertex 1.792030e-01 2.023933e-02 7.835518e-02
      endloop
   endfacet
   facet normal -3.762909e-01 6.365929e-02 9.243120e-01
      outer loop
         vertex 1.845808e-01 -7.088055e-18 8.193843e-02
         vertex 1.792030e-01 2.023933e-02 7.835518e-02
         vertex 8.311933e-02 -5.288760e-18 4.063307e-02
      endloop
   endfacet
   facet normal -3.846774e-01 1.205612e-01 9.151438e-01
      outer loop
         vertex 8.311933e-02 -5.288760e-18 4.063307e-02
         vertex 1.792030e-01 2.023933e-02 7.835518e-02
         vertex 8.136015e-02 2.096674e-02 3.713144e-02
      endloop
   endfacet
   facet normal -4.363968e-01 1.124730e-01 8.926968e-01
      outer loop
         vertex 8.311933e-02 -5.288760e-18 4.063307e-02
         vertex 8.136015e-02 2.096674e-02 3.713144e-02
         vertex 0.000000e+00 0.000000e+00 0.000000e+00
      endloop
   endfacet
   facet normal 2.661297e-02 3.759494e-01 9.262580e-01
      outer loop
         vertex 1.094508e+00 1.546918e-01 1.881109e-01
         vertex 1.094291e+00 1.966030e-01 1.711062e-01
         vertex 9.850500e-01 1.455776e-01 1.949551e-01
      endloop
   endfacet
   facet normal 1.234609e-02 4.015782e-01 9.157415e-01
      outer loop
         vertex 9.850500e-01 1.455776e-01 1.949551e-01
         vertex 1.094291e+00 1.966030e-01 1.711062e-01
         vertex 9.848912e-01 1.851294e-01 1.776126e-01
      endloop
   endfacet
   facet normal -2.618727e-02 4.013414e-01 9.155541e-01
      outer loop
         vertex 9.850500e-01 1.455776e-01 1.949551e-01
         vertex 9.848912e-01 1.851294e-01 1.776126e-01
         vertex 8.750000e-01 1.397368e-01 1.943677e-01
      endloop
   endfacet
   facet normal -4.659831e-02 4.432385e-01 8.951917e-01
      outer loop
         vertex 8.750000e-01 1.397368e-01 1.943677e-01
         vertex 9.848912e-01 1.851294e-01 1.776126e-01
         vertex 8.750000e-01 1.767420e-01 1.760452e-01
      endloop
   endfacet
   facet normal -8.776323e-02 4.420083e-01 8.927073e-01
      outer loop
         vertex 8.750000e-01 1.397368e-01 1.943677e-01
         vertex 8.750000e-01 1.767420e-01 1.760452e-01
         vertex 7.605882e-01 1.343738e-01 1.857751e-01
      endloop
   endfacet
   facet normal -1.053920e-01 4.840883e-01 8.686490e-01
      outer loop
         vertex 7.605882e-01 1.343738e-01 1.857751e-01
         vertex 8.750000e-01 1.767420e-01 1.760452e-01
         vertex 7.604590e-01 1.687540e-01 1.665998e-01
      endloop
   endfacet
   facet normal -1.425631e-01 4.817191e-01 8.646517e-01
      outer loop
         vertex 7.605882e-01 1.343738e-01 1.857751e-01
         vertex 7.604590e-01 1.687540e-01 1.665998e-01
         vertex 6.405371e-01 1.257963e-01 1.707599e-01
      endloop
   endfacet
   facet normal -1.516403e-01 5.055773e-01 8.493508e-01
      outer loop
         vertex 6.405371e-01 1.257963e-01 1.707599e-01
         vertex 7.604590e-01 1.687540e-01 1.665998e-01
         vertex 6.397671e-01 1.574612e-01 1.517739e-01
      endloop
   endfacet
   facet normal -1.903425e-01 5.014288e-01 8.440017e-01
      outer loop
         vertex 6.405371e-01 1.257963e-01 1.707599e-01
         vertex 6.397671e-01 1.574612e-01 1.517739e-01
         vertex 5.183859e-01 1.138825e-01 1.502901e-01
      endloop
   endfacet
   facet normal -1.935798e-01 5.106601e-01 8.377070e-01
      outer loop
         vertex 5.183859e-01 1.138825e-01 1.502901e-01
         vertex 6.397671e-01 1.574612e-01 1.517739e-01
         vertex 5.167376e-01 1.425011e-01 1.324634e-01
      endloop
   endfacet
   facet normal -2.359556e-01 5.039616e-01 8.308716e-01
      outer loop
         vertex 5.183859e-01 1.138825e-01 1.502901e-01
         vertex 5.167376e-01 1.425011e-01 1.324634e-01
         vertex 3.976739e-01 9.851028e-02 1.253335e-01
      endloop
   endfacet
   facet normal -2.352009e-01 5.016586e-01 8.324777e-01
      outer loop
         vertex 3.976739e-01 9.851028e-02 1.253335e-01
         vertex 5.167376e-01 1.425011e-01 1.324634e-01
         vertex 3.951842e-01 1.235111e-01 1.095644e-01
      endloop
   endfacet
   facet normal -2.803707e-01 4.919621e-01 8.242363e-01
      outer loop
         vertex 3.976739e-01 9.851028e-02 1.253335e-01
         vertex 3.951842e-01 1.235111e-01 1.095644e-01
         vertex 2.789202e-01 1.001285e-01 8.397257e-02
      endloop
   endfacet
   facet normal 4.785879e-02 2.494150e-01 9.672134e-01
      outer loop
         vertex 1.094676e+00 1.073249e-01 2.003171e-01
         vertex 1.094508e+00 1.546918e-01 1.881109e-01
         vertex 9.851479e-01 1.009670e-01 2.073761e-01
      endloop
   endfacet
   facet normal 3.786709e-02 2.681147e-01 9.626425e-01
      outer loop
         vertex 9.851479e-01 1.009670e-01 2.073761e-01
         vertex 1.094508e+00 1.546918e-01 1.881109e-01
         vertex 9.850500e-01 1.455776e-01 1.949551e-01
      endloop
   endfacet
   facet normal -1.752612e-03 2.682259e-01 9.633544e-01
      outer loop
         vertex 9.851479e-01 1.009670e-01 2.073761e-01
         vertex 9.850500e-01 1.455776e-01 1.949551e-01
         vertex 8.750000e-01 9.727228e-02 2.082045e-01
      endloop
   endfacet
   facet normal -2.151242e-02 3.097387e-01 9.505783e-01
      outer loop
         vertex 8.750000e-01 9.727228e-02 2.082045e-01
         vertex 9.850500e-01 1.455776e-01 1.949551e-01
         vertex 8.750000e-01 1.397368e-01 1.943677e-01
      endloop
   endfacet
   facet normal -6.774952e-02 3.090986e-01 9.486138e-01
      outer loop
         vertex 8.750000e-01 9.727228e-02 2.082045e-01
         vertex 8.750000e-01 1.397368e-01 1.943677e-01
         vertex 7.607607e-01 9.396618e-02 2.011228e-01
      endloop
   endfacet
   facet normal -8.652072e-02 3.534176e-01 9.314559e-01
      outer loop
         vertex 7.607607e-01 9.396618e-02 2.011228e-01
         vertex 8.750000e-01 1.397368e-01 1.943677e-01
         vertex 7.605882e-01 1.343738e-01 1.857751e-01
      endloop
   endfacet
   facet normal -1.315238e-01 3.514967e-01 9.269043e-01
      outer loop
         vertex 7.607607e-01 9.396618e-02 2.011228e-01
         vertex 7.605882e-01 1.343738e-01 1.857751e-01
         vertex 6.412967e-01 8.811774e-02 1.863892e-01
      endloop
   endfacet
   facet normal -1.414199e-01 3.768654e-01 9.154086e-01
      outer loop
         vertex 6.412967e-01 8.811774e-02 1.863892e-01
         vertex 7.605882e-01 1.343738e-01 1.857751e-01
         vertex 6.405371e-01 1.257963e-01 1.707599e-01
      endloop
   endfacet
   facet normal -1.850528e-01 3.733471e-01 9.090475e-01
      outer loop
         vertex 6.412967e-01 8.811774e-02 1.863892e-01
         vertex 6.405371e-01 1.257963e-01 1.707599e-01
         vertex 5.199154e-01 7.973344e-02 1.651233e-01
      endloop
   endfacet
   facet normal -1.889129e-01 3.841026e-01 9.037572e-01
      outer loop
         vertex 5.199154e-01 7.973344e-02 1.651233e-01
         vertex 6.405371e-01 1.257963e-01 1.707599e-01
         vertex 5.183859e-01 1.138825e-01 1.502901e-01
      endloop
   endfacet
   facet normal -2.335609e-01 3.785684e-01 8.956200e-01
      outer loop
         vertex 5.199154e-01 7.973344e-02 1.651233e-01
         vertex 5.183859e-01 1.138825e-01 1.502901e-01
         vertex 3.999238e-01 6.881972e-02 1.384449e-01
      endloop
   endfacet
   facet normal -2.333601e-01 3.779594e-01 8.959295e-01
      outer loop
         vertex 3.999238e-01 6.881972e-02 1.384449e-01
         vertex 5.183859e-01 1.138825e-01 1.502901e-01
         vertex 3.976739e-01 9.851028e-02 1.253335e-01
      endloop
   endfacet
   facet normal -2.809941e-01 3.697906e-01 8.856056e-01
      outer loop
         vertex 3.999238e-01 6.881972e-02 1.384449e-01
         vertex 3.976739e-01 9.851028e-02 1.253335e-01
         vertex 2.846293e-01 5.538307e-02 1.074736e-01
      endloop
   endfacet
   facet normal -2.942516e-01 4.147028e-01 8.610677e-01
      outer loop
         vertex 2.846293e-01 5.538307e-02 1.074736e-01
         vertex 3.976739e-01 9.851028e-02 1.253335e-01
         vertex 2.789202e-01 1.001285e-01 8.397257e-02
      endloop
   endfacet
   facet normal -3.314073e-01 4.052189e-01 8.520369e-01
      outer loop
         vertex 2.846293e-01 5.538307e-02 1.074736e-01
         vertex 2.789202e-01 1.001285e-01 8.397257e-02
         vertex 1.773390e-01 3.942992e-02 7.332922e-02
      endloop
   endfacet
   facet normal -3.226217e-01 3.885779e-01 8.630889e-01
      outer loop
         vertex 1.773390e-01 3.942992e-02 7.332922e-02
         vertex 2.789202e-01 1.001285e-01 8.397257e-02
         vertex 1.717592e-01 7.199092e-02 5.658396e-02
      endloop
   endfacet
   facet normal 6.046721e-02 1.403155e-01 9.882587e-01
      outer loop
         vertex 1.094784e+00 5.544630e-02 2.076763e-01
         vertex 1.094676e+00 1.073249e-01 2.003171e-01
         vertex 9.851975e-01 5.215523e-02 2.148487e-01
      endloop
   endfacet
   facet normal 5.483727e-02 1.511528e-01 9.869882e-01
      outer loop
         vertex 9.851975e-01 5.215523e-02 2.148487e-01
         vertex 1.094676e+00 1.073249e-01 2.003171e-01
         vertex 9.851479e-01 1.009670e-01 2.073761e-01
      endloop
   endfacet
   facet normal 1.637967e-02 1.513220e-01 9.883488e-01
      outer loop
         vertex 9.851975e-01 5.215523e-02 2.148487e-01
         vertex 9.851479e-01 1.009670e-01 2.073761e-01
         vertex 8.750000e-01 5.035718e-02 2.169503e-01
      endloop
   endfacet
   facet normal 1.245628e-03 1.832601e-01 9.830637e-01
      outer loop
         vertex 8.750000e-01 5.035718e-02 2.169503e-01
         vertex 9.851479e-01 1.009670e-01 2.073761e-01
         vertex 8.750000e-01 9.727228e-02 2.082045e-01
      endloop
   endfacet
   facet normal -5.109847e-02 1.830209e-01 9.817802e-01
      outer loop
         vertex 8.750000e-01 5.035718e-02 2.169503e-01
         vertex 8.750000e-01 9.727228e-02 2.082045e-01
         vertex 7.609117e-01 4.876398e-02 2.113093e-01
      endloop
   endfacet
   facet normal -6.668334e-02 2.191398e-01 9.734121e-01
      outer loop
         vertex 7.609117e-01 4.876398e-02 2.113093e-01
         vertex 8.750000e-01 9.727228e-02 2.082045e-01
         vertex 7.607607e-01 9.396618e-02 2.011228e-01
      endloop
   endfacet
   facet normal -1.219965e-01 2.178112e-01 9.683363e-01
      outer loop
         vertex 7.609117e-01 4.876398e-02 2.113093e-01
         vertex 7.607607e-01 9.396618e-02 2.011228e-01
         vertex 6.418766e-01 4.574559e-02 1.969915e-01
      endloop
   endfacet
   facet normal -1.303726e-01 2.389848e-01 9.622314e-01
      outer loop
         vertex 6.418766e-01 4.574559e-02 1.969915e-01
         vertex 7.607607e-01 9.396618e-02 2.011228e-01
         vertex 6.412967e-01 8.811774e-02 1.863892e-01
      endloop
   endfacet
   facet normal -1.802703e-01 2.364369e-01 9.547776e-01
      outer loop
         vertex 6.418766e-01 4.574559e-02 1.969915e-01
         vertex 6.412967e-01 8.811774e-02 1.863892e-01
         vertex 5.210416e-01 4.134297e-02 1.752671e-01
      endloop
   endfacet
   facet normal -1.837303e-01 2.460690e-01 9.516792e-01
      outer loop
         vertex 5.210416e-01 4.134297e-02 1.752671e-01
         vertex 6.412967e-01 8.811774e-02 1.863892e-01
         vertex 5.199154e-01 7.973344e-02 1.651233e-01
      endloop
   endfacet
   facet normal -2.313482e-01 2.421796e-01 9.422458e-01
      outer loop
         vertex 5.210416e-01 4.134297e-02 1.752671e-01
         vertex 5.199154e-01 7.973344e-02 1.651233e-01
         vertex 4.015531e-01 3.559707e-02 1.474061e-01
      endloop
   endfacet
   facet normal -2.315315e-01 2.427481e-01 9.420544e-01
      outer loop
         vertex 4.015531e-01 3.559707e-02 1.474061e-01
         vertex 5.199154e-01 7.973344e-02 1.651233e-01
         vertex 3.999238e-01 6.881972e-02 1.384449e-01
      endloop
   endfacet
   facet normal -2.793371e-01 2.372647e-01 9.304173e-01
      outer loop
         vertex 4.015531e-01 3.559707e-02 1.474061e-01
         vertex 3.999238e-01 6.881972e-02 1.384449e-01
         vertex 2.865581e-01 2.854888e-02 1.146787e-01
      endloop
   endfacet
   facet normal -2.774092e-01 2.304945e-01 9.326931e-01
      outer loop
         vertex 2.865581e-01 2.854888e-02 1.146787e-01
         vertex 3.999238e-01 6.881972e-02 1.384449e-01
         vertex 2.846293e-01 5.538307e-02 1.074736e-01
      endloop
   endfacet
   facet normal -3.278747e-01 2.229330e-01 9.180409e-01
      outer loop
         vertex 2.865581e-01 2.854888e-02 1.146787e-01
         vertex 2.846293e-01 5.538307e-02 1.074736e-01
         vertex 1.792030e-01 2.023933e-02 7.835518e-02
      endloop
   endfacet
   facet normal -3.247095e-01 2.099839e-01 9.222096e-01
      outer loop
         vertex 1.792030e-01 2.023933e-02 7.835518e-02
         vertex 2.846293e-01 5.538307e-02 1.074736e-01
         vertex 1.773390e-01 3.942992e-02 7.332922e-02
      endloop
   endfacet
   facet normal -3.791809e-01 1.997919e-01 9.034960e-01
      outer loop
         vertex 1.792030e-01 2.023933e-02 7.835518e-02
         vertex 1.773390e-01 3.942992e-02 7.332922e-02
         vertex 8.136015e-02 2.096674e-02 3.713144e-02
      endloop
   endfacet
   facet normal -3.892516e-01 3.676432e-01 8.445837e-01
      outer loop
         vertex 8.136015e-02 2.096674e-02 3.713144e-02
         vertex 1.773390e-01 3.942992e-02 7.332922e-02
         vertex 1.717592e-01 7.199092e-02 5.658396e-02
      endloop
   endfacet
   facet normal -3.794056e-01 3.448734e-01 8.585533e-01
      outer loop
         vertex 8.136015e-02 2.096674e-02 3.713144e-02
         vertex 1.717592e-01 7.199092e-02 5.658396e-02
         vertex 7.751465e-02 3.873561e-02 2.829447e-02
      endloop
   endfacet
   facet normal -1.262094e-01 9.821619e-01 1.393883e-01
      outer loop
         vertex 1.531579e+00 3.418351e-01 4.046875e-02
         vertex 1.411248e+00 3.254895e-01 4.668898e-02
         vertex 1.531537e+00 3.403795e-01 5.068632e-02
      endloop
   endfacet
   facet normal -1.257531e-01 9.095660e-01 3.960756e-01
      outer loop
         vertex 1.531537e+00 3.403795e-01 5.068632e-02
         vertex 1.411248e+00 3.254895e-01 4.668898e-02
         vertex 1.531422e+00 3.360255e-01 6.064884e-02
      endloop
   endfacet
   facet normal -1.093272e-01 9.112785e-01 3.970127e-01
      outer loop
         vertex 1.531537e+00 3.403795e-01 5.068632e-02
         vertex 1.531422e+00 3.360255e-01 6.064884e-02
         vertex 1.640769e+00 3.513258e-01 5.564088e-02
      endloop
   endfacet
   facet normal -4.785790e-02 6.938070e-01 7.185690e-01
      outer loop
         vertex 1.640481e+00 3.325294e-01 7.377034e-02
         vertex 1.640769e+00 3.513258e-01 5.564088e-02
         vertex 1.531063e+00 3.186976e-01 7.983804e-02
      endloop
   endfacet
   facet normal -7.308978e-02 7.408812e-01 6.676473e-01
      outer loop
         vertex 1.531063e+00 3.186976e-01 7.983804e-02
         vertex 1.640769e+00 3.513258e-01 5.564088e-02
         vertex 1.531422e+00 3.360255e-01 6.064884e-02
      endloop
   endfacet
   facet normal -4.636196e-02 7.418195e-01 6.689951e-01
      outer loop
         vertex 1.531063e+00 3.186976e-01 7.983804e-02
         vertex 1.531422e+00 3.360255e-01 6.064884e-02
         vertex 1.312528e+00 3.065985e-01 7.810956e-02
      endloop
   endfacet
   facet normal -1.115436e-01 9.666106e-01 2.306988e-01
      outer loop
         vertex 1.312528e+00 3.065985e-01 7.810956e-02
         vertex 1.531422e+00 3.360255e-01 6.064884e-02
         vertex 1.411248e+00 3.254895e-01 4.668898e-02
      endloop
   endfacet
   facet normal -1.141522e-01 9.680296e-01 2.233563e-01
      outer loop
         vertex 1.312528e+00 3.065985e-01 7.810956e-02
         vertex 1.411248e+00 3.254895e-01 4.668898e-02
         vertex 1.312585e+00 3.125142e-01 5.250000e-02
      endloop
   endfacet
   facet normal -1.464308e-01 9.740796e-01 1.724149e-01
      outer loop
         vertex 8.750000e-01 2.449171e-01 1.002143e-01
         vertex 9.842551e-01 2.613625e-01 1.000934e-01
         vertex 1.033159e+00 2.745762e-01 6.697513e-02
      endloop
   endfacet
   facet normal -1.300088e-01 9.719821e-01 1.958276e-01
      outer loop
         vertex 1.033159e+00 2.745762e-01 6.697513e-02
         vertex 9.842551e-01 2.613625e-01 1.000934e-01
         vertex 1.093620e+00 2.769455e-01 9.535479e-02
      endloop
   endfacet
   facet normal -1.189398e-01 9.779344e-01 1.717490e-01
      outer loop
         vertex 1.033159e+00 2.745762e-01 6.697513e-02
         vertex 1.093620e+00 2.769455e-01 9.535479e-02
         vertex 1.312528e+00 3.065985e-01 7.810956e-02
      endloop
   endfacet
   facet normal -6.413804e-02 8.113752e-01 5.809962e-01
      outer loop
         vertex 1.312528e+00 3.065985e-01 7.810956e-02
         vertex 1.093620e+00 2.769455e-01 9.535479e-02
         vertex 1.312409e+00 2.893757e-01 1.021485e-01
      endloop
   endfacet
   facet normal -4.955655e-02 8.120160e-01 5.815275e-01
      outer loop
         vertex 1.312528e+00 3.065985e-01 7.810956e-02
         vertex 1.312409e+00 2.893757e-01 1.021485e-01
         vertex 1.531063e+00 3.186976e-01 7.983804e-02
      endloop
   endfacet
   facet normal 1.412653e-02 5.366179e-01 8.437071e-01
      outer loop
         vertex 1.531063e+00 3.186976e-01 7.983804e-02
         vertex 1.312409e+00 2.893757e-01 1.021485e-01
         vertex 1.530671e+00 2.900033e-01 9.809487e-02
      endloop
   endfacet
   facet normal -2.110072e-02 5.368947e-01 8.433854e-01
      outer loop
         vertex 1.531063e+00 3.186976e-01 7.983804e-02
         vertex 1.530671e+00 2.900033e-01 9.809487e-02
         vertex 1.640481e+00 3.325294e-01 7.377034e-02
      endloop
   endfacet
   facet normal 5.300339e-03 4.861522e-01 8.738581e-01
      outer loop
         vertex 1.640481e+00 3.325294e-01 7.377034e-02
         vertex 1.530671e+00 2.900033e-01 9.809487e-02
         vertex 1.640160e+00 3.017800e-01 9.087909e-02
      endloop
   endfacet
   facet normal -1.391129e-01 9.804596e-01 1.390917e-01
      outer loop
         vertex 1.531579e+00 3.418351e-01 4.046875e-02
         vertex 1.531537e+00 3.403795e-01 5.068632e-02
         vertex 1.750000e+00 3.717183e-01 4.827520e-02
      endloop
   endfacet
   facet normal -1.065139e-01 7.890586e-01 6.050135e-01
      outer loop
         vertex 1.750000e+00 3.717183e-01 4.827520e-02
         vertex 1.531537e+00 3.403795e-01 5.068632e-02
         vertex 1.640769e+00 3.513258e-01 5.564088e-02
      endloop
   endfacet
   facet normal -1.208604e-01 8.390026e-01 5.305350e-01
      outer loop
         vertex 1.750000e+00 3.717183e-01 4.827520e-02
         vertex 1.640769e+00 3.513258e-01 5.564088e-02
         vertex 1.750000e+00 3.673756e-01 5.514287e-02
      endloop
   endfacet
   facet normal -9.836376e-02 6.916368e-01 7.155160e-01
      outer loop
         vertex 1.750000e+00 3.673756e-01 5.514287e-02
         vertex 1.640769e+00 3.513258e-01 5.564088e-02
         vertex 1.640481e+00 3.325294e-01 7.377034e-02
      endloop
   endfacet
   facet normal -1.013282e-01 6.976154e-01 7.092710e-01
      outer loop
         vertex 1.750000e+00 3.673756e-01 5.514287e-02
         vertex 1.640481e+00 3.325294e-01 7.377034e-02
         vertex 1.750000e+00 3.551722e-01 6.714576e-02
      endloop
   endfacet
   facet normal -4.770100e-02 4.860280e-01 8.726405e-01
      outer loop
         vertex 1.750000e+00 3.551722e-01 6.714576e-02
         vertex 1.640481e+00 3.325294e-01 7.377034e-02
         vertex 1.640160e+00 3.017800e-01 9.087909e-02
      endloop
   endfacet
   facet normal -3.361093e-02 4.628831e-01 8.857819e-01
      outer loop
         vertex 1.750000e+00 3.551722e-01 6.714576e-02
         vertex 1.640160e+00 3.017800e-01 9.087909e-02
         vertex 1.750000e+00 3.063636e-01 9.265170e-02
      endloop
   endfacet
   facet normal -1.484012e-01 9.752237e-01 1.640603e-01
      outer loop
         vertex 1.033159e+00 2.745762e-01 6.697513e-02
         vertex 8.750000e-01 2.500000e-01 7.000000e-02
         vertex 8.750000e-01 2.449171e-01 1.002143e-01
      endloop
   endfacet
   facet normal -1.578894e-01 9.737737e-01 1.638164e-01
      outer loop
         vertex 8.750000e-01 2.449171e-01 1.002143e-01
         vertex 8.750000e-01 2.500000e-01 7.000000e-02
         vertex 7.590103e-01 2.317115e-01 6.691916e-02
      endloop
   endfacet
   facet normal -1.553763e-01 9.757328e-01 1.542848e-01
      outer loop
         vertex 8.750000e-01 2.449171e-01 1.002143e-01
         vertex 7.590103e-01 2.317115e-01 6.691916e-02
         vertex 6.383719e-01 2.097412e-01 8.437245e-02
      endloop
   endfacet
   facet normal -1.590099e-01 9.783502e-01 1.324642e-01
      outer loop
         vertex 6.383719e-01 2.097412e-01 8.437245e-02
         vertex 7.590103e-01 2.317115e-01 6.691916e-02
         vertex 6.382734e-01 2.131521e-01 5.906250e-02
      endloop
   endfacet
   facet normal -1.917714e-01 9.725481e-01 1.318099e-01
      outer loop
         vertex 6.383719e-01 2.097412e-01 8.437245e-02
         vertex 6.382734e-01 2.131521e-01 5.906250e-02
         vertex 3.894503e-01 1.646375e-01 5.500825e-02
      endloop
   endfacet
   facet normal -1.899377e-01 9.551854e-01 2.270342e-01
      outer loop
         vertex 3.894503e-01 1.646375e-01 5.500825e-02
         vertex 6.382734e-01 2.131521e-01 5.906250e-02
         vertex 4.392289e-01 1.780183e-01 4.035680e-02
      endloop
   endfacet
   facet normal -2.496019e-01 9.676886e-01 3.574301e-02
      outer loop
         vertex 3.894503e-01 1.646375e-01 5.500825e-02
         vertex 4.392289e-01 1.780183e-01 4.035680e-02
         vertex 2.717289e-01 1.348747e-01 3.871520e-02
      endloop
   endfacet
   facet normal -2.493560e-01 9.650066e-01 8.114097e-02
      outer loop
         vertex 2.717289e-01 1.348747e-01 3.871520e-02
         vertex 4.392289e-01 1.780183e-01 4.035680e-02
         vertex 2.499763e-01 1.308387e-01 1.986690e-02
      endloop
   endfacet
   facet normal -3.409561e-01 9.192818e-01 1.966470e-01
      outer loop
         vertex 2.717289e-01 1.348747e-01 3.871520e-02
         vertex 2.499763e-01 1.308387e-01 1.986690e-02
         vertex 1.645536e-01 9.844429e-02 2.319350e-02
      endloop
   endfacet
   facet normal -3.446365e-01 9.251403e-01 1.591891e-01
      outer loop
         vertex 1.645536e-01 9.844429e-02 2.319350e-02
         vertex 2.499763e-01 1.308387e-01 1.986690e-02
         vertex 1.638869e-01 1.003049e-01 1.093750e-02
      endloop
   endfacet
   facet normal -4.163709e-01 8.952628e-01 1.585551e-01
      outer loop
         vertex 1.645536e-01 9.844429e-02 2.319350e-02
         vertex 1.638869e-01 1.003049e-01 1.093750e-02
         vertex 1.129843e-01 7.746611e-02 6.221783e-03
      endloop
   endfacet
   facet normal -2.826783e-01 7.523733e-01 5.950020e-01
      outer loop
         vertex 2.734758e-01 1.278953e-01 5.465288e-02
         vertex 3.928121e-01 1.428807e-01 9.239926e-02
         vertex 3.908209e-01 1.565429e-01 7.417762e-02
      endloop
   endfacet
   facet normal -2.365910e-01 7.647858e-01 5.992723e-01
      outer loop
         vertex 3.908209e-01 1.565429e-01 7.417762e-02
         vertex 3.928121e-01 1.428807e-01 9.239926e-02
         vertex 5.152271e-01 1.645538e-01 1.130694e-01
      endloop
   endfacet
   facet normal -2.145557e-01 8.296385e-01 5.154279e-01
      outer loop
         vertex 3.908209e-01 1.565429e-01 7.417762e-02
         vertex 5.152271e-01 1.645538e-01 1.130694e-01
         vertex 6.386607e-01 1.994156e-01 1.083368e-01
      endloop
   endfacet
   facet normal -1.955796e-01 7.741986e-01 6.019678e-01
      outer loop
         vertex 5.152271e-01 1.645538e-01 1.130694e-01
         vertex 6.391293e-01 1.820355e-01 1.308418e-01
         vertex 6.386607e-01 1.994156e-01 1.083368e-01
      endloop
   endfacet
   facet normal -1.594729e-01 7.797196e-01 6.054798e-01
      outer loop
         vertex 6.386607e-01 1.994156e-01 1.083368e-01
         vertex 6.391293e-01 1.820355e-01 1.308418e-01
         vertex 7.604198e-01 1.960395e-01 1.447537e-01
      endloop
   endfacet
   facet normal -1.537398e-01 7.943611e-01 5.876686e-01
      outer loop
         vertex 6.386607e-01 1.994156e-01 1.083368e-01
         vertex 7.604198e-01 1.960395e-01 1.447537e-01
         vertex 8.750000e-01 2.303408e-01 1.283634e-01
      endloop
   endfacet
   facet normal -1.249704e-01 7.355922e-01 6.657976e-01
      outer loop
         vertex 8.750000e-01 2.303408e-01 1.283634e-01
         vertex 7.604198e-01 1.960395e-01 1.447537e-01
         vertex 8.750000e-01 2.072795e-01 1.538421e-01
      endloop
   endfacet
   facet normal -1.022817e-01 7.375162e-01 6.675390e-01
      outer loop
         vertex 8.750000e-01 2.303408e-01 1.283634e-01
         vertex 8.750000e-01 2.072795e-01 1.538421e-01
         vertex 9.844391e-01 2.445910e-01 1.293878e-01
      endloop
   endfacet
   facet normal -8.388171e-02 7.065649e-01 7.026592e-01
      outer loop
         vertex 9.844391e-01 2.445910e-01 1.293878e-01
         vertex 8.750000e-01 2.072795e-01 1.538421e-01
         vertex 9.846714e-01 2.186354e-01 1.555154e-01
      endloop
   endfacet
   facet normal -6.042054e-02 7.078734e-01 7.037504e-01
      outer loop
         vertex 9.844391e-01 2.445910e-01 1.293878e-01
         vertex 9.846714e-01 2.186354e-01 1.555154e-01
         vertex 1.093800e+00 2.593289e-01 1.239528e-01
      endloop
   endfacet
   facet normal -4.300339e-02 6.817635e-01 7.303076e-01
      outer loop
         vertex 1.093800e+00 2.593289e-01 1.239528e-01
         vertex 9.846714e-01 2.186354e-01 1.555154e-01
         vertex 1.094041e+00 2.319952e-01 1.494838e-01
      endloop
   endfacet
   facet normal -8.233055e-03 6.825349e-01 7.308066e-01
      outer loop
         vertex 1.093800e+00 2.593289e-01 1.239528e-01
         vertex 1.094041e+00 2.319952e-01 1.494838e-01
         vertex 1.312307e+00 2.616325e-01 1.242630e-01
      endloop
   endfacet
   facet normal 3.857845e-02 4.674513e-01 8.831767e-01
      outer loop
         vertex 1.312307e+00 2.616325e-01 1.242630e-01
         vertex 1.094041e+00 2.319952e-01 1.494838e-01
         vertex 1.312303e+00 2.241556e-01 1.440991e-01
      endloop
   endfacet
   facet normal 6.023767e-02 4.669481e-01 8.822306e-01
      outer loop
         vertex 1.312307e+00 2.616325e-01 1.242630e-01
         vertex 1.312303e+00 2.241556e-01 1.440991e-01
         vertex 1.530414e+00 2.500942e-01 1.154779e-01
      endloop
   endfacet
   facet normal 8.160791e-02 3.453777e-01 9.349088e-01
      outer loop
         vertex 1.530414e+00 2.500942e-01 1.154779e-01
         vertex 1.312303e+00 2.241556e-01 1.440991e-01
         vertex 1.312446e+00 1.778466e-01 1.611942e-01
      endloop
   endfacet
   facet normal 9.789742e-02 3.042342e-01 9.475535e-01
      outer loop
         vertex 1.530414e+00 2.500942e-01 1.154779e-01
         vertex 1.312446e+00 1.778466e-01 1.611942e-01
         vertex 1.530412e+00 1.994135e-01 1.317504e-01
      endloop
   endfacet
   facet normal 1.063651e-01 2.417725e-01 9.644856e-01
      outer loop
         vertex 1.530412e+00 1.994135e-01 1.317504e-01
         vertex 1.312446e+00 1.778466e-01 1.611942e-01
         vertex 1.312669e+00 1.240668e-01 1.746509e-01
      endloop
   endfacet
   facet normal 1.137068e-01 2.226907e-01 9.682353e-01
      outer loop
         vertex 1.530412e+00 1.994135e-01 1.317504e-01
         vertex 1.312669e+00 1.240668e-01 1.746509e-01
         vertex 1.530578e+00 1.395704e-01 1.454945e-01
      endloop
   endfacet
   facet normal 1.210596e-01 1.451777e-01 9.819715e-01
      outer loop
         vertex 1.530578e+00 1.395704e-01 1.454945e-01
         vertex 1.312669e+00 1.240668e-01 1.746509e-01
         vertex 1.312874e+00 6.429247e-02 1.834629e-01
      endloop
   endfacet
   facet normal 1.231203e-01 1.395036e-01 9.825376e-01
      outer loop
         vertex 1.530578e+00 1.395704e-01 1.454945e-01
         vertex 1.312874e+00 6.429247e-02 1.834629e-01
         vertex 1.530778e+00 7.246564e-02 1.549973e-01
      endloop
   endfacet
   facet normal 1.275425e-01 4.964754e-02 9.905897e-01
      outer loop
         vertex 1.530778e+00 7.246564e-02 1.549973e-01
         vertex 1.312874e+00 6.429247e-02 1.834629e-01
         vertex 1.381522e+00 -4.640975e-18 1.778465e-01
      endloop
   endfacet
   facet normal 1.280133e-01 4.867398e-02 9.905773e-01
      outer loop
         vertex 1.530778e+00 7.246564e-02 1.549973e-01
         vertex 1.381522e+00 -4.640975e-18 1.778465e-01
         vertex 1.530874e+00 -3.181018e-18 1.585455e-01
      endloop
   endfacet
   facet normal 8.634862e-02 2.680626e-02 9.959043e-01
      outer loop
         vertex 1.750000e+00 0.000000e+00 1.350000e-01
         vertex 1.750000e+00 7.553577e-02 1.329668e-01
         vertex 1.640130e+00 7.491546e-02 1.425097e-01
      endloop
   endfacet
   facet normal 8.577564e-02 8.226514e-02 9.929124e-01
      outer loop
         vertex 1.640130e+00 7.491546e-02 1.425097e-01
         vertex 1.750000e+00 7.553577e-02 1.329668e-01
         vertex 1.750000e+00 1.459084e-01 1.271363e-01
      endloop
   endfacet
   facet normal 6.080756e-02 1.204605e-01 9.908540e-01
      outer loop
         vertex 1.640130e+00 7.491546e-02 1.425097e-01
         vertex 1.750000e+00 1.459084e-01 1.271363e-01
         vertex 1.640000e+00 1.443806e-01 1.340726e-01
      endloop
   endfacet
   facet normal 6.073684e-02 1.237380e-01 9.904544e-01
      outer loop
         vertex 1.640000e+00 1.443806e-01 1.340726e-01
         vertex 1.750000e+00 1.459084e-01 1.271363e-01
         vertex 1.750000e+00 1.713927e-01 1.239525e-01
      endloop
   endfacet
   facet normal 4.242839e-02 1.943808e-01 9.800081e-01
      outer loop
         vertex 1.640000e+00 1.443806e-01 1.340726e-01
         vertex 1.750000e+00 1.713927e-01 1.239525e-01
         vertex 1.639903e+00 2.065429e-01 1.217472e-01
      endloop
   endfacet
   facet normal 4.134525e-02 1.910324e-01 9.807126e-01
      outer loop
         vertex 1.639903e+00 2.065429e-01 1.217472e-01
         vertex 1.750000e+00 1.713927e-01 1.239525e-01
         vertex 1.750000e+00 2.651131e-01 1.056968e-01
      endloop
   endfacet
   facet normal -2.584552e-03 2.688075e-01 9.631905e-01
      outer loop
         vertex 1.639903e+00 2.065429e-01 1.217472e-01
         vertex 1.750000e+00 2.651131e-01 1.056968e-01
         vertex 1.639937e+00 2.595502e-01 1.069540e-01
      endloop
   endfacet
   facet normal 7.032422e-02 2.681001e-01 9.608209e-01
      outer loop
         vertex 1.639937e+00 2.595502e-01 1.069540e-01
         vertex 1.530412e+00 1.994135e-01 1.317504e-01
         vertex 1.639903e+00 2.065429e-01 1.217472e-01
      endloop
   endfacet
   facet normal 7.424482e-02 2.234204e-01 9.718904e-01
      outer loop
         vertex 1.639903e+00 2.065429e-01 1.217472e-01
         vertex 1.530412e+00 1.994135e-01 1.317504e-01
         vertex 1.530578e+00 1.395704e-01 1.454945e-01
      endloop
   endfacet
   facet normal 9.342150e-02 1.937818e-01 9.765864e-01
      outer loop
         vertex 1.639903e+00 2.065429e-01 1.217472e-01
         vertex 1.530578e+00 1.395704e-01 1.454945e-01
         vertex 1.640000e+00 1.443806e-01 1.340726e-01
      endloop
   endfacet
   facet normal 9.671711e-02 1.398361e-01 9.854398e-01
      outer loop
         vertex 1.640000e+00 1.443806e-01 1.340726e-01
         vertex 1.530578e+00 1.395704e-01 1.454945e-01
         vertex 1.530778e+00 7.246564e-02 1.549973e-01
      endloop
   endfacet
   facet normal 1.099829e-01 1.200427e-01 9.866577e-01
      outer loop
         vertex 1.640000e+00 1.443806e-01 1.340726e-01
         vertex 1.530778e+00 7.246564e-02 1.549973e-01
         vertex 1.640130e+00 7.491546e-02 1.425097e-01
      endloop
   endfacet
   facet normal 1.122455e-01 4.874634e-02 9.924841e-01
      outer loop
         vertex 1.640130e+00 7.491546e-02 1.425097e-01
         vertex 1.530778e+00 7.246564e-02 1.549973e-01
         vertex 1.530874e+00 -3.181018e-18 1.585455e-01
      endloop
   endfacet
   facet normal 1.066639e-01 5.692515e-02 9.926643e-01
      outer loop
         vertex 1.640130e+00 7.491546e-02 1.425097e-01
         vertex 1.530874e+00 -3.181018e-18 1.585455e-01
         vertex 1.750000e+00 0.000000e+00 1.350000e-01
      endloop
   endfacet
   facet normal 7.841056e-02 4.431026e-02 9.959359e-01
      outer loop
         vertex 1.094822e+00 -4.313983e-18 2.101402e-01
         vertex 1.094784e+00 5.544630e-02 2.076763e-01
         vertex 1.064571e+00 -3.959586e-18 2.125218e-01
      endloop
   endfacet
   facet normal 6.365281e-02 5.240921e-02 9.965950e-01
      outer loop
         vertex 1.064571e+00 -3.959586e-18 2.125218e-01
         vertex 1.094784e+00 5.544630e-02 2.076763e-01
         vertex 9.851975e-01 5.215523e-02 2.148487e-01
      endloop
   endfacet
   facet normal 3.941256e-02 1.540660e-02 9.991042e-01
      outer loop
         vertex 1.064571e+00 -3.959586e-18 2.125218e-01
         vertex 9.851975e-01 5.215523e-02 2.148487e-01
         vertex 8.750000e-01 1.027163e-33 2.200000e-01
      endloop
   endfacet
   facet normal 1.804675e-02 6.044168e-02 9.980086e-01
      outer loop
         vertex 8.750000e-01 1.027163e-33 2.200000e-01
         vertex 9.851975e-01 5.215523e-02 2.148487e-01
         vertex 8.750000e-01 5.035718e-02 2.169503e-01
      endloop
   endfacet
   facet normal -6.697703e-03 6.045017e-02 9.981487e-01
      outer loop
         vertex 8.750000e-01 1.027163e-33 2.200000e-01
         vertex 8.750000e-01 5.035718e-02 2.169503e-01
         vertex 8.590310e-01 4.322011e-19 2.198928e-01
      endloop
   endfacet
   facet normal -5.028009e-02 7.414404e-02 9.959792e-01
      outer loop
         vertex 8.590310e-01 4.322011e-19 2.198928e-01
         vertex 8.750000e-01 5.035718e-02 2.169503e-01
         vertex 7.609117e-01 4.876398e-02 2.113093e-01
      endloop
   endfacet
   facet normal -4.968394e-02 7.533314e-02 9.959199e-01
      outer loop
         vertex 8.590310e-01 4.322011e-19 2.198928e-01
         vertex 7.609117e-01 4.876398e-02 2.113093e-01
         vertex 7.609764e-01 1.684696e-18 2.150012e-01
      endloop
   endfacet
   facet normal -1.157565e-01 7.483168e-02 9.904548e-01
      outer loop
         vertex 7.609764e-01 1.684696e-18 2.150012e-01
         vertex 7.609117e-01 4.876398e-02 2.113093e-01
         vertex 6.485520e-01 9.842906e-19 2.018619e-01
      endloop
   endfacet
   facet normal -4.349183e-03 3.015202e-01 9.534499e-01
      outer loop
         vertex 1.750000e+00 2.651131e-01 1.056968e-01
         vertex 1.750000e+00 3.063636e-01 9.265170e-02
         vertex 1.639937e+00 2.595502e-01 1.069540e-01
      endloop
   endfacet
   facet normal -2.991936e-02 3.557298e-01 9.341098e-01
      outer loop
         vertex 1.639937e+00 2.595502e-01 1.069540e-01
         vertex 1.750000e+00 3.063636e-01 9.265170e-02
         vertex 1.640160e+00 3.017800e-01 9.087909e-02
      endloop
   endfacet
   facet normal 4.200716e-02 3.552425e-01 9.338298e-01
      outer loop
         vertex 1.639937e+00 2.595502e-01 1.069540e-01
         vertex 1.640160e+00 3.017800e-01 9.087909e-02
         vertex 1.530414e+00 2.500942e-01 1.154779e-01
      endloop
   endfacet
   facet normal 1.747966e-02 3.991740e-01 9.167086e-01
      outer loop
         vertex 1.530414e+00 2.500942e-01 1.154779e-01
         vertex 1.640160e+00 3.017800e-01 9.087909e-02
         vertex 1.530671e+00 2.900033e-01 9.809487e-02
      endloop
   endfacet
   facet normal 5.794461e-02 3.983455e-01 9.154033e-01
      outer loop
         vertex 1.530414e+00 2.500942e-01 1.154779e-01
         vertex 1.530671e+00 2.900033e-01 9.809487e-02
         vertex 1.312307e+00 2.616325e-01 1.242630e-01
      endloop
   endfacet
   facet normal 1.273006e-02 6.232385e-01 7.819282e-01
      outer loop
         vertex 1.312307e+00 2.616325e-01 1.242630e-01
         vertex 1.530671e+00 2.900033e-01 9.809487e-02
         vertex 1.312409e+00 2.893757e-01 1.021485e-01
      endloop
   endfacet
   facet normal -7.681309e-03 6.233163e-01 7.819321e-01
      outer loop
         vertex 1.312307e+00 2.616325e-01 1.242630e-01
         vertex 1.312409e+00 2.893757e-01 1.021485e-01
         vertex 1.093800e+00 2.593289e-01 1.239528e-01
      endloop
   endfacet
   facet normal -6.452247e-02 8.494653e-01 5.236846e-01
      outer loop
         vertex 1.093800e+00 2.593289e-01 1.239528e-01
         vertex 1.312409e+00 2.893757e-01 1.021485e-01
         vertex 1.093620e+00 2.769455e-01 9.535479e-02
      endloop
   endfacet
   facet normal -8.827487e-02 8.478486e-01 5.228387e-01
      outer loop
         vertex 1.093800e+00 2.593289e-01 1.239528e-01
         vertex 1.093620e+00 2.769455e-01 9.535479e-02
         vertex 9.844391e-01 2.445910e-01 1.293878e-01
      endloop
   endfacet
   facet normal -1.015388e-01 8.630756e-01 4.947629e-01
      outer loop
         vertex 9.844391e-01 2.445910e-01 1.293878e-01
         vertex 1.093620e+00 2.769455e-01 9.535479e-02
         vertex 9.842551e-01 2.613625e-01 1.000934e-01
      endloop
   endfacet
   facet normal -1.168117e-01 8.615784e-01 4.940017e-01
      outer loop
         vertex 9.844391e-01 2.445910e-01 1.293878e-01
         vertex 9.842551e-01 2.613625e-01 1.000934e-01
         vertex 8.750000e-01 2.303408e-01 1.283634e-01
      endloop
   endfacet
   facet normal -1.319916e-01 8.802362e-01 4.558097e-01
      outer loop
         vertex 8.750000e-01 2.303408e-01 1.283634e-01
         vertex 9.842551e-01 2.613625e-01 1.000934e-01
         vertex 8.750000e-01 2.449171e-01 1.002143e-01
      endloop
   endfacet
   facet normal -1.533262e-01 8.775054e-01 4.543956e-01
      outer loop
         vertex 8.750000e-01 2.303408e-01 1.283634e-01
         vertex 8.750000e-01 2.449171e-01 1.002143e-01
         vertex 6.386607e-01 1.994156e-01 1.083368e-01
      endloop
   endfacet
   facet normal -1.608936e-01 9.057062e-01 3.921855e-01
      outer loop
         vertex 6.386607e-01 1.994156e-01 1.083368e-01
         vertex 8.750000e-01 2.449171e-01 1.002143e-01
         vertex 6.383719e-01 2.097412e-01 8.437245e-02
      endloop
   endfacet
   facet normal -2.088337e-01 8.972109e-01 3.891028e-01
      outer loop
         vertex 6.386607e-01 1.994156e-01 1.083368e-01
         vertex 6.383719e-01 2.097412e-01 8.437245e-02
         vertex 3.908209e-01 1.565429e-01 7.417762e-02
      endloop
   endfacet
   facet normal -2.086351e-01 8.955264e-01 3.930699e-01
      outer loop
         vertex 3.908209e-01 1.565429e-01 7.417762e-02
         vertex 6.383719e-01 2.097412e-01 8.437245e-02
         vertex 3.894503e-01 1.646375e-01 5.500825e-02
      endloop
   endfacet
   facet normal -2.791366e-01 8.773021e-01 3.904148e-01
      outer loop
         vertex 3.908209e-01 1.565429e-01 7.417762e-02
         vertex 3.894503e-01 1.646375e-01 5.500825e-02
         vertex 2.734758e-01 1.278953e-01 5.465288e-02
      endloop
   endfacet
   facet normal -2.765054e-01 8.688001e-01 4.107690e-01
      outer loop
         vertex 2.734758e-01 1.278953e-01 5.465288e-02
         vertex 3.894503e-01 1.646375e-01 5.500825e-02
         vertex 2.717289e-01 1.348747e-01 3.871520e-02
      endloop
   endfacet
   facet normal -3.495336e-01 8.435586e-01 4.077195e-01
      outer loop
         vertex 2.734758e-01 1.278953e-01 5.465288e-02
         vertex 2.717289e-01 1.348747e-01 3.871520e-02
         vertex 1.663206e-01 9.298386e-02 3.502049e-02
      endloop
   endfacet
   facet normal -3.456106e-01 8.312444e-01 4.354148e-01
      outer loop
         vertex 1.663206e-01 9.298386e-02 3.502049e-02
         vertex 2.717289e-01 1.348747e-01 3.871520e-02
         vertex 1.645536e-01 9.844429e-02 2.319350e-02
      endloop
   endfacet
   facet normal -4.449284e-01 7.859436e-01 4.293383e-01
      outer loop
         vertex 1.663206e-01 9.298386e-02 3.502049e-02
         vertex 1.645536e-01 9.844429e-02 2.319350e-02
         vertex 7.371031e-02 5.071621e-02 1.642225e-02
      endloop
   endfacet
   facet normal -4.393906e-01 7.708892e-01 4.611570e-01
      outer loop
         vertex 7.371031e-02 5.071621e-02 1.642225e-02
         vertex 1.645536e-01 9.844429e-02 2.319350e-02
         vertex 7.246397e-02 5.395113e-02 9.827104e-03
      endloop
   endfacet
   facet normal 1.084674e-01 4.420566e-02 9.931167e-01
      outer loop
         vertex 1.094822e+00 -4.313983e-18 2.101402e-01
         vertex 1.312874e+00 6.429247e-02 1.834629e-01
         vertex 1.094784e+00 5.544630e-02 2.076763e-01
      endloop
   endfacet
   facet normal 1.033457e-01 1.454100e-01 9.839592e-01
      outer loop
         vertex 1.094784e+00 5.544630e-02 2.076763e-01
         vertex 1.312874e+00 6.429247e-02 1.834629e-01
         vertex 1.312669e+00 1.240668e-01 1.746509e-01
      endloop
   endfacet
   facet normal 1.051777e-01 1.398847e-01 9.845658e-01
      outer loop
         vertex 1.094784e+00 5.544630e-02 2.076763e-01
         vertex 1.312669e+00 1.240668e-01 1.746509e-01
         vertex 1.094676e+00 1.073249e-01 2.003171e-01
      endloop
   endfacet
   facet normal 9.510222e-02 2.420055e-01 9.656029e-01
      outer loop
         vertex 1.094676e+00 1.073249e-01 2.003171e-01
         vertex 1.312669e+00 1.240668e-01 1.746509e-01
         vertex 1.312446e+00 1.778466e-01 1.611942e-01
      endloop
   endfacet
   facet normal 9.264318e-02 2.487764e-01 9.641201e-01
      outer loop
         vertex 1.094676e+00 1.073249e-01 2.003171e-01
         vertex 1.312446e+00 1.778466e-01 1.611942e-01
         vertex 1.094508e+00 1.546918e-01 1.881109e-01
      endloop
   endfacet
   facet normal 7.879117e-02 3.454485e-01 9.351242e-01
      outer loop
         vertex 1.094508e+00 1.546918e-01 1.881109e-01
         vertex 1.312446e+00 1.778466e-01 1.611942e-01
         vertex 1.312303e+00 2.241556e-01 1.440991e-01
      endloop
   endfacet
   facet normal 6.707153e-02 3.754160e-01 9.244264e-01
      outer loop
         vertex 1.094508e+00 1.546918e-01 1.881109e-01
         vertex 1.312303e+00 2.241556e-01 1.440991e-01
         vertex 1.094291e+00 1.966030e-01 1.711062e-01
      endloop
   endfacet
   facet normal 3.975105e-02 5.211358e-01 8.525476e-01
      outer loop
         vertex 1.094291e+00 1.966030e-01 1.711062e-01
         vertex 1.312303e+00 2.241556e-01 1.440991e-01
         vertex 1.094041e+00 2.319952e-01 1.494838e-01
      endloop
   endfacet
   facet normal -3.922490e-03 5.213190e-01 8.533529e-01
      outer loop
         vertex 1.094291e+00 1.966030e-01 1.711062e-01
         vertex 1.094041e+00 2.319952e-01 1.494838e-01
         vertex 9.848912e-01 1.851294e-01 1.776126e-01
      endloop
   endfacet
   facet normal -2.119264e-02 5.503316e-01 8.346772e-01
      outer loop
         vertex 9.848912e-01 1.851294e-01 1.776126e-01
         vertex 1.094041e+00 2.319952e-01 1.494838e-01
         vertex 9.846714e-01 2.186354e-01 1.555154e-01
      endloop
   endfacet
   facet normal -5.383293e-02 5.495077e-01 8.337525e-01
      outer loop
         vertex 9.848912e-01 1.851294e-01 1.776126e-01
         vertex 9.846714e-01 2.186354e-01 1.555154e-01
         vertex 8.750000e-01 1.767420e-01 1.760452e-01
      endloop
   endfacet
   facet normal -7.303621e-02 5.864982e-01 8.066508e-01
      outer loop
         vertex 8.750000e-01 1.767420e-01 1.760452e-01
         vertex 9.846714e-01 2.186354e-01 1.555154e-01
         vertex 8.750000e-01 2.072795e-01 1.538421e-01
      endloop
   endfacet
   facet normal -1.070897e-01 5.846870e-01 8.041597e-01
      outer loop
         vertex 8.750000e-01 1.767420e-01 1.760452e-01
         vertex 8.750000e-01 2.072795e-01 1.538421e-01
         vertex 7.604590e-01 1.687540e-01 1.665998e-01
      endloop
   endfacet
   facet normal -1.223009e-01 6.202048e-01 7.748474e-01
      outer loop
         vertex 7.604590e-01 1.687540e-01 1.665998e-01
         vertex 8.750000e-01 2.072795e-01 1.538421e-01
         vertex 7.604198e-01 1.960395e-01 1.447537e-01
      endloop
   endfacet
   facet normal -1.525654e-01 6.175535e-01 7.715902e-01
      outer loop
         vertex 7.604590e-01 1.687540e-01 1.665998e-01
         vertex 7.604198e-01 1.960395e-01 1.447537e-01
         vertex 6.397671e-01 1.574612e-01 1.517739e-01
      endloop
   endfacet
   facet normal -1.600497e-01 6.376686e-01 7.535004e-01
      outer loop
         vertex 6.397671e-01 1.574612e-01 1.517739e-01
         vertex 7.604198e-01 1.960395e-01 1.447537e-01
         vertex 6.391293e-01 1.820355e-01 1.308418e-01
      endloop
   endfacet
   facet normal -1.945786e-01 6.331130e-01 7.492043e-01
      outer loop
         vertex 6.397671e-01 1.574612e-01 1.517739e-01
         vertex 6.391293e-01 1.820355e-01 1.308418e-01
         vertex 5.167376e-01 1.425011e-01 1.324634e-01
      endloop
   endfacet
   facet normal -1.968339e-01 6.398356e-01 7.428773e-01
      outer loop
         vertex 5.167376e-01 1.425011e-01 1.324634e-01
         vertex 6.391293e-01 1.820355e-01 1.308418e-01
         vertex 5.152271e-01 1.645538e-01 1.130694e-01
      endloop
   endfacet
   facet normal -2.376921e-01 6.322342e-01 7.374161e-01
      outer loop
         vertex 5.167376e-01 1.425011e-01 1.324634e-01
         vertex 5.152271e-01 1.645538e-01 1.130694e-01
         vertex 3.951842e-01 1.235111e-01 1.095644e-01
      endloop
   endfacet
   facet normal -2.363819e-01 6.280626e-01 7.413912e-01
      outer loop
         vertex 3.951842e-01 1.235111e-01 1.095644e-01
         vertex 5.152271e-01 1.645538e-01 1.130694e-01
         vertex 3.928121e-01 1.428807e-01 9.239926e-02
      endloop
   endfacet
   facet normal -2.854931e-01 6.158097e-01 7.343515e-01
      outer loop
         vertex 3.951842e-01 1.235111e-01 1.095644e-01
         vertex 3.928121e-01 1.428807e-01 9.239926e-02
         vertex 2.789202e-01 1.001285e-01 8.397257e-02
      endloop
   endfacet
   facet normal -2.999856e-01 6.641994e-01 6.847246e-01
      outer loop
         vertex 2.789202e-01 1.001285e-01 8.397257e-02
         vertex 3.928121e-01 1.428807e-01 9.239926e-02
         vertex 2.734758e-01 1.278953e-01 5.465288e-02
      endloop
   endfacet
   facet normal -3.438621e-01 6.490874e-01 6.785606e-01
      outer loop
         vertex 2.789202e-01 1.001285e-01 8.397257e-02
         vertex 2.734758e-01 1.278953e-01 5.465288e-02
         vertex 1.717592e-01 7.199092e-02 5.658396e-02
      endloop
   endfacet
   facet normal -3.340090e-01 6.318800e-01 6.994038e-01
      outer loop
         vertex 1.717592e-01 7.199092e-02 5.658396e-02
         vertex 2.734758e-01 1.278953e-01 5.465288e-02
         vertex 1.663206e-01 9.298386e-02 3.502049e-02
      endloop
   endfacet
   facet normal -4.164524e-01 5.966967e-01 6.859449e-01
      outer loop
         vertex 1.717592e-01 7.199092e-02 5.658396e-02
         vertex 1.663206e-01 9.298386e-02 3.502049e-02
         vertex 7.751465e-02 3.873561e-02 2.829447e-02
      endloop
   endfacet
   facet normal -4.052627e-01 5.753400e-01 7.104549e-01
      outer loop
         vertex 7.751465e-02 3.873561e-02 2.829447e-02
         vertex 1.663206e-01 9.298386e-02 3.502049e-02
         vertex 7.371031e-02 5.071621e-02 1.642225e-02
      endloop
   endfacet
   facet normal -4.795108e-01 5.361522e-01 6.947015e-01
      outer loop
         vertex 7.751465e-02 3.873561e-02 2.829447e-02
         vertex 7.371031e-02 5.071621e-02 1.642225e-02
         vertex 3.422047e-02 2.648244e-02 7.867762e-03
      endloop
   endfacet
   facet normal -5.357235e-01 7.136742e-01 4.512976e-01
      outer loop
         vertex 3.422047e-02 2.648244e-02 7.867762e-03
         vertex 7.371031e-02 5.071621e-02 1.642225e-02
         vertex 7.246397e-02 5.395113e-02 9.827104e-03
      endloop
   endfacet
   facet normal -5.312312e-01 7.062275e-01 4.680129e-01
      outer loop
         vertex 3.422047e-02 2.648244e-02 7.867762e-03
         vertex 7.246397e-02 5.395113e-02 9.827104e-03
         vertex 3.349505e-02 2.824501e-02 4.384642e-03
      endloop
   endfacet
   facet normal -5.590333e-01 8.089972e-01 1.816734e-01
      outer loop
         vertex 3.349505e-02 2.824501e-02 4.384642e-03
         vertex 7.246397e-02 5.395113e-02 9.827104e-03
         vertex 3.322017e-02 2.886317e-02 7.861328e-04
      endloop
   endfacet
   facet normal -6.158217e-01 7.673173e-01 1.788513e-01
      outer loop
         vertex 3.349505e-02 2.824501e-02 4.384642e-03
         vertex 3.322017e-02 2.886317e-02 7.861328e-04
         vertex 2.187863e-02 1.985876e-02 3.660937e-04
      endloop
   endfacet
   facet normal 7.015719e-02 -4.711408e-03 9.975248e-01
      outer loop
         vertex 3.877172e+00 -1.248883e+00 3.271529e-03
         vertex 3.888316e+00 -1.057555e+00 3.391407e-03
         vertex 2.585714e+00 0.000000e+00 1.000000e-01
      endloop
   endfacet
   facet normal 7.045194e-02 -4.346618e-03 9.975057e-01
      outer loop
         vertex 2.585714e+00 0.000000e+00 1.000000e-01
         vertex 3.888316e+00 -1.057555e+00 3.391407e-03
         vertex 3.910605e+00 -6.748991e-01 3.484643e-03
      endloop
   endfacet
   facet normal 7.053037e-02 -4.191947e-03 9.975008e-01
      outer loop
         vertex 2.585714e+00 0.000000e+00 1.000000e-01
         vertex 3.910605e+00 -6.748991e-01 3.484643e-03
         vertex 3.949915e+00 0.000000e+00 3.541345e-03
      endloop
   endfacet
   facet normal 6.348907e-02 -4.747889e-03 9.979712e-01
      outer loop
         vertex 3.875208e+00 -1.282602e+00 3.236060e-03
         vertex 3.877172e+00 -1.248883e+00 3.271529e-03
         vertex 3.758787e+00 -1.318021e+00 1.047406e-02
      endloop
   endfacet
   facet normal 6.598641e-02 -9.044097e-03 9.977795e-01
      outer loop
         vertex 3.758787e+00 -1.318021e+00 1.047406e-02
         vertex 3.877172e+00 -1.248883e+00 3.271529e-03
         vertex 2.585714e+00 0.000000e+00 1.000000e-01
      endloop
   endfacet
   facet normal 1.858408e-02 -5.128310e-02 9.985112e-01
      outer loop
         vertex 3.758787e+00 -1.318021e+00 1.047406e-02
         vertex 2.585714e+00 0.000000e+00 1.000000e-01
         vertex 3.681787e+00 -1.341446e+00 1.070405e-02
      endloop
   endfacet
   facet normal -3.846037e-02 -9.762480e-02 9.944799e-01
      outer loop
         vertex 3.681787e+00 -1.341446e+00 1.070405e-02
         vertex 2.585714e+00 0.000000e+00 1.000000e-01
         vertex 2.545312e+00 0.000000e+00 9.843750e-02
      endloop
   endfacet
   facet normal -1.816387e-02 4.992136e-02 -9.985880e-01
      outer loop
         vertex 3.681787e+00 -1.341446e+00 1.070405e-02
         vertex 2.545312e+00 0.000000e+00 9.843750e-02
         vertex 3.682554e+00 -1.341213e+00 1.070176e-02
      endloop
   endfacet
   facet normal -3.157252e-02 -9.180096e-02 9.952767e-01
      outer loop
         vertex 2.624133e+00 -2.338683e-01 7.926385e-02
         vertex 2.649106e+00 -2.950342e-01 7.441432e-02
         vertex 3.682554e+00 -1.341213e+00 1.070176e-02
      endloop
   endfacet
   facet normal -3.104408e-02 -9.128287e-02 9.953410e-01
      outer loop
         vertex 3.682554e+00 -1.341213e+00 1.070176e-02
         vertex 2.649106e+00 -2.950342e-01 7.441432e-02
         vertex 2.668873e+00 -3.387498e-01 7.102169e-02
      endloop
   endfacet
   facet normal -3.230864e-02 -9.255210e-02 9.951835e-01
      outer loop
         vertex 3.682554e+00 -1.341213e+00 1.070176e-02
         vertex 2.668873e+00 -3.387498e-01 7.102169e-02
         vertex 2.675199e+00 -3.572376e-01 6.950768e-02
      endloop
   endfacet
   facet normal -3.847308e-02 -9.448722e-02 9.947824e-01
      outer loop
         vertex 2.533924e+00 7.592693e-19 9.799706e-02
         vertex 2.539909e+00 -1.035027e-02 9.724542e-02
         vertex 2.545312e+00 0.000000e+00 9.843750e-02
      endloop
   endfacet
   facet normal -3.846723e-02 -9.449027e-02 9.947823e-01
      outer loop
         vertex 2.545312e+00 0.000000e+00 9.843750e-02
         vertex 2.539909e+00 -1.035027e-02 9.724542e-02
         vertex 2.561076e+00 -5.328139e-02 9.398610e-02
      endloop
   endfacet
   facet normal -3.268129e-02 -9.280893e-02 9.951474e-01
      outer loop
         vertex 2.545312e+00 0.000000e+00 9.843750e-02
         vertex 2.561076e+00 -5.328139e-02 9.398610e-02
         vertex 3.682554e+00 -1.341213e+00 1.070176e-02
      endloop
   endfacet
   facet normal -3.186991e-02 -9.210832e-02 9.952388e-01
      outer loop
         vertex 3.682554e+00 -1.341213e+00 1.070176e-02
         vertex 2.561076e+00 -5.328139e-02 9.398610e-02
         vertex 2.594287e+00 -1.430498e-01 8.674162e-02
      endloop
   endfacet
   facet normal -3.240341e-02 -9.258897e-02 9.951770e-01
      outer loop
         vertex 3.682554e+00 -1.341213e+00 1.070176e-02
         vertex 2.594287e+00 -1.430498e-01 8.674162e-02
         vertex 2.624133e+00 -2.338683e-01 7.926385e-02
      endloop
   endfacet
   facet normal -3.381687e-02 -9.408459e-02 9.949897e-01
      outer loop
         vertex 2.675199e+00 -3.572376e-01 6.950768e-02
         vertex 2.678132e+00 -3.797441e-01 6.747919e-02
         vertex 3.682554e+00 -1.341213e+00 1.070176e-02
      endloop
   endfacet
   facet normal -3.507401e-02 -9.538798e-02 9.948221e-01
      outer loop
         vertex 3.682554e+00 -1.341213e+00 1.070176e-02
         vertex 2.678132e+00 -3.797441e-01 6.747919e-02
         vertex 2.675021e+00 -3.961225e-01 6.579910e-02
      endloop
   endfacet
   facet normal -3.596594e-02 -9.633169e-02 9.946993e-01
      outer loop
         vertex 3.682554e+00 -1.341213e+00 1.070176e-02
         vertex 2.675021e+00 -3.961225e-01 6.579910e-02
         vertex 2.666350e+00 -4.104558e-01 6.409746e-02
      endloop
   endfacet
   facet normal -4.334369e-02 -9.940469e-02 9.941026e-01
      outer loop
         vertex 3.486945e+00 -1.400722e+00 8.550436e-04
         vertex 3.532670e+00 -1.386811e+00 4.239628e-03
         vertex 2.666350e+00 -4.104558e-01 6.409746e-02
      endloop
   endfacet
   facet normal -4.221013e-02 -9.840795e-02 9.942506e-01
      outer loop
         vertex 2.666350e+00 -4.104558e-01 6.409746e-02
         vertex 3.532670e+00 -1.386811e+00 4.239628e-03
         vertex 3.624127e+00 -1.358988e+00 1.087628e-02
      endloop
   endfacet
   facet normal 1.532897e-02 -4.057782e-02 9.990588e-01
      outer loop
         vertex 2.666350e+00 -4.104558e-01 6.409746e-02
         vertex 3.624127e+00 -1.358988e+00 1.087628e-02
         vertex 3.682554e+00 -1.341213e+00 1.070176e-02
      endloop
   endfacet
   facet normal -4.396182e-02 -9.991193e-02 9.940246e-01
      outer loop
         vertex 3.486945e+00 -1.400722e+00 8.550436e-04
         vertex 2.666350e+00 -4.104558e-01 6.409746e-02
         vertex 3.475515e+00 -1.404199e+00 0.000000e+00
      endloop
   endfacet
   facet normal -3.820534e-02 -9.526939e-02 9.947181e-01
      outer loop
         vertex 3.475515e+00 -1.404199e+00 0.000000e+00
         vertex 2.666350e+00 -4.104558e-01 6.409746e-02
         vertex 2.654476e+00 -4.201085e-01 6.271691e-02
      endloop
   endfacet
   facet normal -3.837373e-02 -9.540861e-02 9.946983e-01
      outer loop
         vertex 3.475515e+00 -1.404199e+00 0.000000e+00
         vertex 2.654476e+00 -4.201085e-01 6.271691e-02
         vertex 2.639046e+00 -4.263652e-01 6.152150e-02
      endloop
   endfacet
   facet normal -3.854054e-02 -9.555005e-02 9.946782e-01
      outer loop
         vertex 2.639046e+00 -4.263652e-01 6.152150e-02
         vertex 2.621518e+00 -4.285700e-01 6.063059e-02
         vertex 3.475515e+00 -1.404199e+00 0.000000e+00
      endloop
   endfacet
   facet normal -3.855129e-02 -9.555937e-02 9.946769e-01
      outer loop
         vertex 3.475515e+00 -1.404199e+00 0.000000e+00
         vertex 2.621518e+00 -4.285700e-01 6.063059e-02
         vertex 2.551749e+00 -4.369245e-01 5.712386e-02
      endloop
   endfacet
   facet normal -3.857013e-02 -9.557723e-02 9.946745e-01
      outer loop
         vertex 3.475515e+00 -1.404199e+00 0.000000e+00
         vertex 2.551749e+00 -4.369245e-01 5.712386e-02
         vertex 2.447156e+00 -4.482241e-01 5.198232e-02
      endloop
   endfacet
   facet normal -3.864881e-02 -9.566126e-02 9.946634e-01
      outer loop
         vertex 2.447156e+00 -4.482241e-01 5.198232e-02
         vertex 2.347240e+00 -4.484363e-01 4.807958e-02
         vertex 3.475515e+00 -1.404199e+00 0.000000e+00
      endloop
   endfacet
   facet normal -3.869840e-02 -9.571941e-02 9.946558e-01
      outer loop
         vertex 3.475515e+00 -1.404199e+00 0.000000e+00
         vertex 2.347240e+00 -4.484363e-01 4.807958e-02
         vertex 2.269135e+00 -4.432254e-01 4.554226e-02
      endloop
   endfacet
   facet normal -3.871801e-02 -9.574389e-02 9.946527e-01
      outer loop
         vertex 3.475515e+00 -1.404199e+00 0.000000e+00
         vertex 2.269135e+00 -4.432254e-01 4.554226e-02
         vertex 2.162445e+00 -4.324460e-01 4.242682e-02
      endloop
   endfacet
   facet normal -3.854641e-02 -9.540444e-02 9.946920e-01
      outer loop
         vertex 7.453762e-01 -2.109409e-01 8.651007e-03
         vertex 5.516353e-01 -1.851700e-01 3.614922e-03
         vertex 3.475515e+00 -1.404199e+00 0.000000e+00
      endloop
   endfacet
   facet normal -3.853536e-02 -9.537795e-02 9.946950e-01
      outer loop
         vertex 3.475515e+00 -1.404199e+00 0.000000e+00
         vertex 5.516353e-01 -1.851700e-01 3.614922e-03
         vertex 5.066532e-01 -1.785756e-01 2.504593e-03
      endloop
   endfacet
   facet normal -3.852751e-02 -9.535893e-02 9.946971e-01
      outer loop
         vertex 3.475515e+00 -1.404199e+00 0.000000e+00
         vertex 5.066532e-01 -1.785756e-01 2.504593e-03
         vertex 3.952208e-01 -1.596796e-01 3.903128e-18
      endloop
   endfacet
   facet normal -3.872159e-02 -9.574869e-02 9.946521e-01
      outer loop
         vertex 2.162445e+00 -4.324460e-01 4.242682e-02
         vertex 2.074454e+00 -4.219584e-01 4.001095e-02
         vertex 3.475515e+00 -1.404199e+00 0.000000e+00
      endloop
   endfacet
   facet normal -3.871660e-02 -9.574161e-02 9.946530e-01
      outer loop
         vertex 3.475515e+00 -1.404199e+00 0.000000e+00
         vertex 2.074454e+00 -4.219584e-01 4.001095e-02
         vertex 1.880204e+00 -3.954648e-01 3.500000e-02
      endloop
   endfacet
   facet normal -3.871028e-02 -9.573166e-02 9.946542e-01
      outer loop
         vertex 3.475515e+00 -1.404199e+00 0.000000e+00
         vertex 1.880204e+00 -3.954648e-01 3.500000e-02
         vertex 1.750000e+00 -3.748251e-01 3.191916e-02
      endloop
   endfacet
   facet normal -3.870731e-02 -9.572671e-02 9.946548e-01
      outer loop
         vertex 1.750000e+00 -3.748251e-01 3.191916e-02
         vertex 1.738192e+00 -3.728324e-01 3.165141e-02
         vertex 3.475515e+00 -1.404199e+00 0.000000e+00
      endloop
   endfacet
   facet normal -3.869992e-02 -9.571430e-02 9.946563e-01
      outer loop
         vertex 3.475515e+00 -1.404199e+00 0.000000e+00
         vertex 1.738192e+00 -3.728324e-01 3.165141e-02
         vertex 1.690937e+00 -3.649918e-01 3.056732e-02
      endloop
   endfacet
   facet normal -3.867859e-02 -9.567780e-02 9.946606e-01
      outer loop
         vertex 3.475515e+00 -1.404199e+00 0.000000e+00
         vertex 1.690937e+00 -3.649918e-01 3.056732e-02
         vertex 1.501785e+00 -3.344479e-01 2.614998e-02
      endloop
   endfacet
   facet normal -3.863818e-02 -9.560346e-02 9.946693e-01
      outer loop
         vertex 1.501785e+00 -3.344479e-01 2.614998e-02
         vertex 1.123552e+00 -2.729210e-01 1.737113e-02
         vertex 3.475515e+00 -1.404199e+00 0.000000e+00
      endloop
   endfacet
   facet normal -3.860129e-02 -9.552690e-02 9.946781e-01
      outer loop
         vertex 3.475515e+00 -1.404199e+00 0.000000e+00
         vertex 1.123552e+00 -2.729210e-01 1.737113e-02
         vertex 9.346507e-01 -2.408397e-01 1.312131e-02
      endloop
   endfacet
   facet normal -3.858553e-02 -9.549252e-02 9.946820e-01
      outer loop
         vertex 3.475515e+00 -1.404199e+00 0.000000e+00
         vertex 9.346507e-01 -2.408397e-01 1.312131e-02
         vertex 8.751033e-01 -2.304767e-01 1.180624e-02
      endloop
   endfacet
   facet normal -3.857882e-02 -9.547767e-02 9.946837e-01
      outer loop
         vertex 8.751033e-01 -2.304767e-01 1.180624e-02
         vertex 8.545601e-01 -2.269912e-01 1.134404e-02
         vertex 3.475515e+00 -1.404199e+00 0.000000e+00
      endloop
   endfacet
   facet normal -3.856614e-02 -9.544947e-02 9.946869e-01
      outer loop
         vertex 3.475515e+00 -1.404199e+00 0.000000e+00
         vertex 8.545601e-01 -2.269912e-01 1.134404e-02
         vertex 7.604877e-01 -2.129926e-01 9.039941e-03
      endloop
   endfacet
   facet normal -3.855734e-02 -9.542943e-02 9.946892e-01
      outer loop
         vertex 3.475515e+00 -1.404199e+00 0.000000e+00
         vertex 7.604877e-01 -2.129926e-01 9.039941e-03
         vertex 7.453762e-01 -2.109409e-01 8.651007e-03
      endloop
   endfacet
   facet normal -3.848413e-02 -9.531152e-02 -9.947033e-01
      outer loop
         vertex 1.652588e+00 -2.351093e-01 -4.149374e-02
         vertex 1.706159e+00 -2.252804e-01 -4.450818e-02
         vertex 3.475515e+00 -1.404199e+00 0.000000e+00
      endloop
   endfacet
   facet normal -3.852582e-02 -9.535472e-02 -9.946976e-01
      outer loop
         vertex 4.149429e-01 -1.628838e-01 -4.566470e-04
         vertex 4.752389e-01 -1.714204e-01 -1.973635e-03
         vertex 3.475515e+00 -1.404199e+00 0.000000e+00
      endloop
   endfacet
   facet normal -3.852099e-02 -9.534281e-02 -9.946989e-01
      outer loop
         vertex 3.952208e-01 -1.596796e-01 3.903128e-18
         vertex 3.961591e-01 -1.598370e-01 -2.124515e-05
         vertex 3.475515e+00 -1.404199e+00 0.000000e+00
      endloop
   endfacet
   facet normal -3.852067e-02 -9.534201e-02 -9.946990e-01
      outer loop
         vertex 3.475515e+00 -1.404199e+00 0.000000e+00
         vertex 3.961591e-01 -1.598370e-01 -2.124515e-05
         vertex 3.999133e-01 -1.604619e-01 -1.067335e-04
      endloop
   endfacet
   facet normal -3.852213e-02 -9.534563e-02 -9.946986e-01
      outer loop
         vertex 3.475515e+00 -1.404199e+00 0.000000e+00
         vertex 3.999133e-01 -1.604619e-01 -1.067335e-04
         vertex 4.149429e-01 -1.628838e-01 -4.566470e-04
      endloop
   endfacet
   facet normal -3.853340e-02 -9.537316e-02 -9.946955e-01
      outer loop
         vertex 4.752389e-01 -1.714204e-01 -1.973635e-03
         vertex 6.487214e-01 -1.881713e-01 -7.088049e-03
         vertex 3.475515e+00 -1.404199e+00 0.000000e+00
      endloop
   endfacet
   facet normal -3.853874e-02 -9.538556e-02 -9.946941e-01
      outer loop
         vertex 3.475515e+00 -1.404199e+00 0.000000e+00
         vertex 6.487214e-01 -1.881713e-01 -7.088049e-03
         vertex 7.179709e-01 -1.931078e-01 -9.297689e-03
      endloop
   endfacet
   facet normal -3.855079e-02 -9.541298e-02 -9.946910e-01
      outer loop
         vertex 3.475515e+00 -1.404199e+00 0.000000e+00
         vertex 7.179709e-01 -1.931078e-01 -9.297689e-03
         vertex 9.096854e-01 -2.114154e-01 -1.497178e-02
      endloop
   endfacet
   facet normal -3.856698e-02 -9.544776e-02 -9.946870e-01
      outer loop
         vertex 9.096854e-01 -2.114154e-01 -1.497178e-02
         vertex 9.603858e-01 -2.176139e-01 -1.634279e-02
         vertex 3.475515e+00 -1.404199e+00 0.000000e+00
      endloop
   endfacet
   facet normal -3.857117e-02 -9.545663e-02 -9.946860e-01
      outer loop
         vertex 3.475515e+00 -1.404199e+00 0.000000e+00
         vertex 9.603858e-01 -2.176139e-01 -1.634279e-02
         vertex 1.065876e+00 -2.295229e-01 -1.929054e-02
      endloop
   endfacet
   facet normal -3.857372e-02 -9.546184e-02 -9.946854e-01
      outer loop
         vertex 3.475515e+00 -1.404199e+00 0.000000e+00
         vertex 1.065876e+00 -2.295229e-01 -1.929054e-02
         vertex 1.093968e+00 -2.324090e-01 -2.010296e-02
      endloop
   endfacet
   facet normal -3.857439e-02 -9.546321e-02 -9.946853e-01
      outer loop
         vertex 1.093968e+00 -2.324090e-01 -2.010296e-02
         vertex 1.144143e+00 -2.371956e-01 -2.158940e-02
         vertex 3.475515e+00 -1.404199e+00 0.000000e+00
      endloop
   endfacet
   facet normal -3.857162e-02 -9.545769e-02 -9.946859e-01
      outer loop
         vertex 3.475515e+00 -1.404199e+00 0.000000e+00
         vertex 1.144143e+00 -2.371956e-01 -2.158940e-02
         vertex 1.327482e+00 -2.492167e-01 -2.754520e-02
      endloop
   endfacet
   facet normal -3.855683e-02 -9.543025e-02 -9.946891e-01
      outer loop
         vertex 3.475515e+00 -1.404199e+00 0.000000e+00
         vertex 1.327482e+00 -2.492167e-01 -2.754520e-02
         vertex 1.465187e+00 -2.500275e-01 -3.280526e-02
      endloop
   endfacet
   facet normal -3.854093e-02 -9.540265e-02 -9.946924e-01
      outer loop
         vertex 1.465187e+00 -2.500275e-01 -3.280526e-02
         vertex 1.523499e+00 -2.476286e-01 -3.529473e-02
         vertex 3.475515e+00 -1.404199e+00 0.000000e+00
      endloop
   endfacet
   facet normal -3.852711e-02 -9.537941e-02 -9.946951e-01
      outer loop
         vertex 3.475515e+00 -1.404199e+00 0.000000e+00
         vertex 1.523499e+00 -2.476286e-01 -3.529473e-02
         vertex 1.591470e+00 -2.424692e-01 -3.842213e-02
      endloop
   endfacet
   facet normal -3.850870e-02 -9.534967e-02 -9.946987e-01
      outer loop
         vertex 3.475515e+00 -1.404199e+00 0.000000e+00
         vertex 1.591470e+00 -2.424692e-01 -3.842213e-02
         vertex 1.652588e+00 -2.351093e-01 -4.149374e-02
      endloop
   endfacet
   facet normal -3.844580e-02 -9.525425e-02 -9.947103e-01
      outer loop
         vertex 1.706159e+00 -2.252804e-01 -4.450818e-02
         vertex 1.750000e+00 -2.120258e-01 -4.747190e-02
         vertex 3.475515e+00 -1.404199e+00 0.000000e+00
      endloop
   endfacet
   facet normal -3.841647e-02 -9.521201e-02 -9.947155e-01
      outer loop
         vertex 3.475515e+00 -1.404199e+00 0.000000e+00
         vertex 1.750000e+00 -2.120258e-01 -4.747190e-02
         vertex 1.750877e+00 -2.116614e-01 -4.754063e-02
      endloop
   endfacet
   facet normal -3.841209e-02 -9.520571e-02 -9.947162e-01
      outer loop
         vertex 3.475515e+00 -1.404199e+00 0.000000e+00
         vertex 1.750877e+00 -2.116614e-01 -4.754063e-02
         vertex 1.754353e+00 -2.101356e-01 -4.782093e-02
      endloop
   endfacet
   facet normal -3.839004e-02 -9.517409e-02 -9.947201e-01
      outer loop
         vertex 1.754353e+00 -2.101356e-01 -4.782093e-02
         vertex 1.767674e+00 -2.027697e-01 -4.903981e-02
         vertex 3.475515e+00 -1.404199e+00 0.000000e+00
      endloop
   endfacet
   facet normal -3.833531e-02 -9.509667e-02 -9.947296e-01
      outer loop
         vertex 3.475515e+00 -1.404199e+00 0.000000e+00
         vertex 1.767674e+00 -2.027697e-01 -4.903981e-02
         vertex 1.784583e+00 -1.867233e-01 -5.122547e-02
      endloop
   endfacet
   facet normal -4.207077e-02 -1.002571e-01 -9.940717e-01
      outer loop
         vertex 3.475515e+00 -1.404199e+00 0.000000e+00
         vertex 1.784583e+00 -1.867233e-01 -5.122547e-02
         vertex 3.644114e+00 -1.352907e+00 -1.230849e-02
      endloop
   endfacet
   facet normal -3.864199e-02 -9.481222e-02 -9.947449e-01
      outer loop
         vertex 3.644114e+00 -1.352907e+00 -1.230849e-02
         vertex 1.784583e+00 -1.867233e-01 -5.122547e-02
         vertex 1.793507e+00 -1.666513e-01 -5.348525e-02
      endloop
   endfacet
   facet normal -4.097879e-02 -9.844225e-02 -9.942987e-01
      outer loop
         vertex 3.644114e+00 -1.352907e+00 -1.230849e-02
         vertex 1.793507e+00 -1.666513e-01 -5.348525e-02
         vertex 3.673183e+00 -1.344064e+00 -1.438206e-02
      endloop
   endfacet
   facet normal -3.852606e-02 -9.451587e-02 -9.947776e-01
      outer loop
         vertex 2.585714e+00 0.000000e+00 -1.000000e-01
         vertex 3.682267e+00 -1.341300e+00 -1.502797e-02
         vertex 1.793507e+00 -1.666513e-01 -5.348525e-02
      endloop
   endfacet
   facet normal -4.079406e-02 -9.814819e-02 -9.943353e-01
      outer loop
         vertex 1.793507e+00 -1.666513e-01 -5.348525e-02
         vertex 3.682267e+00 -1.341300e+00 -1.502797e-02
         vertex 3.680450e+00 -1.341853e+00 -1.489886e-02
      endloop
   endfacet
   facet normal -4.083310e-02 -9.821063e-02 -9.943276e-01
      outer loop
         vertex 1.793507e+00 -1.666513e-01 -5.348525e-02
         vertex 3.680450e+00 -1.341853e+00 -1.489886e-02
         vertex 3.673183e+00 -1.344064e+00 -1.438206e-02
      endloop
   endfacet
   facet normal -3.845615e-02 -9.484031e-02 -9.947494e-01
      outer loop
         vertex 1.793507e+00 -1.666513e-01 -5.348525e-02
         vertex 1.794759e+00 -1.420483e-01 -5.587932e-02
         vertex 2.585714e+00 0.000000e+00 -1.000000e-01
      endloop
   endfacet
   facet normal -3.846414e-02 -9.479701e-02 -9.947533e-01
      outer loop
         vertex 2.585714e+00 0.000000e+00 -1.000000e-01
         vertex 1.794759e+00 -1.420483e-01 -5.587932e-02
         vertex 1.786351e+00 -1.062455e-01 -5.896614e-02
      endloop
   endfacet
   facet normal -3.846715e-02 -9.477515e-02 -9.947552e-01
      outer loop
         vertex 2.585714e+00 0.000000e+00 -1.000000e-01
         vertex 1.786351e+00 -1.062455e-01 -5.896614e-02
         vertex 1.782963e+00 -9.705376e-02 -5.971085e-02
      endloop
   endfacet
   facet normal -3.846989e-02 -9.475334e-02 -9.947572e-01
      outer loop
         vertex 1.782963e+00 -9.705376e-02 -5.971085e-02
         vertex 1.756944e+00 -4.361812e-02 -6.379451e-02
         vertex 2.585714e+00 0.000000e+00 -1.000000e-01
      endloop
   endfacet
   facet normal -3.847094e-02 -9.473477e-02 -9.947589e-01
      outer loop
         vertex 2.585714e+00 0.000000e+00 -1.000000e-01
         vertex 1.756944e+00 -4.361812e-02 -6.379451e-02
         vertex 1.750000e+00 -3.189150e-02 -6.464274e-02
      endloop
   endfacet
   facet normal -3.847138e-02 -9.472440e-02 -9.947599e-01
      outer loop
         vertex 2.585714e+00 0.000000e+00 -1.000000e-01
         vertex 1.750000e+00 -3.189150e-02 -6.464274e-02
         vertex 1.727421e+00 3.690329e-19 -6.680635e-02
      endloop
   endfacet
   facet normal 7.053034e-02 -5.463277e-03 -9.974947e-01
      outer loop
         vertex 2.607812e+00 0.000000e+00 -9.843750e-02
         vertex 3.175867e+00 -7.063122e-01 -5.440335e-02
         vertex 2.585714e+00 0.000000e+00 -1.000000e-01
      endloop
   endfacet
   facet normal 6.959998e-02 -6.244546e-03 -9.975554e-01
      outer loop
         vertex 2.585714e+00 0.000000e+00 -1.000000e-01
         vertex 3.175867e+00 -7.063122e-01 -5.440335e-02
         vertex 3.683517e+00 -1.340920e+00 -1.501179e-02
      endloop
   endfacet
   facet normal 6.285878e-02 -1.178871e-02 -9.979528e-01
      outer loop
         vertex 2.585714e+00 0.000000e+00 -1.000000e-01
         vertex 3.683517e+00 -1.340920e+00 -1.501179e-02
         vertex 3.683062e+00 -1.341058e+00 -1.503878e-02
      endloop
   endfacet
   facet normal 6.285225e-02 -1.179408e-02 -9.979532e-01
      outer loop
         vertex 3.683062e+00 -1.341058e+00 -1.503878e-02
         vertex 3.682835e+00 -1.341127e+00 -1.505228e-02
         vertex 2.585714e+00 0.000000e+00 -1.000000e-01
      endloop
   endfacet
   facet normal 7.059441e-02 -5.431218e-03 -9.974903e-01
      outer loop
         vertex 2.585714e+00 0.000000e+00 -1.000000e-01
         vertex 3.682835e+00 -1.341127e+00 -1.505228e-02
         vertex 3.682721e+00 -1.341162e+00 -1.506014e-02
      endloop
   endfacet
   facet normal -4.105517e-02 -9.656461e-02 -9.944796e-01
      outer loop
         vertex 2.585714e+00 0.000000e+00 -1.000000e-01
         vertex 3.682721e+00 -1.341162e+00 -1.506014e-02
         vertex 3.682267e+00 -1.341300e+00 -1.502797e-02
      endloop
   endfacet
   facet normal 6.407041e-02 -4.208932e-03 -9.979365e-01
      outer loop
         vertex 3.902710e+00 -8.104323e-01 -3.461774e-03
         vertex 3.875208e+00 -1.282602e+00 -3.236060e-03
         vertex 3.848945e+00 -1.290592e+00 -4.888522e-03
      endloop
   endfacet
   facet normal 6.923118e-02 -4.787834e-03 -9.975892e-01
      outer loop
         vertex 3.902710e+00 -8.104323e-01 -3.461774e-03
         vertex 3.848945e+00 -1.290592e+00 -4.888522e-03
         vertex 3.175867e+00 -7.063122e-01 -5.440335e-02
      endloop
   endfacet
   facet normal 6.464210e-02 -1.009710e-02 -9.978574e-01
      outer loop
         vertex 3.175867e+00 -7.063122e-01 -5.440335e-02
         vertex 3.848945e+00 -1.290592e+00 -4.888522e-03
         vertex 3.732603e+00 -1.325986e+00 -1.206712e-02
      endloop
   endfacet
   facet normal 6.349145e-02 -1.113516e-02 -9.979203e-01
      outer loop
         vertex 3.175867e+00 -7.063122e-01 -5.440335e-02
         vertex 3.732603e+00 -1.325986e+00 -1.206712e-02
         vertex 3.703515e+00 -1.334836e+00 -1.381907e-02
      endloop
   endfacet
   facet normal 6.307992e-02 -1.148208e-02 -9.979424e-01
      outer loop
         vertex 3.703515e+00 -1.334836e+00 -1.381907e-02
         vertex 3.688971e+00 -1.339260e+00 -1.468750e-02
         vertex 3.175867e+00 -7.063122e-01 -5.440335e-02
      endloop
   endfacet
   facet normal 6.289786e-02 -1.163028e-02 -9.979522e-01
      outer loop
         vertex 3.175867e+00 -7.063122e-01 -5.440335e-02
         vertex 3.688971e+00 -1.339260e+00 -1.468750e-02
         vertex 3.685335e+00 -1.340367e+00 -1.490378e-02
      endloop
   endfacet
   facet normal 6.283888e-02 -1.167787e-02 -9.979554e-01
      outer loop
         vertex 3.175867e+00 -7.063122e-01 -5.440335e-02
         vertex 3.685335e+00 -1.340367e+00 -1.490378e-02
         vertex 3.683517e+00 -1.340920e+00 -1.501179e-02
      endloop
   endfacet
   facet normal 7.053037e-02 -4.154812e-03 -9.975010e-01
      outer loop
         vertex 3.949915e+00 0.000000e+00 -3.541345e-03
         vertex 3.949860e+00 -9.500964e-04 -3.541299e-03
         vertex 2.607812e+00 0.000000e+00 -9.843750e-02
      endloop
   endfacet
   facet normal 7.053037e-02 -4.155117e-03 -9.975010e-01
      outer loop
         vertex 2.607812e+00 0.000000e+00 -9.843750e-02
         vertex 3.949860e+00 -9.500964e-04 -3.541299e-03
         vertex 3.949639e+00 -4.750482e-03 -3.541113e-03
      endloop
   endfacet
   facet normal 7.053036e-02 -4.157894e-03 -9.975010e-01
      outer loop
         vertex 2.607812e+00 0.000000e+00 -9.843750e-02
         vertex 3.949639e+00 -4.750482e-03 -3.541113e-03
         vertex 3.948753e+00 -1.995203e-02 -3.540358e-03
      endloop
   endfacet
   facet normal 7.053033e-02 -4.160076e-03 -9.975010e-01
      outer loop
         vertex 3.948753e+00 -1.995203e-02 -3.540358e-03
         vertex 3.945211e+00 -8.075820e-02 -3.537190e-03
         vertex 2.607812e+00 0.000000e+00 -9.843750e-02
      endloop
   endfacet
   facet normal 7.052959e-02 -4.172351e-03 -9.975010e-01
      outer loop
         vertex 2.607812e+00 0.000000e+00 -9.843750e-02
         vertex 3.945211e+00 -8.075820e-02 -3.537190e-03
         vertex 3.931044e+00 -3.239829e-01 -3.521529e-03
      endloop
   endfacet
   facet normal 7.013709e-02 -5.781161e-03 -9.975206e-01
      outer loop
         vertex 2.607812e+00 0.000000e+00 -9.843750e-02
         vertex 3.931044e+00 -3.239829e-01 -3.521529e-03
         vertex 3.175867e+00 -7.063122e-01 -5.440335e-02
      endloop
   endfacet
   facet normal 6.930605e-02 -4.130865e-03 -9.975869e-01
      outer loop
         vertex 3.175867e+00 -7.063122e-01 -5.440335e-02
         vertex 3.931044e+00 -3.239829e-01 -3.521529e-03
         vertex 3.916878e+00 -5.672076e-01 -3.498593e-03
      endloop
   endfacet
   facet normal 6.931680e-02 -4.188499e-03 -9.975859e-01
      outer loop
         vertex 3.175867e+00 -7.063122e-01 -5.440335e-02
         vertex 3.916878e+00 -5.672076e-01 -3.498593e-03
         vertex 3.902710e+00 -8.104323e-01 -3.461774e-03
      endloop
   endfacet
   facet normal -3.847306e-02 9.449103e-02 9.947820e-01
      outer loop
         vertex 2.557755e+00 4.583387e-02 9.456513e-02
         vertex 2.533924e+00 7.592693e-19 9.799706e-02
         vertex 2.545312e+00 0.000000e+00 9.843750e-02
      endloop
   endfacet
   facet normal -3.872007e-02 9.574662e-02 9.946524e-01
      outer loop
         vertex 2.140919e+00 4.299815e-01 4.182610e-02
         vertex 2.240533e+00 4.406334e-01 4.467849e-02
         vertex 3.475515e+00 1.404199e+00 0.000000e+00
      endloop
   endfacet
   facet normal -3.870015e-02 9.572124e-02 9.946556e-01
      outer loop
         vertex 3.475515e+00 1.404199e+00 0.000000e+00
         vertex 2.240533e+00 4.406334e-01 4.467849e-02
         vertex 2.358523e+00 4.488769e-01 4.847597e-02
      endloop
   endfacet
   facet normal -3.866963e-02 9.568580e-02 9.946602e-01
      outer loop
         vertex 3.475515e+00 1.404199e+00 0.000000e+00
         vertex 2.358523e+00 4.488769e-01 4.847597e-02
         vertex 2.379839e+00 4.494269e-01 4.925177e-02
      endloop
   endfacet
   facet normal -3.852336e-02 9.534867e-02 9.946982e-01
      outer loop
         vertex 3.475515e+00 1.404199e+00 0.000000e+00
         vertex 3.952208e-01 1.596796e-01 0.000000e+00
         vertex 4.368526e-01 1.672569e-01 8.860024e-04
      endloop
   endfacet
   facet normal -3.853001e-02 9.536501e-02 9.946964e-01
      outer loop
         vertex 4.368526e-01 1.672569e-01 8.860024e-04
         vertex 5.115077e-01 1.793099e-01 2.622241e-03
         vertex 3.475515e+00 1.404199e+00 0.000000e+00
      endloop
   endfacet
   facet normal -3.853795e-02 9.538421e-02 9.946943e-01
      outer loop
         vertex 3.475515e+00 1.404199e+00 0.000000e+00
         vertex 5.115077e-01 1.793099e-01 2.622241e-03
         vertex 6.042640e-01 1.924063e-01 4.960095e-03
      endloop
   endfacet
   facet normal -3.855315e-02 9.542021e-02 9.946902e-01
      outer loop
         vertex 3.475515e+00 1.404199e+00 0.000000e+00
         vertex 6.042640e-01 1.924063e-01 4.960095e-03
         vertex 8.181827e-01 2.212590e-01 1.048353e-02
      endloop
   endfacet
   facet normal -3.857347e-02 9.546581e-02 9.946851e-01
      outer loop
         vertex 8.181827e-01 2.212590e-01 1.048353e-02
         vertex 8.696335e-01 2.295285e-01 1.168510e-02
         vertex 3.475515e+00 1.404199e+00 0.000000e+00
      endloop
   endfacet
   facet normal -3.858543e-02 9.549231e-02 9.946821e-01
      outer loop
         vertex 3.475515e+00 1.404199e+00 0.000000e+00
         vertex 8.696335e-01 2.295285e-01 1.168510e-02
         vertex 9.391823e-01 2.416243e-01 1.322178e-02
      endloop
   endfacet
   facet normal -3.861125e-02 9.554856e-02 9.946756e-01
      outer loop
         vertex 3.475515e+00 1.404199e+00 0.000000e+00
         vertex 9.391823e-01 2.416243e-01 1.322178e-02
         vertex 1.273047e+00 2.975016e-01 2.081413e-02
      endloop
   endfacet
   facet normal -3.863458e-02 9.559491e-02 9.946703e-01
      outer loop
         vertex 1.273047e+00 2.975016e-01 2.081413e-02
         vertex 1.312557e+00 3.039192e-01 2.173200e-02
         vertex 3.475515e+00 1.404199e+00 0.000000e+00
      endloop
   endfacet
   facet normal -3.864275e-02 9.561093e-02 9.946684e-01
      outer loop
         vertex 3.475515e+00 1.404199e+00 0.000000e+00
         vertex 1.312557e+00 3.039192e-01 2.173200e-02
         vertex 1.392849e+00 3.169024e-01 2.360333e-02
      endloop
   endfacet
   facet normal -3.865821e-02 9.564046e-02 9.946650e-01
      outer loop
         vertex 3.475515e+00 1.404199e+00 0.000000e+00
         vertex 1.392849e+00 3.169024e-01 2.360333e-02
         vertex 1.531504e+00 3.392271e-01 2.684564e-02
      endloop
   endfacet
   facet normal -3.867363e-02 9.566853e-02 9.946617e-01
      outer loop
         vertex 1.531504e+00 3.392271e-01 2.684564e-02
         vertex 1.602938e+00 3.507180e-01 2.851787e-02
         vertex 3.475515e+00 1.404199e+00 0.000000e+00
      endloop
   endfacet
   facet normal -3.869262e-02 9.570218e-02 9.946577e-01
      outer loop
         vertex 3.475515e+00 1.404199e+00 0.000000e+00
         vertex 1.602938e+00 3.507180e-01 2.851787e-02
         vertex 1.750000e+00 3.748251e-01 3.191916e-02
      endloop
   endfacet
   facet normal -3.871028e-02 9.573166e-02 9.946542e-01
      outer loop
         vertex 3.475515e+00 1.404199e+00 0.000000e+00
         vertex 1.750000e+00 3.748251e-01 3.191916e-02
         vertex 1.880204e+00 3.954648e-01 3.500000e-02
      endloop
   endfacet
   facet normal -3.871230e-02 9.573485e-02 9.946538e-01
      outer loop
         vertex 1.880204e+00 3.954648e-01 3.500000e-02
         vertex 1.892593e+00 3.972949e-01 3.530604e-02
         vertex 3.475515e+00 1.404199e+00 0.000000e+00
      endloop
   endfacet
   facet normal -3.871388e-02 9.573732e-02 9.946535e-01
      outer loop
         vertex 3.475515e+00 1.404199e+00 0.000000e+00
         vertex 1.892593e+00 3.972949e-01 3.530604e-02
         vertex 1.942178e+00 4.044156e-01 3.655060e-02
      endloop
   endfacet
   facet normal -3.871919e-02 9.574543e-02 9.946525e-01
      outer loop
         vertex 3.475515e+00 1.404199e+00 0.000000e+00
         vertex 1.942178e+00 4.044156e-01 3.655060e-02
         vertex 2.140919e+00 4.299815e-01 4.182610e-02
      endloop
   endfacet
   facet normal -3.863117e-02 9.564195e-02 9.946659e-01
      outer loop
         vertex 2.379839e+00 4.494269e-01 4.925177e-02
         vertex 2.462655e+00 4.472314e-01 5.267930e-02
         vertex 3.475515e+00 1.404199e+00 0.000000e+00
      endloop
   endfacet
   facet normal -3.856577e-02 9.557323e-02 9.946750e-01
      outer loop
         vertex 3.475515e+00 1.404199e+00 0.000000e+00
         vertex 2.462655e+00 4.472314e-01 5.267930e-02
         vertex 2.547041e+00 4.375986e-01 5.687670e-02
      endloop
   endfacet
   facet normal -3.855004e-02 9.555824e-02 9.946771e-01
      outer loop
         vertex 3.475515e+00 1.404199e+00 0.000000e+00
         vertex 2.547041e+00 4.375986e-01 5.687670e-02
         vertex 2.620751e+00 4.286143e-01 6.059656e-02
      endloop
   endfacet
   facet normal -3.851407e-02 9.552701e-02 9.946815e-01
      outer loop
         vertex 2.620751e+00 4.286143e-01 6.059656e-02
         vertex 2.644605e+00 4.246839e-01 6.189762e-02
         vertex 3.475515e+00 1.404199e+00 0.000000e+00
      endloop
   endfacet
   facet normal -3.830851e-02 9.535418e-02 9.947060e-01
      outer loop
         vertex 3.475515e+00 1.404199e+00 0.000000e+00
         vertex 2.644605e+00 4.246839e-01 6.189762e-02
         vertex 2.660225e+00 4.161930e-01 6.331314e-02
      endloop
   endfacet
   facet normal -4.255480e-02 9.882538e-02 9.941945e-01
      outer loop
         vertex 3.475515e+00 1.404199e+00 0.000000e+00
         vertex 2.660225e+00 4.161930e-01 6.331314e-02
         vertex 3.639638e+00 1.354269e+00 1.198823e-02
      endloop
   endfacet
   facet normal -3.861952e-02 9.474719e-02 9.947520e-01
      outer loop
         vertex 3.639638e+00 1.354269e+00 1.198823e-02
         vertex 2.660225e+00 4.161930e-01 6.331314e-02
         vertex 2.671930e+00 4.027189e-01 6.505095e-02
      endloop
   endfacet
   facet normal -4.133604e-02 9.748898e-02 9.943778e-01
      outer loop
         vertex 3.639638e+00 1.354269e+00 1.198823e-02
         vertex 2.671930e+00 4.027189e-01 6.505095e-02
         vertex 3.667688e+00 1.345735e+00 1.399089e-02
      endloop
   endfacet
   facet normal -3.869964e-02 9.468892e-02 9.947544e-01
      outer loop
         vertex 2.677272e+00 3.879472e-01 6.666487e-02
         vertex 3.678207e+00 1.342535e+00 1.473941e-02
         vertex 2.671930e+00 4.027189e-01 6.505095e-02
      endloop
   endfacet
   facet normal -4.112989e-02 9.727247e-02 9.944076e-01
      outer loop
         vertex 2.671930e+00 4.027189e-01 6.505095e-02
         vertex 3.678207e+00 1.342535e+00 1.473941e-02
         vertex 3.674701e+00 1.343602e+00 1.449005e-02
      endloop
   endfacet
   facet normal -4.117454e-02 9.731971e-02 9.944011e-01
      outer loop
         vertex 2.671930e+00 4.027189e-01 6.505095e-02
         vertex 3.674701e+00 1.343602e+00 1.449005e-02
         vertex 3.667688e+00 1.345735e+00 1.399089e-02
      endloop
   endfacet
   facet normal -3.870676e-02 9.469634e-02 9.947534e-01
      outer loop
         vertex 2.677272e+00 3.879472e-01 6.666487e-02
         vertex 2.677436e+00 3.680648e-01 6.856396e-02
         vertex 3.678207e+00 1.342535e+00 1.473941e-02
      endloop
   endfacet
   facet normal -3.871907e-02 9.470889e-02 9.947518e-01
      outer loop
         vertex 3.678207e+00 1.342535e+00 1.473941e-02
         vertex 2.677436e+00 3.680648e-01 6.856396e-02
         vertex 2.667401e+00 3.351742e-01 7.130485e-02
      endloop
   endfacet
   facet normal -3.872267e-02 9.471248e-02 9.947513e-01
      outer loop
         vertex 3.678207e+00 1.342535e+00 1.473941e-02
         vertex 2.667401e+00 3.351742e-01 7.130485e-02
         vertex 2.662462e+00 3.239093e-01 7.218515e-02
      endloop
   endfacet
   facet normal -3.868425e-02 9.467445e-02 9.947564e-01
      outer loop
         vertex 2.662462e+00 3.239093e-01 7.218515e-02
         vertex 2.627152e+00 2.421760e-01 7.859084e-02
         vertex 3.678207e+00 1.342535e+00 1.473941e-02
      endloop
   endfacet
   facet normal -3.863136e-02 9.462433e-02 9.947632e-01
      outer loop
         vertex 3.678207e+00 1.342535e+00 1.473941e-02
         vertex 2.627152e+00 2.421760e-01 7.859084e-02
         vertex 2.620640e+00 2.239129e-01 8.007517e-02
      endloop
   endfacet
   facet normal -3.858028e-02 9.457641e-02 9.947698e-01
      outer loop
         vertex 3.678207e+00 1.342535e+00 1.473941e-02
         vertex 2.620640e+00 2.239129e-01 8.007517e-02
         vertex 2.583122e+00 1.099762e-01 8.945248e-02
      endloop
   endfacet
   facet normal -3.852354e-02 9.452642e-02 9.947767e-01
      outer loop
         vertex 2.583122e+00 1.099762e-01 8.945248e-02
         vertex 2.557755e+00 4.583387e-02 9.456513e-02
         vertex 3.678207e+00 1.342535e+00 1.473941e-02
      endloop
   endfacet
   facet normal -3.848634e-02 9.449456e-02 9.947812e-01
      outer loop
         vertex 3.678207e+00 1.342535e+00 1.473941e-02
         vertex 2.557755e+00 4.583387e-02 9.456513e-02
         vertex 2.545312e+00 0.000000e+00 9.843750e-02
      endloop
   endfacet
   facet normal -4.123598e-02 9.679418e-02 9.944498e-01
      outer loop
         vertex 3.678207e+00 1.342535e+00 1.473941e-02
         vertex 2.545312e+00 0.000000e+00 9.843750e-02
         vertex 3.681713e+00 1.341468e+00 1.498863e-02
      endloop
   endfacet
   facet normal 6.950191e-02 6.326896e-03 9.975618e-01
      outer loop
         vertex 3.175867e+00 7.063122e-01 5.440335e-02
         vertex 3.683249e+00 1.341001e+00 1.502770e-02
         vertex 2.585714e+00 0.000000e+00 1.000000e-01
      endloop
   endfacet
   facet normal 6.283470e-02 1.180850e-02 9.979541e-01
      outer loop
         vertex 2.585714e+00 0.000000e+00 1.000000e-01
         vertex 3.683249e+00 1.341001e+00 1.502770e-02
         vertex 3.682810e+00 1.341135e+00 1.505374e-02
      endloop
   endfacet
   facet normal -3.847209e-02 9.448020e-02 9.947831e-01
      outer loop
         vertex 2.585714e+00 0.000000e+00 1.000000e-01
         vertex 3.682810e+00 1.341135e+00 1.505374e-02
         vertex 2.545312e+00 0.000000e+00 9.843750e-02
      endloop
   endfacet
   facet normal 5.541358e-03 5.737072e-02 9.983376e-01
      outer loop
         vertex 2.545312e+00 0.000000e+00 9.843750e-02
         vertex 3.682810e+00 1.341135e+00 1.505374e-02
         vertex 3.682590e+00 1.341202e+00 1.505112e-02
      endloop
   endfacet
   facet normal -4.138609e-02 9.692019e-02 9.944313e-01
      outer loop
         vertex 2.545312e+00 0.000000e+00 9.843750e-02
         vertex 3.682590e+00 1.341202e+00 1.505112e-02
         vertex 3.681713e+00 1.341468e+00 1.498863e-02
      endloop
   endfacet
   facet normal 6.381932e-02 4.283909e-03 9.979523e-01
      outer loop
         vertex 3.895309e+00 9.375000e-01 3.432012e-03
         vertex 3.875208e+00 1.282602e+00 3.236060e-03
         vertex 3.813939e+00 1.301242e+00 7.074218e-03
      endloop
   endfacet
   facet normal 6.415157e-02 1.058215e-02 9.978841e-01
      outer loop
         vertex 3.813939e+00 1.301242e+00 7.074218e-03
         vertex 3.701669e+00 1.335397e+00 1.392956e-02
         vertex 3.175867e+00 7.063122e-01 5.440335e-02
      endloop
   endfacet
   facet normal 6.304823e-02 1.150821e-02 9.979441e-01
      outer loop
         vertex 3.701669e+00 1.335397e+00 1.392956e-02
         vertex 3.687635e+00 1.339667e+00 1.476701e-02
         vertex 3.175867e+00 7.063122e-01 5.440335e-02
      endloop
   endfacet
   facet normal 6.287077e-02 1.165220e-02 9.979537e-01
      outer loop
         vertex 3.175867e+00 7.063122e-01 5.440335e-02
         vertex 3.687635e+00 1.339667e+00 1.476701e-02
         vertex 3.684126e+00 1.340734e+00 1.497560e-02
      endloop
   endfacet
   facet normal 6.282845e-02 1.168624e-02 9.979559e-01
      outer loop
         vertex 3.175867e+00 7.063122e-01 5.440335e-02
         vertex 3.684126e+00 1.340734e+00 1.497560e-02
         vertex 3.683249e+00 1.341001e+00 1.502770e-02
      endloop
   endfacet
   facet normal 6.171675e-02 3.812216e-03 9.980864e-01
      outer loop
         vertex 3.895309e+00 9.375000e-01 3.432012e-03
         vertex 3.813939e+00 1.301242e+00 7.074218e-03
         vertex 3.906230e+00 7.500000e-01 3.472857e-03
      endloop
   endfacet
   facet normal 6.926090e-02 5.078562e-03 9.975857e-01
      outer loop
         vertex 3.906230e+00 7.500000e-01 3.472857e-03
         vertex 3.813939e+00 1.301242e+00 7.074218e-03
         vertex 3.175867e+00 7.063122e-01 5.440335e-02
      endloop
   endfacet
   facet normal 6.931611e-02 4.156095e-03 9.975861e-01
      outer loop
         vertex 3.906230e+00 7.500000e-01 3.472857e-03
         vertex 3.175867e+00 7.063122e-01 5.440335e-02
         vertex 3.928073e+00 3.750000e-01 3.517465e-03
      endloop
   endfacet
   facet normal 7.006127e-02 5.857195e-03 9.975255e-01
      outer loop
         vertex 3.928073e+00 3.750000e-01 3.517465e-03
         vertex 3.175867e+00 7.063122e-01 5.440335e-02
         vertex 2.585714e+00 0.000000e+00 1.000000e-01
      endloop
   endfacet
   facet normal 7.053038e-02 4.171633e-03 9.975009e-01
      outer loop
         vertex 3.928073e+00 3.750000e-01 3.517465e-03
         vertex 2.585714e+00 0.000000e+00 1.000000e-01
         vertex 3.949915e+00 0.000000e+00 3.541345e-03
      endloop
   endfacet
   facet normal -3.852789e-02 9.535988e-02 -9.946970e-01
      outer loop
         vertex 5.475448e-01 1.795524e-01 -3.994836e-03
         vertex 3.952208e-01 1.596796e-01 0.000000e+00
         vertex 3.475515e+00 1.404199e+00 0.000000e+00
      endloop
   endfacet
   facet normal 6.362179e-02 4.580915e-03 -9.979636e-01
      outer loop
         vertex 3.779532e+00 1.311709e+00 -9.201963e-03
         vertex 3.875208e+00 1.282602e+00 -3.236060e-03
         vertex 3.881416e+00 1.176018e+00 -3.329528e-03
      endloop
   endfacet
   facet normal 6.297579e-02 4.093993e-03 -9.980067e-01
      outer loop
         vertex 3.881416e+00 1.176018e+00 -3.329528e-03
         vertex 3.895583e+00 9.327936e-01 -3.433312e-03
         vertex 3.779532e+00 1.311709e+00 -9.201963e-03
      endloop
   endfacet
   facet normal 6.172961e-02 3.711117e-03 -9.980860e-01
      outer loop
         vertex 3.779532e+00 1.311709e+00 -9.201963e-03
         vertex 3.895583e+00 9.327936e-01 -3.433312e-03
         vertex 3.949915e+00 0.000000e+00 -3.541345e-03
      endloop
   endfacet
   facet normal 3.074568e-03 -3.916029e-03 -9.999876e-01
      outer loop
         vertex 3.779532e+00 1.311709e+00 -9.201963e-03
         vertex 3.949915e+00 0.000000e+00 -3.541345e-03
         vertex 3.678043e+00 1.342585e+00 -9.634910e-03
      endloop
   endfacet
   facet normal -3.846435e-02 9.479583e-02 -9.947534e-01
      outer loop
         vertex 1.785698e+00 1.043841e-01 -5.911821e-02
         vertex 1.794734e+00 1.417953e-01 -5.590249e-02
         vertex 2.585714e+00 0.000000e+00 -1.000000e-01
      endloop
   endfacet
   facet normal -3.847138e-02 9.472440e-02 -9.947599e-01
      outer loop
         vertex 1.727421e+00 3.690329e-19 -6.680635e-02
         vertex 1.750000e+00 3.189150e-02 -6.464274e-02
         vertex 2.585714e+00 0.000000e+00 -1.000000e-01
      endloop
   endfacet
   facet normal -3.847089e-02 9.473585e-02 -9.947588e-01
      outer loop
         vertex 2.585714e+00 0.000000e+00 -1.000000e-01
         vertex 1.750000e+00 3.189150e-02 -6.464274e-02
         vertex 1.760052e+00 4.912116e-02 -6.339063e-02
      endloop
   endfacet
   facet normal -3.846951e-02 9.475767e-02 -9.947568e-01
      outer loop
         vertex 2.585714e+00 0.000000e+00 -1.000000e-01
         vertex 1.760052e+00 4.912116e-02 -6.339063e-02
         vertex 1.785698e+00 1.043841e-01 -5.911821e-02
      endloop
   endfacet
   facet normal 7.052763e-02 9.754597e-03 -9.974621e-01
      outer loop
         vertex 3.949915e+00 0.000000e+00 -3.541345e-03
         vertex 2.607812e+00 0.000000e+00 -9.843750e-02
         vertex 3.678043e+00 1.342585e+00 -9.634910e-03
      endloop
   endfacet
   facet normal 7.052803e-02 9.754271e-03 -9.974621e-01
      outer loop
         vertex 3.678043e+00 1.342585e+00 -9.634910e-03
         vertex 2.607812e+00 0.000000e+00 -9.843750e-02
         vertex 2.585714e+00 0.000000e+00 -1.000000e-01
      endloop
   endfacet
   facet normal -1.980384e-02 -5.109324e-02 9.984975e-01
      outer loop
         vertex 3.678043e+00 1.342585e+00 -9.634910e-03
         vertex 2.585714e+00 0.000000e+00 -1.000000e-01
         vertex 3.681324e+00 1.341587e+00 -9.620913e-03
      endloop
   endfacet
   facet normal -3.788597e-02 9.793454e-02 -9.944715e-01
      outer loop
         vertex 3.681324e+00 1.341587e+00 -9.620913e-03
         vertex 2.585714e+00 0.000000e+00 -1.000000e-01
         vertex 1.794734e+00 1.417953e-01 -5.590249e-02
      endloop
   endfacet
   facet normal -3.597109e-02 9.493747e-02 -9.948331e-01
      outer loop
         vertex 1.794734e+00 1.417953e-01 -5.590249e-02
         vertex 1.793888e+00 1.648578e-01 -5.367102e-02
         vertex 3.681324e+00 1.341587e+00 -9.620913e-03
      endloop
   endfacet
   facet normal -3.641778e-02 9.565078e-02 -9.947485e-01
      outer loop
         vertex 3.681324e+00 1.341587e+00 -9.620913e-03
         vertex 1.793888e+00 1.648578e-01 -5.367102e-02
         vertex 1.787197e+00 1.826945e-01 -5.171096e-02
      endloop
   endfacet
   facet normal 1.022651e-02 1.959583e-02 -9.997557e-01
      outer loop
         vertex 3.681324e+00 1.341587e+00 -9.620913e-03
         vertex 1.787197e+00 1.826945e-01 -5.171096e-02
         vertex 3.610847e+00 1.363027e+00 -9.921567e-03
      endloop
   endfacet
   facet normal -4.320111e-02 1.017841e-01 -9.938680e-01
      outer loop
         vertex 3.480056e+00 1.402818e+00 -3.401473e-04
         vertex 3.494587e+00 1.398397e+00 -1.424521e-03
         vertex 1.787197e+00 1.826945e-01 -5.171096e-02
      endloop
   endfacet
   facet normal -4.255288e-02 1.008787e-01 -9.939883e-01
      outer loop
         vertex 1.787197e+00 1.826945e-01 -5.171096e-02
         vertex 3.494587e+00 1.398397e+00 -1.424521e-03
         vertex 3.552715e+00 1.380713e+00 -5.707726e-03
      endloop
   endfacet
   facet normal -4.173635e-02 9.968136e-02 -9.941437e-01
      outer loop
         vertex 1.787197e+00 1.826945e-01 -5.171096e-02
         vertex 3.552715e+00 1.380713e+00 -5.707726e-03
         vertex 3.610847e+00 1.363027e+00 -9.921567e-03
      endloop
   endfacet
   facet normal -3.831277e-02 9.506535e-02 -9.947335e-01
      outer loop
         vertex 1.774903e+00 1.972795e-01 -4.984358e-02
         vertex 3.475515e+00 1.404199e+00 0.000000e+00
         vertex 1.787197e+00 1.826945e-01 -5.171096e-02
      endloop
   endfacet
   facet normal -4.343486e-02 1.021064e-01 -9.938248e-01
      outer loop
         vertex 1.787197e+00 1.826945e-01 -5.171096e-02
         vertex 3.475515e+00 1.404199e+00 0.000000e+00
         vertex 3.476423e+00 1.403923e+00 -6.807996e-05
      endloop
   endfacet
   facet normal -4.339130e-02 1.020465e-01 -9.938328e-01
      outer loop
         vertex 1.787197e+00 1.826945e-01 -5.171096e-02
         vertex 3.476423e+00 1.403923e+00 -6.807996e-05
         vertex 3.480056e+00 1.402818e+00 -3.401473e-04
      endloop
   endfacet
   facet normal -3.838325e-02 9.516416e-02 -9.947213e-01
      outer loop
         vertex 1.774903e+00 1.972795e-01 -4.984358e-02
         vertex 1.750000e+00 2.120258e-01 -4.747190e-02
         vertex 3.475515e+00 1.404199e+00 0.000000e+00
      endloop
   endfacet
   facet normal -3.841705e-02 9.521285e-02 -9.947154e-01
      outer loop
         vertex 3.475515e+00 1.404199e+00 0.000000e+00
         vertex 1.750000e+00 2.120258e-01 -4.747190e-02
         vertex 1.749121e+00 2.123844e-01 -4.740363e-02
      endloop
   endfacet
   facet normal -3.842288e-02 9.522126e-02 -9.947143e-01
      outer loop
         vertex 3.475515e+00 1.404199e+00 0.000000e+00
         vertex 1.749121e+00 2.123844e-01 -4.740363e-02
         vertex 1.745586e+00 2.137708e-01 -4.713435e-02
      endloop
   endfacet
   facet normal -3.843542e-02 9.523940e-02 -9.947121e-01
      outer loop
         vertex 1.745586e+00 2.137708e-01 -4.713435e-02
         vertex 1.731194e+00 2.186680e-01 -4.610937e-02
         vertex 3.475515e+00 1.404199e+00 0.000000e+00
      endloop
   endfacet
   facet normal -3.846942e-02 9.528918e-02 -9.947060e-01
      outer loop
         vertex 3.475515e+00 1.404199e+00 0.000000e+00
         vertex 1.731194e+00 2.186680e-01 -4.610937e-02
         vertex 1.671709e+00 2.320769e-01 -4.252432e-02
      endloop
   endfacet
   facet normal -3.850962e-02 9.535078e-02 -9.946986e-01
      outer loop
         vertex 3.475515e+00 1.404199e+00 0.000000e+00
         vertex 1.671709e+00 2.320769e-01 -4.252432e-02
         vertex 1.561305e+00 2.450984e-01 -3.700183e-02
      endloop
   endfacet
   facet normal -3.854029e-02 9.540123e-02 -9.946925e-01
      outer loop
         vertex 1.561305e+00 2.450984e-01 -3.700183e-02
         vertex 1.427984e+00 2.506652e-01 -3.130227e-02
         vertex 3.475515e+00 1.404199e+00 0.000000e+00
      endloop
   endfacet
   facet normal -3.856241e-02 9.544037e-02 -9.946879e-01
      outer loop
         vertex 3.475515e+00 1.404199e+00 0.000000e+00
         vertex 1.427984e+00 2.506652e-01 -3.130227e-02
         vertex 1.276095e+00 2.468997e-01 -2.577507e-02
      endloop
   endfacet
   facet normal -3.857256e-02 9.545961e-02 -9.946857e-01
      outer loop
         vertex 3.475515e+00 1.404199e+00 0.000000e+00
         vertex 1.276095e+00 2.468997e-01 -2.577507e-02
         vertex 1.184403e+00 2.406452e-01 -2.281961e-02
      endloop
   endfacet
   facet normal -3.857437e-02 9.546316e-02 -9.946853e-01
      outer loop
         vertex 1.184403e+00 2.406452e-01 -2.281961e-02
         vertex 1.093899e+00 2.324021e-01 -2.010095e-02
         vertex 3.475515e+00 1.404199e+00 0.000000e+00
      endloop
   endfacet
   facet normal -3.857297e-02 9.546032e-02 -9.946856e-01
      outer loop
         vertex 3.475515e+00 1.404199e+00 0.000000e+00
         vertex 1.093899e+00 2.324021e-01 -2.010095e-02
         vertex 1.022183e+00 2.247784e-01 -1.805152e-02
      endloop
   endfacet
   facet normal -3.856972e-02 9.545357e-02 -9.946864e-01
      outer loop
         vertex 3.475515e+00 1.404199e+00 0.000000e+00
         vertex 1.022183e+00 2.247784e-01 -1.805152e-02
         vertex 9.421108e-01 2.154088e-01 -1.584580e-02
      endloop
   endfacet
   facet normal -3.855617e-02 9.542474e-02 -9.946897e-01
      outer loop
         vertex 9.421108e-01 2.154088e-01 -1.584580e-02
         vertex 7.660353e-01 1.965845e-01 -1.082665e-02
         vertex 3.475515e+00 1.404199e+00 0.000000e+00
      endloop
   endfacet
   facet normal -3.854142e-02 9.539168e-02 -9.946934e-01
      outer loop
         vertex 3.475515e+00 1.404199e+00 0.000000e+00
         vertex 7.660353e-01 1.965845e-01 -1.082665e-02
         vertex 6.996515e-01 1.918239e-01 -8.711017e-03
      endloop
   endfacet
   facet normal -3.853621e-02 9.537976e-02 -9.946948e-01
      outer loop
         vertex 3.475515e+00 1.404199e+00 0.000000e+00
         vertex 6.996515e-01 1.918239e-01 -8.711017e-03
         vertex 5.475448e-01 1.795524e-01 -3.994836e-03
      endloop
   endfacet
   facet normal 9.983096e-01 -5.812001e-02 0.000000e+00
      outer loop
         vertex 3.949860e+00 -9.500964e-04 -3.541299e-03
         vertex 3.949915e+00 0.000000e+00 -3.541345e-03
         vertex 3.949915e+00 0.000000e+00 -7.371907e-19
      endloop
   endfacet
   facet normal 9.983080e-01 -5.814787e-02 2.100583e-05
      outer loop
         vertex 3.949915e+00 0.000000e+00 3.541345e-03
         vertex 3.910605e+00 -6.748991e-01 3.484643e-03
         vertex 3.916878e+00 -5.672076e-01 -3.498593e-03
      endloop
   endfacet
   facet normal 9.983080e-01 -5.814731e-02 1.994419e-05
      outer loop
         vertex 3.945211e+00 -8.075820e-02 -3.537190e-03
         vertex 3.948753e+00 -1.995203e-02 -3.540358e-03
         vertex 3.949915e+00 0.000000e+00 -7.371907e-19
      endloop
   endfacet
   facet normal 9.983078e-01 -5.815121e-02 4.200788e-05
      outer loop
         vertex 3.949915e+00 0.000000e+00 -7.371907e-19
         vertex 3.948753e+00 -1.995203e-02 -3.540358e-03
         vertex 3.949639e+00 -4.750482e-03 -3.541113e-03
      endloop
   endfacet
   facet normal 9.983096e-01 -5.812000e-02 -9.552949e-10
      outer loop
         vertex 3.949915e+00 0.000000e+00 -7.371907e-19
         vertex 3.949639e+00 -4.750482e-03 -3.541113e-03
         vertex 3.949860e+00 -9.500964e-04 -3.541299e-03
      endloop
   endfacet
   facet normal 9.983080e-01 -5.814829e-02 1.448867e-05
      outer loop
         vertex 3.916878e+00 -5.672076e-01 -3.498593e-03
         vertex 3.910605e+00 -6.748991e-01 3.484643e-03
         vertex 3.902710e+00 -8.104323e-01 -3.461774e-03
      endloop
   endfacet
   facet normal 9.983080e-01 -5.814782e-02 5.333083e-06
      outer loop
         vertex 3.902710e+00 -8.104323e-01 -3.461774e-03
         vertex 3.910605e+00 -6.748991e-01 3.484643e-03
         vertex 3.888316e+00 -1.057555e+00 3.391407e-03
      endloop
   endfacet
   facet normal 9.983080e-01 -5.814804e-02 -2.725407e-06
      outer loop
         vertex 3.902710e+00 -8.104323e-01 -3.461774e-03
         vertex 3.888316e+00 -1.057555e+00 3.391407e-03
         vertex 3.875208e+00 -1.282602e+00 -3.236060e-03
      endloop
   endfacet
   facet normal 9.983080e-01 -5.814779e-02 -1.121175e-05
      outer loop
         vertex 3.875208e+00 -1.282602e+00 -3.236060e-03
         vertex 3.888316e+00 -1.057555e+00 3.391407e-03
         vertex 3.877172e+00 -1.248883e+00 3.271529e-03
      endloop
   endfacet
   facet normal 9.983079e-01 -5.814995e-02 0.000000e+00
      outer loop
         vertex 3.875208e+00 -1.282602e+00 -3.236060e-03
         vertex 3.877172e+00 -1.248883e+00 3.271529e-03
         vertex 3.875208e+00 -1.282602e+00 3.236060e-03
      endloop
   endfacet
   facet normal 9.983080e-01 -5.814761e-02 0.000000e+00
      outer loop
         vertex 3.949915e+00 0.000000e+00 3.541345e-03
         vertex 3.916878e+00 -5.672076e-01 -3.498593e-03
         vertex 3.949915e+00 0.000000e+00 -7.371907e-19
      endloop
   endfacet
   facet normal 9.983080e-01 -5.814732e-02 -4.679812e-05
      outer loop
         vertex 3.949915e+00 0.000000e+00 -7.371907e-19
         vertex 3.916878e+00 -5.672076e-01 -3.498593e-03
         vertex 3.931044e+00 -3.239829e-01 -3.521529e-03
      endloop
   endfacet
   facet normal 9.983080e-01 -5.814828e-02 4.224797e-05
      outer loop
         vertex 3.949915e+00 0.000000e+00 -7.371907e-19
         vertex 3.931044e+00 -3.239829e-01 -3.521529e-03
         vertex 3.945211e+00 -8.075820e-02 -3.537190e-03
      endloop
   endfacet
   facet normal 2.910549e-01 -9.567063e-01 -3.168401e-06
      outer loop
         vertex 3.624127e+00 -1.358988e+00 1.087628e-02
         vertex 3.532670e+00 -1.386811e+00 4.239628e-03
         vertex 3.644114e+00 -1.352907e+00 -1.230849e-02
      endloop
   endfacet
   facet normal 2.910533e-01 -9.567068e-01 -1.489401e-05
      outer loop
         vertex 3.644114e+00 -1.352907e+00 -1.230849e-02
         vertex 3.532670e+00 -1.386811e+00 4.239628e-03
         vertex 3.486945e+00 -1.400722e+00 8.550436e-04
      endloop
   endfacet
   facet normal 2.910576e-01 -9.567055e-01 4.052825e-05
      outer loop
         vertex 3.644114e+00 -1.352907e+00 -1.230849e-02
         vertex 3.486945e+00 -1.400722e+00 8.550436e-04
         vertex 3.475515e+00 -1.404199e+00 0.000000e+00
      endloop
   endfacet
   facet normal 2.910548e-01 -9.567064e-01 0.000000e+00
      outer loop
         vertex 3.848945e+00 -1.290592e+00 -4.888522e-03
         vertex 3.875208e+00 -1.282602e+00 -3.236060e-03
         vertex 3.875208e+00 -1.282602e+00 3.236060e-03
      endloop
   endfacet
   facet normal 2.910521e-01 -9.567072e-01 -5.840588e-06
      outer loop
         vertex 3.644114e+00 -1.352907e+00 -1.230849e-02
         vertex 3.673183e+00 -1.344064e+00 -1.438206e-02
         vertex 3.624127e+00 -1.358988e+00 1.087628e-02
      endloop
   endfacet
   facet normal 2.910512e-01 -9.567075e-01 -7.755228e-06
      outer loop
         vertex 3.624127e+00 -1.358988e+00 1.087628e-02
         vertex 3.673183e+00 -1.344064e+00 -1.438206e-02
         vertex 3.680450e+00 -1.341853e+00 -1.489886e-02
      endloop
   endfacet
   facet normal 2.910542e-01 -9.567066e-01 -6.639484e-07
      outer loop
         vertex 3.624127e+00 -1.358988e+00 1.087628e-02
         vertex 3.680450e+00 -1.341853e+00 -1.489886e-02
         vertex 3.682267e+00 -1.341300e+00 -1.502797e-02
      endloop
   endfacet
   facet normal 2.910274e-01 -9.567147e-01 -6.625811e-05
      outer loop
         vertex 3.682267e+00 -1.341300e+00 -1.502797e-02
         vertex 3.682721e+00 -1.341162e+00 -1.506014e-02
         vertex 3.624127e+00 -1.358988e+00 1.087628e-02
      endloop
   endfacet
   facet normal 2.908709e-01 -9.567622e-01 -4.524257e-04
      outer loop
         vertex 3.624127e+00 -1.358988e+00 1.087628e-02
         vertex 3.682721e+00 -1.341162e+00 -1.506014e-02
         vertex 3.682835e+00 -1.341127e+00 -1.505228e-02
      endloop
   endfacet
   facet normal 2.911136e-01 -9.566885e-01 1.478770e-04
      outer loop
         vertex 3.624127e+00 -1.358988e+00 1.087628e-02
         vertex 3.682835e+00 -1.341127e+00 -1.505228e-02
         vertex 3.683062e+00 -1.341058e+00 -1.503878e-02
      endloop
   endfacet
   facet normal -2.482536e-03 -1.658068e-03 -9.999955e-01
      outer loop
         vertex 3.681787e+00 -1.341446e+00 1.070405e-02
         vertex 3.682554e+00 -1.341213e+00 1.070176e-02
         vertex 3.624127e+00 -1.358988e+00 1.087628e-02
      endloop
   endfacet
   facet normal 2.910544e-01 -9.567065e-01 1.613257e-06
      outer loop
         vertex 3.848945e+00 -1.290592e+00 -4.888522e-03
         vertex 3.875208e+00 -1.282602e+00 3.236060e-03
         vertex 3.624127e+00 -1.358988e+00 1.087628e-02
      endloop
   endfacet
   facet normal 2.910544e-01 -9.567065e-01 2.144783e-06
      outer loop
         vertex 3.624127e+00 -1.358988e+00 1.087628e-02
         vertex 3.875208e+00 -1.282602e+00 3.236060e-03
         vertex 3.758787e+00 -1.318021e+00 1.047406e-02
      endloop
   endfacet
   facet normal 2.445882e-03 1.778548e-03 9.999954e-01
      outer loop
         vertex 3.624127e+00 -1.358988e+00 1.087628e-02
         vertex 3.758787e+00 -1.318021e+00 1.047406e-02
         vertex 3.681787e+00 -1.341446e+00 1.070405e-02
      endloop
   endfacet
   facet normal 2.911136e-01 -9.566885e-01 1.478745e-04
      outer loop
         vertex 3.683062e+00 -1.341058e+00 -1.503878e-02
         vertex 3.683517e+00 -1.340920e+00 -1.501179e-02
         vertex 3.624127e+00 -1.358988e+00 1.087628e-02
      endloop
   endfacet
   facet normal 2.910521e-01 -9.567072e-01 -6.275677e-06
      outer loop
         vertex 3.624127e+00 -1.358988e+00 1.087628e-02
         vertex 3.683517e+00 -1.340920e+00 -1.501179e-02
         vertex 3.685335e+00 -1.340367e+00 -1.490378e-02
      endloop
   endfacet
   facet normal 2.910674e-01 -9.567025e-01 3.342821e-05
      outer loop
         vertex 3.624127e+00 -1.358988e+00 1.087628e-02
         vertex 3.685335e+00 -1.340367e+00 -1.490378e-02
         vertex 3.688971e+00 -1.339260e+00 -1.468750e-02
      endloop
   endfacet
   facet normal 2.910525e-01 -9.567071e-01 -7.899602e-06
      outer loop
         vertex 3.688971e+00 -1.339260e+00 -1.468750e-02
         vertex 3.703515e+00 -1.334836e+00 -1.381907e-02
         vertex 3.624127e+00 -1.358988e+00 1.087628e-02
      endloop
   endfacet
   facet normal 2.910532e-01 -9.567069e-01 -5.598255e-06
      outer loop
         vertex 3.624127e+00 -1.358988e+00 1.087628e-02
         vertex 3.703515e+00 -1.334836e+00 -1.381907e-02
         vertex 3.732603e+00 -1.325986e+00 -1.206712e-02
      endloop
   endfacet
   facet normal 2.910543e-01 -9.567065e-01 1.056739e-08
      outer loop
         vertex 3.624127e+00 -1.358988e+00 1.087628e-02
         vertex 3.732603e+00 -1.325986e+00 -1.206712e-02
         vertex 3.848945e+00 -1.290592e+00 -4.888522e-03
      endloop
   endfacet
   facet normal 9.983080e-01 5.814742e-02 0.000000e+00
      outer loop
         vertex 3.949915e+00 0.000000e+00 3.541345e-03
         vertex 3.949915e+00 0.000000e+00 -7.371907e-19
         vertex 3.928073e+00 3.750000e-01 3.517465e-03
      endloop
   endfacet
   facet normal 9.983080e-01 5.814742e-02 0.000000e+00
      outer loop
         vertex 3.928073e+00 3.750000e-01 3.517465e-03
         vertex 3.949915e+00 0.000000e+00 -7.371907e-19
         vertex 3.949915e+00 0.000000e+00 -3.541345e-03
      endloop
   endfacet
   facet normal 9.983080e-01 5.814776e-02 -1.759694e-05
      outer loop
         vertex 3.928073e+00 3.750000e-01 3.517465e-03
         vertex 3.949915e+00 0.000000e+00 -3.541345e-03
         vertex 3.895583e+00 9.327936e-01 -3.433312e-03
      endloop
   endfacet
   facet normal 9.983080e-01 5.814825e-02 -0.000000e+00
      outer loop
         vertex 3.875208e+00 1.282602e+00 -3.236060e-03
         vertex 3.875208e+00 1.282602e+00 3.236060e-03
         vertex 3.881416e+00 1.176018e+00 -3.329528e-03
      endloop
   endfacet
   facet normal 9.983080e-01 5.814814e-02 1.658628e-06
      outer loop
         vertex 3.881416e+00 1.176018e+00 -3.329528e-03
         vertex 3.875208e+00 1.282602e+00 3.236060e-03
         vertex 3.895309e+00 9.375000e-01 3.432012e-03
      endloop
   endfacet
   facet normal 9.983080e-01 5.814829e-02 6.682970e-06
      outer loop
         vertex 3.881416e+00 1.176018e+00 -3.329528e-03
         vertex 3.895309e+00 9.375000e-01 3.432012e-03
         vertex 3.895583e+00 9.327936e-01 -3.433312e-03
      endloop
   endfacet
   facet normal 9.983080e-01 5.814806e-02 6.839438e-06
      outer loop
         vertex 3.895583e+00 9.327936e-01 -3.433312e-03
         vertex 3.895309e+00 9.375000e-01 3.432012e-03
         vertex 3.906230e+00 7.500000e-01 3.472857e-03
      endloop
   endfacet
   facet normal 9.983080e-01 5.814806e-02 6.821480e-06
      outer loop
         vertex 3.895583e+00 9.327936e-01 -3.433312e-03
         vertex 3.906230e+00 7.500000e-01 3.472857e-03
         vertex 3.928073e+00 3.750000e-01 3.517465e-03
      endloop
   endfacet
   facet normal 2.910776e-01 9.566994e-01 -3.495208e-04
      outer loop
         vertex 3.476423e+00 1.403923e+00 -6.807996e-05
         vertex 3.475515e+00 1.404199e+00 0.000000e+00
         vertex 3.639638e+00 1.354269e+00 1.198823e-02
      endloop
   endfacet
   facet normal 2.910590e-01 9.567051e-01 -1.449151e-05
      outer loop
         vertex 3.674701e+00 1.343602e+00 1.449005e-02
         vertex 3.678207e+00 1.342535e+00 1.473941e-02
         vertex 3.610847e+00 1.363027e+00 -9.921567e-03
      endloop
   endfacet
   facet normal 2.910365e-01 9.567119e-01 5.258955e-05
      outer loop
         vertex 3.610847e+00 1.363027e+00 -9.921567e-03
         vertex 3.678207e+00 1.342535e+00 1.473941e-02
         vertex 3.681713e+00 1.341468e+00 1.498863e-02
      endloop
   endfacet
   facet normal 2.911631e-01 9.566734e-01 -3.409809e-04
      outer loop
         vertex 3.610847e+00 1.363027e+00 -9.921567e-03
         vertex 3.681713e+00 1.341468e+00 1.498863e-02
         vertex 3.682590e+00 1.341202e+00 1.505112e-02
      endloop
   endfacet
   facet normal 2.910537e-01 9.567067e-01 4.853571e-06
      outer loop
         vertex 3.552715e+00 1.380713e+00 -5.707726e-03
         vertex 3.494587e+00 1.398397e+00 -1.424521e-03
         vertex 3.639638e+00 1.354269e+00 1.198823e-02
      endloop
   endfacet
   facet normal 2.910549e-01 9.567064e-01 -8.404602e-06
      outer loop
         vertex 3.639638e+00 1.354269e+00 1.198823e-02
         vertex 3.494587e+00 1.398397e+00 -1.424521e-03
         vertex 3.480056e+00 1.402818e+00 -3.401473e-04
      endloop
   endfacet
   facet normal 2.910491e-01 9.567081e-01 7.240600e-05
      outer loop
         vertex 3.639638e+00 1.354269e+00 1.198823e-02
         vertex 3.480056e+00 1.402818e+00 -3.401473e-04
         vertex 3.476423e+00 1.403923e+00 -6.807996e-05
      endloop
   endfacet
   facet normal 2.910652e-01 9.567032e-01 -3.719918e-05
      outer loop
         vertex 3.610847e+00 1.363027e+00 -9.921567e-03
         vertex 3.684126e+00 1.340734e+00 1.497560e-02
         vertex 3.687635e+00 1.339667e+00 1.476701e-02
      endloop
   endfacet
   facet normal 2.907595e-01 9.567957e-01 9.255359e-04
      outer loop
         vertex 3.682590e+00 1.341202e+00 1.505112e-02
         vertex 3.682810e+00 1.341135e+00 1.505374e-02
         vertex 3.610847e+00 1.363027e+00 -9.921567e-03
      endloop
   endfacet
   facet normal 2.911458e-01 9.566786e-01 -2.902473e-04
      outer loop
         vertex 3.610847e+00 1.363027e+00 -9.921567e-03
         vertex 3.682810e+00 1.341135e+00 1.505374e-02
         vertex 3.683249e+00 1.341001e+00 1.502770e-02
      endloop
   endfacet
   facet normal 2.910046e-01 9.567216e-01 1.575538e-04
      outer loop
         vertex 3.610847e+00 1.363027e+00 -9.921567e-03
         vertex 3.683249e+00 1.341001e+00 1.502770e-02
         vertex 3.684126e+00 1.340734e+00 1.497560e-02
      endloop
   endfacet
   facet normal 2.910540e-01 9.567066e-01 8.330058e-07
      outer loop
         vertex 3.687635e+00 1.339667e+00 1.476701e-02
         vertex 3.701669e+00 1.335397e+00 1.392956e-02
         vertex 3.610847e+00 1.363027e+00 -9.921567e-03
      endloop
   endfacet
   facet normal 2.910542e-01 9.567066e-01 -9.874245e-08
      outer loop
         vertex 3.610847e+00 1.363027e+00 -9.921567e-03
         vertex 3.701669e+00 1.335397e+00 1.392956e-02
         vertex 3.813939e+00 1.301242e+00 7.074218e-03
      endloop
   endfacet
   facet normal 2.910540e-01 9.567066e-01 2.110337e-06
      outer loop
         vertex 3.610847e+00 1.363027e+00 -9.921567e-03
         vertex 3.813939e+00 1.301242e+00 7.074218e-03
         vertex 3.875208e+00 1.282602e+00 3.236060e-03
      endloop
   endfacet
   facet normal 2.910556e-01 9.567061e-01 -5.354940e-06
      outer loop
         vertex 3.552715e+00 1.380713e+00 -5.707726e-03
         vertex 3.639638e+00 1.354269e+00 1.198823e-02
         vertex 3.610847e+00 1.363027e+00 -9.921567e-03
      endloop
   endfacet
   facet normal 2.910578e-01 9.567055e-01 -8.483116e-06
      outer loop
         vertex 3.610847e+00 1.363027e+00 -9.921567e-03
         vertex 3.639638e+00 1.354269e+00 1.198823e-02
         vertex 3.667688e+00 1.345735e+00 1.399089e-02
      endloop
   endfacet
   facet normal 2.910479e-01 9.567085e-01 1.731118e-05
      outer loop
         vertex 3.610847e+00 1.363027e+00 -9.921567e-03
         vertex 3.667688e+00 1.345735e+00 1.399089e-02
         vertex 3.674701e+00 1.343602e+00 1.449005e-02
      endloop
   endfacet
   facet normal 2.910541e-01 9.567066e-01 0.000000e+00
      outer loop
         vertex 3.875208e+00 1.282602e+00 3.236060e-03
         vertex 3.875208e+00 1.282602e+00 -3.236060e-03
         vertex 3.610847e+00 1.363027e+00 -9.921567e-03
      endloop
   endfacet
   facet normal 2.910541e-01 9.567066e-01 -6.708578e-08
      outer loop
         vertex 3.610847e+00 1.363027e+00 -9.921567e-03
         vertex 3.875208e+00 1.282602e+00 -3.236060e-03
         vertex 3.779532e+00 1.311709e+00 -9.201963e-03
      endloop
   endfacet
   facet normal -6.454797e-04 -1.614232e-02 -9.998695e-01
      outer loop
         vertex 3.610847e+00 1.363027e+00 -9.921567e-03
         vertex 3.779532e+00 1.311709e+00 -9.201963e-03
         vertex 3.681324e+00 1.341587e+00 -9.620913e-03
      endloop
   endfacet
   facet normal 9.539445e-03 4.536396e-02 9.989250e-01
      outer loop
         vertex 3.681324e+00 1.341587e+00 -9.620913e-03
         vertex 3.779532e+00 1.311709e+00 -9.201963e-03
         vertex 3.678043e+00 1.342585e+00 -9.634910e-03
      endloop
   endfacet
endsolid uav